symbol,num_deals,total_volume,min_price,max_price,mean_open_pos,max_open_pos,buy_count,sell_count,buy_volume,sell_volume,num_trading_days,std_close_price,mean_price,mean_volume,buy_share_cnt,buy_share_vol,has_direction
IMOEXF,13806019,208345893,2454.5,3384.0,1141496.9788121518,1693404,6845945,6960074,103414571,104931322,285,188.32870015468154,2834.6893789585542,15.090946419818776,0.4958666940846597,0.49636001704146865,True
CRM5,13413615,379300520,10.803,14.993,13925802.501576338,28673304,6706626,6706989,186212021,193088499,117,1.2757806815750545,11.633570580935862,28.277277974654858,0.4999864689720109,0.49093531693550013,True
SiZ5,13264137,67285337,75176.0,115381.0,2963795.995004434,11036900,6571113,6693024,32958974,34326363,247,10361.158562364137,81936.1972996811,5.0727263296511484,0.4954044880567805,0.48983887826852973,True
SiM5,11983866,49597439,73406.0,108762.0,5180782.561599642,8755404,5897421,6086445,24052337,25545102,117,9423.601095759284,85982.2197288421,4.138684377812636,0.49211339646154256,0.4849511887095622,True
CRZ5,11781414,476124418,10.65,15.814,9583554.639247369,37418514,5873065,5908349,239946827,236177591,245,1.2374881439527219,11.528203951664885,40.4131811342849,0.49850255665406545,0.5039582468967176,True
CNYRUBF,10576632,547484449,10.603,14.016,12431284.465426974,16416492,5275404,5301228,268645665,278838784,255,0.7848106918729656,11.556608802877891,51.763590621286625,0.4987791954943691,0.49069095111412014,True
CRU5,10127946,370186570,11.152,15.229,11070924.222988965,39020362,4971098,5156848,180020299,190166271,182,1.2357583887875063,11.488515960886838,36.551001555498026,0.49082982867404706,0.486296137107297,True
SiH5,10087951,39894198,80567.0,106685.0,5839816.656649833,7089920,4992401,5095550,19864711,20029487,55,7631.132852166019,93819.91336714463,3.9546383601585693,0.4948875148184205,0.4979348375420406,True
CRH5,9543826,292906339,11.145,14.475,14079635.245715218,19794618,4768293,4775533,144221152,148685187,55,0.9847142069454797,12.832306296971465,30.69066210972413,0.49962069719209046,0.4923797569297399,True
SiU5,9216030,47301422,77188.0,111346.0,3581694.412791602,10100608,4590977,4625053,23452226,23849196,182,9700.625670699876,82544.76424100182,5.132516061688167,0.4981512646985741,0.49580382593994743,True
GLDRUBF,7377102,113363568,7990.7,11377.4,1396400.322489569,1890276,3729514,3647588,56600336,56763232,285,970.2711283469046,9374.669987970887,15.366951412627886,0.5055527224647294,0.499281532846602,True
MXZ5,7099955,16026704,250400.0,385950.0,148555.64375809295,514744,3544653,3555302,7956723,8069981,251,30001.245918351287,270490.8294806094,2.257296560330312,0.4992500656694303,0.4964665847700188,True
GDZ5,6098201,21328588,2840.2,4383.0,148151.27259617925,692744,3019226,3078975,10488007,10840581,274,413.6076897714475,4044.084686500166,3.4975213181723595,0.4951010962085376,0.49173470836419175,True
MMZ5,5955425,23171414,2504.45,3901.35,128190.29804576297,496994,2959741,2995684,11515637,11655777,272,307.9262165842008,2704.325380380074,3.8908077928947136,0.496982331235806,0.4969760153609961,True
MXM5,5685118,11673339,266725.0,357400.0,193558.50362239464,406180,2817773,2867345,5770553,5902786,117,24061.855967780353,293104.39979873766,2.053315164258684,0.4956401960346294,0.49433611068778177,True
USDRUBF,5633621,38947023,75.34,104.44,1185665.8244681726,1674262,2779361,2854260,18973097,19973926,255,6.92385381715516,83.6607559560716,6.91331969260978,0.493352499218531,0.487151405641453,True
NGZ5,5202088,43402200,3.469,5.471,173010.58022778088,1077960,2594015,2608073,21602956,21799244,114,0.2859178890514115,4.5120104554171325,8.343226796624739,0.4986488117848064,0.49773873213800224,True
NGH5,5195713,40079083,2.943,4.659,239536.68243239622,863992,2577374,2618339,19882992,20196091,60,0.4163906575092878,4.089510869826721,7.713875458478942,0.49605780765796725,0.4960939849846365,True
SVZ5,5117435,52002106,31.67,66.73,198196.7270302246,927318,2591545,2525890,25895912,26106194,273,7.69264908297602,52.01842032580775,10.16175212777495,0.5064148347756249,0.4979781395776548,True
NGJ5,4894716,38551456,2.867,4.689,149023.9742001559,658516,2420658,2474058,19131829,19419627,82,0.4241566867457961,3.7179143231190532,7.8761374510799,0.4945451380631685,0.49626735239260483,True
MMM5,4872273,18468303,2667.65,3570.65,128558.34664437738,327500,2427674,2444599,9158855,9309448,117,239.52307230304115,2927.0822283357275,3.7904901880498074,0.4982631309862974,0.4959229334714727,True
MXU5,4761192,10715189,260825.0,380425.0,165331.6746071698,487836,2364758,2396434,5293532,5421657,190,25633.234732787634,288571.8430752215,2.2505265488138266,0.49667352209278687,0.4940213373744504,True
NGN5,4563028,37238823,2.986,4.895,130503.90936481953,910960,2246688,2316340,18317603,18921220,130,0.39047644826388356,3.4969719405622754,8.160989369339832,0.4923677873552387,0.49189532655207713,True
GDM5,4487127,13023807,2708.9,3470.0,202236.12944818646,497994,2232088,2255039,6473256,6550551,118,199.7778243441119,3240.808068993813,2.9024823678937546,0.49744257294255323,0.4970325496991778,True
MXH5,4373951,10091322,285100.0,343400.0,305911.6894686817,387768,2178114,2195837,5045969,5045353,55,14964.307113051978,316481.520643464,2.307141072225089,0.4979740285156372,0.500030521273625,True
NGG5,4369326,38110522,2.95,4.438,303146.6324886831,761060,2183987,2185339,19203176,18907346,39,0.355881805729266,3.5842661371570808,8.722288517725618,0.49984528506227277,0.5038812115982038,True
MMU5,4334023,18160603,2633.4,3703.4,140573.24255606005,480300,2149104,2184919,8968919,9191684,192,253.59121061852,2890.799961063889,4.190241491565689,0.49586815759860986,0.49386680607466615,True
NGV5,4256759,44345169,2.906,4.452,157246.5779622411,849924,2119048,2137711,22003504,22341665,149,0.3708814903740149,3.295922372396464,10.41758976723841,0.497807839250472,0.4961871720457306,True
NGU5,4252465,41234607,2.777,4.872,178351.08286671573,991504,2130382,2122083,20824556,20410051,141,0.4733901232752854,3.0027032763350197,9.696636421463786,0.5009757869847253,0.505026178617393,True
NGQ5,4162415,34556894,2.635,4.863,213674.3800742655,1473438,2062999,2099416,17127505,17429389,136,0.5288530310831517,3.0607415930415396,8.30212604942083,0.49562549625638,0.4956320727204245,True
RIM5,4151902,7084621,88050.0,125890.0,45317.816766274314,105764,2072108,2079794,3531397,3553224,117,9044.296951857266,108686.86230792537,1.7063555450008212,0.4990744001183072,0.498459550623809,True
NGK5,4148975,33217646,3.03,4.804,92011.22541634974,561330,2061322,2087653,16581184,16636462,102,0.3996335781647208,3.4928571480907933,8.006229490416308,0.4968268066209124,0.49916794224370986,True
SiH6,3842391,18173890,77540.0,118199.0,695214.0209657942,9541746,1756380,2086011,8136801,10037089,253,10896.834317720217,81375.36894475341,4.7298387904822805,0.4571060050890188,0.44771928299334923,True
NGX5,3759948,33171917,3.46,4.675,205824.19352433144,779562,1869301,1890647,16545553,16626364,82,0.2695487133763885,4.253490523273195,8.822440363536943,0.49716139691293604,0.49878193653987496,True
RIH5,3749235,7257258,86030.0,127830.0,131663.7341007264,172648,1883448,1865787,3660069,3597189,55,12480.695059100246,107077.88251469967,1.9356636753897796,0.5023552804772173,0.504332214729034,True
NGM5,3737755,29386629,3.201,4.898,75400.94181067724,521918,1848656,1889099,14537325,14849304,122,0.3520545474056603,3.7184516226986517,7.862106799402315,0.4945899343322395,0.49469182055553224,True
NGF5,3718324,33471771,3.346,4.315,353703.59252200014,659944,1858710,1859614,16755879,16715892,19,0.23505528776033421,3.861415615745158,9.001843572534293,0.4998784398562363,0.5005973242348007,True
GZM5,3707223,19763344,12189.0,19379.0,547737.9693021633,1338582,1806058,1901165,9557350,10205994,117,1939.35623496582,14451.633209547956,5.331037275070855,0.4871727435873159,0.4835897204440706,True
GDU5,3501909,11081516,2767.5,3708.9,218429.44568705585,728430,1755823,1746086,5589248,5492268,193,212.55099475370616,3411.9538791841824,3.1644214626936336,0.5013902417224434,0.5043757550862175,True
RIZ5,3399735,6038806,90450.0,125880.0,25300.727201488826,98342,1702145,1697590,3025981,3012825,262,6043.677317988469,103883.1384681453,1.7762578553916701,0.5006699051543724,0.501089288180478,True
SRM5,3275139,10269813,28357.0,34777.0,221246.41214188372,476144,1621660,1653479,5081401,5188412,117,1487.3347658538942,31447.92218803538,3.1356876761566457,0.49514234357686804,0.4947900219799523,True
MMH5,3175626,12991285,2851.2,3433.85,150596.65784113578,189596,1585024,1590602,6477521,6513764,55,149.9712424341382,3160.382557738222,4.09093671609944,0.4991217479640235,0.49860510334428043,True
CRH6,3008673,93167958,10.96,16.298,2845699.235669693,37109342,1403867,1604806,41817689,51350269,252,1.3016758811630456,11.571792118984016,30.96646195847804,0.4666067066776615,0.44884196131034665,True
SRH5,2853875,11583222,28037.0,33119.0,638789.2055923286,786776,1419580,1434295,5794849,5788373,55,1576.677376904275,30513.406143226315,4.0587699180938195,0.4974219263282379,0.5002795422551687,True
SRZ5,2736611,9921312,27891.0,34024.0,163318.12549934338,428458,1352944,1383667,4886205,5035107,164,1260.042982766808,30424.489699851387,3.6254009064496198,0.49438667022824945,0.49249585135514334,True
GZH5,2673515,14493098,12588.0,18650.0,690313.5222089246,825728,1296090,1377425,7109730,7383368,55,1696.0521410970437,16038.89154577401,5.420989970132952,0.48478875188656134,0.4905597133200921,True
GZZ5,2635422,16549146,11580.0,20839.0,425779.32407047646,1578752,1317649,1317773,8097430,8451716,273,2245.0773313375194,12545.845523790877,6.2795051418710175,0.4999764743559096,0.4892959431260078,True
SRU5,2583057,8915060,27553.0,34876.0,447173.3990190083,1326156,1276028,1307029,4370075,4544985,148,1246.6875956734734,30760.722114146145,3.451360151943995,0.49399916455579573,0.49019019501831734,True
GZU5,2529686,15288468,11979.0,19521.0,587942.1013566597,1603214,1230287,1299399,7510302,7778166,192,1959.2188624601988,13299.214421078348,6.043622805360033,0.48633980660050297,0.4912396716270067,True
RIU5,2430839,4611624,89910.0,125220.0,26013.378718451484,81978,1208840,1221999,2295143,2316481,190,7089.649355689828,110947.87562236743,1.8971326360980716,0.4972933213594154,0.4976864982921418,True
BRN5,2415694,14571348,58.52,79.19,55325.84284010446,492258,1207085,1208609,7307167,7264181,119,5.239912406267155,71.43084622472878,6.031951066649998,0.49968456269709655,0.5014750179599032,True
GDH5,2132993,8266949,2650.1,3049.9,278845.4068607719,379586,1067986,1065007,4133685,4133264,56,96.54074422467754,2863.9127769758265,3.8757506470954195,0.5006983145279895,0.5000254628400393,True
SVH6,2128415,14892371,32.24,79.55,62424.83721252308,782374,1063623,1064792,7405229,7487142,236,9.864475192163287,66.95149062565335,6.996930109964457,0.49972538250294235,0.49724983348856944,True
BRQ5,1820514,8955653,58.69,79.5,46621.14503594367,517598,910749,909765,4532282,4423371,140,4.90862664286187,69.83366756311679,4.919299164961104,0.500270253346033,0.5060805727957526,True
SVU5,1779425,16199104,30.51,42.95,224770.24922903985,712482,890738,888687,8230097,7969007,193,2.6818420701139134,38.49790156932717,9.103560981777822,0.5005763097629853,0.5080587790534588,True
EuM5,1762596,5476095,88620.0,109792.0,1090392.2647777626,1820920,852833,909763,2558399,2917696,117,5902.700847195501,96272.6558320795,3.1068350319642164,0.48385052502104847,0.46719404977452,True
SVM5,1699274,15769166,29.76,37.4,340978.2108956904,771332,843511,855763,7862695,7906471,118,1.3485317934597953,33.710812258646925,9.279943081574837,0.4963949310117144,0.49861197478674524,True
BRX5,1692763,7986564,60.21,79.49,42266.651910327084,310316,835728,857035,3914225,4072339,218,4.364771348957144,64.70128618123151,4.71806389908097,0.49370644325283575,0.4901012500494581,True
PTZ5,1669712,4645841,1000.0,1986.0,55376.018571639484,189298,830694,839018,2275984,2369857,206,218.6520339419627,1617.3295716866144,2.7824205611506656,0.4975073545617448,0.4898970929052458,True
EuU5,1658370,7507985,92540.0,111557.0,697780.8722358077,1854914,818251,840119,3702799,3805186,178,5226.682571221535,95765.00867418006,4.527328038978033,0.49340677894559115,0.4931814594728146,True
VBU5,1566740,14674815,6960.0,10484.0,438843.9347570288,1750978,766945,799795,7203770,7471045,147,730.0209166953945,7991.090437468884,9.366464761223943,0.48951644816625606,0.49089341160348526,True
BRK5,1564176,9006946,58.61,79.0,56800.89727679419,274054,777669,786507,4507327,4499619,85,4.366961962132445,66.39592134772558,5.75826889045734,0.4971748703470709,0.5004278919846972,True
EuZ5,1551056,6038539,87594.0,117252.0,611015.3969006756,2079808,712989,838067,2934430,3104109,222,5638.137235425188,95895.76954990665,3.893179227571409,0.4596797278757182,0.485950326726382,True
BRZ5,1437570,6585084,59.95,81.92,27170.527363728095,250426,709124,728446,3226948,3358136,248,4.6954792793486195,63.653332060351836,4.580704939585551,0.49327963160054816,0.4900390032989708,True
NGF6,1422120,7937162,3.491,5.008,49367.47843817763,385992,712232,709888,3998012,3939150,112,0.23422098195514215,4.046967903552443,5.581218181306782,0.5008241217337496,0.5037080004162697,True
SVH5,1368949,13803235,29.96,34.48,749253.2421706925,893766,679582,689367,6768678,7034557,56,0.9589073868853932,32.3743668244763,10.083089289666745,0.49642609038028446,0.4903689606095962,True
BRU5,1367880,6939765,59.34,79.51,39229.72541357117,252378,685426,682454,3474410,3465355,170,4.6845875947432996,67.9377458329678,5.0733726642687955,0.5010863526040296,0.5006523996129552,True
PDZ5,1364607,3870148,992.7,1710.0,32649.172307880315,118010,686672,677935,1938960,1931188,202,169.27367415846928,1427.1657020812586,2.8360898046104115,0.5032012879898755,0.5010040959673894,True
EuH5,1360846,4359092,87733.0,108844.0,1116043.6596049308,1584358,685170,675676,2235264,2123828,55,6259.426723139827,99054.97242083233,3.203222113303048,0.5034882712665504,0.512782019741726,True
VBZ5,1359639,14315733,6555.0,9375.0,806278.1753440351,1861140,686354,673285,7066008,7249725,166,676.8814824025121,7269.723067667226,10.52906911319843,0.5048060551366944,0.4935833882903516,True
SFM5,1341339,6296857,487.48,641.9,237693.11560664937,527942,658431,682908,3111500,3185357,118,27.70867458612928,555.4160254417415,4.694456062188604,0.49087590832742506,0.4941354075533238,True
CCZ5,1321020,14138648,392.0,725.0,321823.6219089949,949934,648380,672640,6854551,7284097,140,98.77886635217656,500.81521680216804,10.70282660368503,0.4908177014731041,0.4848095093675152,True
BRV5,1319434,6952336,59.65,83.1,36174.030017315235,255732,656877,662557,3458475,3493861,195,4.412743418546756,67.49595600083066,5.269180572882009,0.49784756190912166,0.49745509998366017,True
NAM5,1300616,15909984,16568.0,22576.0,468635.6532191034,948416,632822,667794,7814763,8095221,118,1230.8323544673754,19678.829872152888,12.232652835271901,0.4865556013458238,0.491186100501421,True
BRM5,1278033,7455780,58.34,79.19,52728.948600533105,244636,631680,646353,3697666,3758114,105,5.22422723310829,64.32716099662528,5.83379302412379,0.49425953789925614,0.4959462323190867,True
VBM5,1250667,7616166,6860.0,11214.0,203362.83623304788,470672,614517,636150,3662728,3953438,117,700.6590488329292,9087.356380235506,6.089683344967126,0.4913514148850174,0.4809149380410038,True
GAZPF,1209539,8694574,112.0,182.49,230245.45595559644,352820,607538,602001,4282770,4411804,285,15.25952061451244,135.12133482260595,7.188337044113501,0.5022888885765568,0.49257962494769725,True
PTU5,1175270,3039472,953.8,1495.0,25144.451944938297,104428,588517,586753,1514299,1525173,180,165.8848444969217,1376.425961013214,2.5861904073106605,0.5007504658504003,0.4982112024720083,True
GLZ5,1148058,15230499,8887.9,11658.2,363546.0243140047,1242216,571377,576681,7537208,7693291,271,635.0419632820742,10481.096899721095,13.266314942276436,0.49769001217708514,0.4948759722186384,True
NAZ5,1131828,10439770,16733.0,26095.0,296286.61385376204,1019574,560570,571258,5179217,5260553,274,1869.8035512871058,24767.866447021985,9.223813158889866,0.49527843453245546,0.49610451188100885,True
NRZ5,1114203,64653337,3.807,5.469,439297.81698957103,2082198,559077,555126,31668214,32985123,101,0.295908889510081,4.517270413919187,58.026532866991026,0.5017730162277431,0.4898156146217171,True
VBH5,1095653,7370256,7800.0,10096.0,345411.8828202024,515156,543032,552621,3645261,3724995,55,486.93257437404225,9078.351167751103,6.726815880575328,0.49562407075962917,0.4945908256103994,True
GLM5,1088776,10081899,8281.5,9810.0,297623.03690289566,815908,551639,537137,5262900,4818999,117,406.8249018874758,8770.111268800929,9.259846837182304,0.5066597720743293,0.5220147513876106,True
GDH6,1085858,2853681,3012.9,4590.0,41357.73386951577,382708,541033,544825,1406310,1447371,235,389.91780768230194,4294.158859998268,2.6280425248973622,0.4982539153369962,0.49280560791483,True
PDU5,1031980,2583667,953.01,1354.92,32325.69799814121,107494,516968,515012,1278670,1304997,180,81.08483161511097,1189.9053749781974,2.5036018139886433,0.5009476927847439,0.4949051096755116,True
BRG5,1008953,5234575,73.89,82.44,203412.46553258522,355854,507292,501661,2633330,2601245,22,2.0218482500722774,78.81959288490148,5.18812571051377,0.5027905165057243,0.5030647187211952,True
BRH5,1008587,5071950,72.5,81.02,90792.69307780072,209540,500658,507929,2502775,2569175,42,1.9670899906610457,75.59721913925124,5.028767969446364,0.4963954522515162,0.49345419414623565,True
EDM5,1003879,7096228,0.9996,1.1597,679260.9764470309,1574660,505504,498375,3505224,3591004,117,0.048185569810172926,1.1010731186726688,7.068808093405679,0.5035507267310104,0.49395594391837466,True
BRF6,978077,5714734,58.9,86.64,30579.139707414754,347244,487063,491014,2814264,2900470,257,4.642141788075127,62.01421449435985,5.842826280548464,0.49798022037119777,0.49245756670389207,True
GLU5,963896,11941777,8473.4,10164.7,381017.75993111986,1304642,493384,470512,6310121,5631656,192,414.2096602797497,8960.539155780292,12.389072057566377,0.5118643505108434,0.5284072043884256,True
BRJ5,960725,4977465,68.62,79.77,62997.740682560136,242078,477478,483247,2497890,2479575,63,2.5441817401841655,71.69090674230398,5.180946680892035,0.49699757995263993,0.5018397919422839,True
MXH6,946134,2013439,260375.0,420000.0,41050.84003685179,452280,482145,463989,1012329,1001110,196,24044.77838551593,281655.6688851685,2.128069596906992,0.5095948354038645,0.502786029276278,True
CCU5,888125,5844214,610.0,920.0,100147.68378027348,450016,442441,445684,2881604,2962610,142,79.28303071682096,674.1978822800845,6.580395777621393,0.49817424349049966,0.4930695556322886,True
SBERF,882519,4522694,270.42,331.61,96993.41986402,187048,440131,442388,2231014,2291680,285,12.09206694877475,302.6690133696838,5.1247553877027014,0.4987212739895685,0.49329315668935375,True
EDU5,880948,7480119,1.003,1.1936,461646.5673012059,1946918,467878,413070,3918805,3561314,173,0.055069403161267634,1.1576728665029037,8.490988117346314,0.5311073979394925,0.5238960770543891,True
GKM5,827662,13551604,1007.0,1604.0,529322.0209017514,1116772,363392,464270,6668649,6882955,117,138.17787542831874,1193.4538652251765,16.37335530687648,0.43905845622971695,0.4920929655264425,True
SFZ5,815448,3929776,505.0,716.45,134257.65871689448,450144,410519,404929,1998991,1930785,273,37.45442628186768,668.378968640551,4.819161982125163,0.5034275637441014,0.50867810277227,True
MMH6,799604,2645611,2607.2,3855.25,28880.671852674706,404976,401739,397865,1314812,1330799,264,295.4450920376232,2813.193177747985,3.3086515325085917,0.5024224491123106,0.4969785807512896,True
CCN5,790990,4613133,648.8,1184.5,41720.74125966912,225980,394132,396858,2260754,2352379,137,138.98593662542964,783.2805984904993,5.832100279396705,0.4982768429436529,0.4900691135503789,True
UCM5,765886,3998424,7.192,7.57,231910.86963055958,727152,379318,386568,1905906,2092518,116,0.0729348701058781,7.343040439438767,5.22065163744996,0.4952669196198912,0.4766643057364602,True
NAH5,756496,8136582,19115.0,22207.0,737781.0997746348,899938,367380,389116,3875572,4261010,56,802.8208441440763,20853.02447203951,10.75561800723335,0.485633764091284,0.4763145015929293,True
SFU5,738643,2813005,498.52,664.33,173185.00615393376,486350,366395,372248,1386468,1426537,193,30.89817035126352,626.8717033939264,3.808341783513822,0.496038004827772,0.49287790103465867,True
EDZ5,735727,4354403,1.0682,1.1871,288350.11457311455,896940,414835,320892,2216650,2137753,185,0.026453624121132713,1.164428381315352,5.918503738479083,0.5638436539640382,0.5090594508592797,True
IBZ5,726713,16303234,47.38,77.6,880828.4547040906,1854806,353845,372868,7822787,8480447,120,7.143650526876296,57.57891947715261,22.434212680934564,0.48691161435119507,0.4798303821192777,True
NAU5,703820,7650871,16759.0,24850.0,415613.05085191265,1241400,348686,355134,3779603,3871268,193,1509.5051951039318,22727.500856753148,10.870493876275184,0.4954192833394902,0.4940095055843969,True
EDH5,703135,5788120,1.0106,1.0956,696939.8517893802,989574,369682,333453,2974935,2813185,55,0.022504597809312746,1.0475438086569435,8.231875813321766,0.5257624780447567,0.5139725852262911,True
SFH5,696264,3073174,553.65,614.9,384496.7512955239,456138,345216,351048,1493304,1579870,56,16.552928206447106,589.0464994743373,4.413805682901888,0.4958119334045707,0.4859158641847159,True
EURRUBF,646750,2447611,88.0,107.24,96743.55797935979,192646,315754,330996,1177795,1269816,255,4.142883191993754,95.19418823347507,3.7844777734827986,0.4882164669501353,0.4812018739905974,True
RBZ5,607969,7232322,11362.0,12505.0,613544.6334775538,1485050,305854,302115,3419973,3812349,161,288.15058027000157,11786.616241946547,11.895872980365775,0.5030749923104632,0.47287344230525136,True
NRX5,602030,30561294,3.514,4.67,565518.4662820334,2188346,297479,304551,15014932,15546362,69,0.2857037973960923,4.249149235087952,50.76373934853745,0.4941265385445908,0.49130550558494024,True
PTH6,574664,1386244,1400.0,2555.5,12705.59551558024,106010,284204,290460,686941,699303,105,235.78893527122307,2178.119217838598,2.4122687344256817,0.49455681928918466,0.4955411889970308,True
GKZ5,569270,14741571,1105.0,1436.0,434659.800832833,1171248,284427,284843,7326617,7414954,166,63.05789802319211,1302.918592232157,25.89556976478648,0.4996346197762046,0.4970038132299468,True
NRV5,568678,38237873,2.891,4.427,282714.9029203004,2161954,280885,287793,19338288,18899585,153,0.399911861419519,3.3042973457738825,67.23993718765277,0.4939262640721111,0.5057364984710316,True
GKU5,567882,15821598,1048.0,1577.0,643462.8770118501,1439722,275647,292235,7795861,8025737,145,97.092811682739,1199.702503336961,27.860714021574903,0.4853948531561134,0.49273537350651936,True
TBM5,567169,6370073,2944.0,3956.0,213119.3884213623,423178,271409,295760,3113406,3256667,117,222.39214296370565,3314.427549813195,11.231349033533215,0.47853285352337666,0.488755152413481,True
UCU5,553423,4111482,6.836,7.627,158588.32580945507,1112172,288284,265139,2196705,1914777,139,0.12319204922638982,7.184271793908096,7.429185270579647,0.5209107680743301,0.5342854474372015,True
CCK5,544075,2190545,694.6,1139.2,33803.635882454844,94498,274246,269829,1097878,1092667,93,151.52443993500077,766.9416918623351,4.026182052106787,0.5040591830170473,0.5011894300276871,True
RMH5,532652,1880365,860.0,1277.5,33010.16754781136,99932,266792,265860,949495,930870,55,124.88242483900619,1052.794078497781,3.5301941980880573,0.5008748676434145,0.5049524959249932,True
CCH5,524367,2111290,646.9,1189.4,87203.11000180713,126736,259887,264480,1018167,1093123,52,169.76669297965603,954.3837796810249,4.026359400953912,0.4956204337801578,0.48224876734129374,True
GZH6,521916,2534141,12095.0,21728.0,77130.2735503987,1262410,267559,254357,1253275,1280866,283,2416.0538832597504,13279.07025268434,4.855457583212624,0.5126476291203949,0.4945561434821504,True
KCX5,521242,10309518,2.799,4.335,218327.6544567835,1014364,259332,261910,5088769,5220749,136,0.3901470745947152,3.8239398168221284,19.778755357396374,0.49752706036735334,0.4935991187948845,True
LKZ5,514113,1465269,48955.0,70120.0,25908.584382461522,91776,254959,259154,727082,738187,163,4392.089110822273,55767.14201352621,2.850091322335751,0.49592015763071545,0.4962105934132231,True
GKH5,510646,12109754,1155.0,1521.0,803432.6478918031,1069006,255478,255168,6011616,6098138,55,78.05449188678168,1324.736674721823,23.714577221793572,0.5003035370883155,0.49642759051917984,True
YDM5,495811,4427056,3873.0,5369.0,155800.20651503437,289060,247246,248565,2168526,2258530,117,292.7066888843743,4316.568026929616,8.928918479017206,0.4986698560540206,0.4898347795916745,True
NRN5,495021,23050533,2.943,4.842,203998.6719818775,1758254,241527,253494,11264234,11786299,129,0.383646513929416,3.4722919330695063,46.56475785875751,0.4879126340094663,0.4886756414699825,True
EuH6,494724,1639781,90591.0,120031.0,214006.67913521462,1748048,186733,307991,707108,932673,170,5979.04224487451,95617.52572747633,3.3145369943645346,0.3774488401613829,0.43122099841381256,True
UCH5,494502,3311316,7.24,7.448,489500.20328276575,936958,237021,257481,1422036,1889280,55,0.03963227436972514,7.358520946325798,6.6962641202664495,0.47931252047514467,0.42944738587316944,True
SSH5,492389,10992861,1000.0,1573.0,466707.1033963034,582086,251514,240875,5510232,5482629,55,141.1776467650879,1337.3028154568847,22.325561700200453,0.5108034501176915,0.5012554966354983,True
BTZ5,492027,4284625,85000.0,108177.0,271396.5733243277,412896,243300,248727,2096437,2188188,35,2593.793942626661,89926.61671615583,8.708109514315272,0.4944850587467761,0.4892929953029728,True
NRK5,473982,21285717,2.98,4.798,120300.76676834424,819874,236716,237266,10377543,10908174,102,0.3889965832475847,3.4774824086146734,44.90828132713901,0.4994198091910663,0.4875355150122498,True
NRJ5,471179,18795543,2.834,4.685,148043.26455922896,1056066,228298,242881,8961007,9834536,82,0.4290026394782594,3.664844044407752,39.89045139957426,0.48452498944138,0.4767623366880116,True
RMM5,468035,1852598,879.5,1259.5,17364.523952729032,57490,232760,235275,932101,920497,117,90.12808451330326,1086.9811905092567,3.958246712318523,0.49731323512130504,0.5031318181278399,True
RMZ5,443952,1446699,923.5,1273.0,15171.877385997457,58782,220752,223200,724791,721908,253,62.189753409513585,1039.1695093163225,3.258683371175262,0.49724294518326306,0.5009964063015181,True
IBU5,443719,9392981,59.05,72.06,734190.2053672099,976888,219785,223934,4533406,4859575,87,2.688684864971633,65.35625073526263,21.168759958442166,0.49532474381308894,0.4826376205807294,True
NRH5,442454,14110468,2.956,4.878,148831.37879071804,594066,220893,221561,7108947,7001521,60,0.41171114469572806,4.100969043109566,31.891378538785954,0.4992451192666356,0.5038066065562106,True
UCZ5,435589,2744741,6.668,7.86,45485.50928815515,186500,206857,228732,1346006,1398735,150,0.13325145763543644,7.104890823689304,6.301217432028817,0.47489032092178635,0.49039453995841503,True
RIH6,431511,705928,95660.0,130290.0,4240.663560558437,62792,216184,215327,353724,352204,234,5857.079156566515,109796.56212703732,1.6359443907571303,0.500993022194104,0.5010765970467244,True
SSM5,424058,7514892,991.0,1671.0,245724.36337646347,533616,203005,221053,3626505,3888387,117,159.799331686053,1290.043890222564,17.721377736064408,0.4787198920902329,0.482575797496491,True
NRQ5,419342,25374731,2.634,5.45,321120.58191955555,2408554,207345,211997,12215605,13159126,132,0.5729782271176349,3.0198404118833793,60.51082648530316,0.4944532147984223,0.4814082561111682,True
NRM5,418450,18195475,3.005,4.821,111923.38881081891,812330,207850,210600,8953011,9242464,122,0.33105091466703906,3.7214052049229296,43.483032620384755,0.4967140638069064,0.4920460169355293,True
GLH5,418218,3237292,7993.3,9347.1,194388.57977387012,279200,206736,211482,1580361,1656931,55,385.94698498479875,8719.975952732786,7.740680697626597,0.4943259257133839,0.4881737575726873,True
MNM5,415836,2906465,3651.0,5798.0,138086.93383484884,352826,198785,217051,1375655,1530810,117,521.6057708318085,4545.896956973422,6.989450167854635,0.4780370145922912,0.4733086412532062,True
YDZ5,413227,4379929,3762.0,4900.0,143971.2466251126,327930,201616,211611,2092624,2287305,163,214.76685307921605,4151.056174935326,10.599329182265437,0.48790616295643796,0.47777578129691145,True
ETZ5,407854,11312212,20.61,39.36,363718.394983576,874568,199450,208404,5400255,5911957,120,5.070277020896143,26.970424146876088,27.735934917887285,0.4890230327519161,0.47738276121416395,True
SRH6,406776,1295152,29999.0,34314.0,38870.25397785449,292936,201806,204970,631129,664023,105,756.8279483519331,31406.520431392215,3.183943988829233,0.49611088166460166,0.48730110442635305,True
MNH5,405414,2729429,4648.0,5561.0,406930.4339247384,532380,174105,231309,1239076,1490353,55,192.00490664325244,4997.540297079036,6.732448805418659,0.429449895662212,0.4539689436874892,True
NRU5,399898,23071818,2.776,5.875,264685.0830881416,1366578,197640,202258,11275736,11796082,143,0.5279462388948355,3.036083403767961,57.69425703554406,0.4942260276370474,0.4887233420443937,True
CCH6,398306,3052976,425.8,686.7,69258.71499697142,332832,194505,203801,1484597,1568379,99,66.49706306297163,494.18240272554266,7.66490085512144,0.4883305800063268,0.4862786343554617,True
SSU5,380843,10589420,1062.0,1914.0,474914.3379388248,1430098,188245,192598,5153327,5436093,141,106.3465788487188,1254.8624104946132,27.805211071228825,0.4942850465940033,0.48664865497827076,True
YDU5,376315,3739055,4014.0,5178.0,158933.4501564621,484554,190769,185546,1854981,1884074,142,215.43340199290432,4351.544934429932,9.935971194345163,0.5069396649083879,0.49610957848975207,True
PIM5,370440,2569784,4270.0,8732.0,43261.72534666803,109656,183076,187364,1268977,1300807,117,1058.171445181537,5339.559029802397,6.937112622826908,0.49421228808983914,0.49380687248422434,True
RBU5,369516,4725726,10925.0,12285.0,409493.75598519616,1084342,188141,181375,2255173,2470553,143,344.9445844979595,11753.764562292296,12.788961777027247,0.5091552192597885,0.4772119670078206,True
NRF6,368623,17141302,3.497,5.007,307821.36279862566,2252714,183391,185232,8258976,8882326,100,0.2403244028097409,4.025334938405905,46.50090200557209,0.49750286878463906,0.4818173088602021,True
PIH5,353764,2088286,4849.0,8410.0,108347.58060833323,218704,177413,176351,1049942,1038344,55,762.616006299352,6891.040346106443,5.903048359923565,0.5015010006671115,0.5027769184872187,True
YDH5,348250,3692724,3963.0,4818.0,332932.89881669456,416836,174033,174217,1844515,1848209,55,232.15550779160887,4412.764390524048,10.603658291457286,0.49973582196697774,0.4994998272278134,True
PDH6,338038,795485,1158.2,2082.73,12931.885771204885,100284,171040,166998,403212,392273,108,188.16596138392697,1753.1981043551316,2.353241351564025,0.5059786177885327,0.5068756796168375,True
PIZ5,336394,2807820,3692.0,7184.0,45032.0424467176,135798,168743,167651,1417882,1389938,165,1095.0930249678936,4687.765938155853,8.34681950332051,0.5016230967258631,0.5049761024567102,True
SEU5,332075,3808183,1795.0,4687.0,91773.11711723078,355050,137112,194963,1879034,1929149,141,380.7626846026478,2474.1332560415567,11.467840096363773,0.41289467740721225,0.49342009036855633,True
NRG5,318910,11012766,2.953,4.435,212813.22467583683,506644,161116,157794,5496842,5515924,39,0.3516553298119555,3.5742544824558653,34.53252014674987,0.5052083659966762,0.4991336418116938,True
RMU5,318679,1179029,897.5,1284.0,10988.156540280497,37502,157038,161641,594895,584134,187,66.07223379152053,1107.9305931674191,3.6997386084429786,0.4927779991778561,0.5045635009825882,True
VBH6,310657,2635663,6774.0,7830.0,243310.1209197028,1123216,159075,151582,1323924,1311739,93,163.08103444657996,7514.984684072788,8.484157768857616,0.5120599246113882,0.5023115625935486,True
EDH6,298798,1213446,1.1341,1.185,99513.42116281303,630232,194328,104470,712471,500975,132,0.007847861869587601,1.167605705861485,4.061091439701738,0.6503657989678646,0.5871468528471807,True
GLH6,297482,3250725,9157.8,12021.7,76458.85289182128,924314,149382,148100,1603790,1646935,221,723.7109124625373,11230.695681083225,10.927467880409571,0.5021547522203024,0.49336378807804415,True
TBU5,296578,3923212,3088.0,4110.0,139353.8215816556,395550,133720,162858,1875462,2047750,192,214.43487739836425,3380.547997491385,13.228263728260357,0.4508763293298896,0.4780424815176952,True
LKM5,275756,659772,59062.0,81000.0,64719.96597703303,244580,134896,140860,327709,332063,117,5736.337250290592,65088.55220194665,2.392593452182364,0.48918609205239416,0.49670037528115774,True
SSZ5,273470,7332054,848.0,1620.0,312878.25598824717,666844,137232,136238,3621698,3710356,164,185.69778704422646,1041.8273997147767,26.811182213771165,0.5018173839909313,0.49395408162569454,True
SVM6,273254,748001,37.02,80.49,8600.45262190405,64488,135967,137287,367875,380126,168,9.79852672461803,68.37943279878795,2.7373835332694125,0.4975846648173494,0.49181083982508045,True
SEZ5,273178,3563789,1807.0,3737.0,66553.79440840802,207002,133350,139828,1758097,1805692,157,263.9385938673616,2400.926549722159,13.045666195667295,0.4881432619024958,0.49332241611386085,True
TBZ5,272956,4243144,2886.0,3940.0,207691.75721677687,565708,133510,139446,2090540,2152604,167,207.41444040900615,3128.31038335849,15.54515746127581,0.4891264526150735,0.4926865550638866,True
WUZ5,272203,6779128,779.0,2224.0,201449.57799701858,674598,129459,142744,3327204,3451924,162,316.7590774802962,983.1728856772336,24.904677758878485,0.47559725645933365,0.4908011767885191,True
VKH5,272159,2878041,3038.0,3734.0,103826.61850295674,168444,134568,137591,1406236,1471805,55,145.9445215381633,3360.6320422988033,10.57485146550362,0.49444626119290563,0.4886087446287249,True
VKM5,270983,2495037,2392.0,3903.0,79888.6067241131,156680,133630,137353,1210239,1284798,117,437.7179206327169,2931.5446098094712,9.207356181015045,0.4931305653860205,0.4850585382100546,True
RBM5,263932,3089215,10515.0,11587.0,346810.6714756307,794122,135869,128063,1437775,1651440,105,229.9471503223992,11070.249943167179,11.704586787505873,0.5147878999136141,0.4654175899055262,True
SEM5,262557,2794856,878.0,3542.0,47331.44849182473,115218,129088,133469,1364567,1430289,108,553.6671830639217,2558.840152804915,10.644759042798325,0.4916570497073017,0.488242328048386,True
PIU5,260801,1689624,4340.0,7350.0,41952.30305538301,112792,130670,130131,840813,848811,143,656.2393189461579,6295.253112526409,6.478594790664146,0.501033354933455,0.49763320123293703,True
MNZ5,257597,3268110,2848.0,4160.0,147201.46059762978,323034,130761,126836,1600688,1667422,163,432.7203841385897,3200.4493258850066,12.686910173643327,0.507618489345761,0.4897901233434615,True
RBH6,252924,2498292,11530.0,13000.0,326358.89230281464,1243526,129307,123617,1154573,1343719,124,305.83000131816254,11955.147886321583,9.877639132703894,0.5112484382660404,0.4621449374212462,True
LKU5,248709,592060,58275.0,79700.0,20766.89470099909,50140,122397,126312,285410,306650,139,3151.692799140874,63825.1365772851,2.3805330727878764,0.49212935599435487,0.48206262878762285,True
ALM5,244793,1073725,4436.0,6926.0,114305.68901660995,221202,114042,130751,528524,545201,117,686.6336567010007,5296.815039645741,4.386256959962091,0.4658711646166353,0.49223404503015206,True
NRF5,243701,9289026,3.351,4.307,237966.7733122479,417658,121542,122159,4583694,4705332,19,0.2337076946737262,3.8695409005297474,38.11648700661877,0.498734104496904,0.4934525966446859,True
MNU5,242295,2469048,3239.0,5880.0,124473.58456249478,278718,115699,126596,1173244,1295804,145,550.693524173881,3766.5533873996574,10.190255680059431,0.47751294909098413,0.4751807174263117,True
RNM5,241710,513503,40900.0,63295.0,21250.539139853412,45286,117793,123917,249878,263625,116,6654.2511923551265,47563.77849902776,2.124459062512929,0.4873319266890075,0.4866144891071717,True
TNM5,227133,2496866,1200.0,1394.0,143526.5920369711,290386,100884,126249,1220653,1276213,117,38.586928819798295,1291.0648034411556,10.992968877265742,0.44416267121026004,0.4888740525122293,True
IBH6,222522,2216345,49.65,78.17,255378.556090158,998038,105415,117107,944536,1271809,102,7.793525131414268,55.734257736313715,9.960116303107108,0.4737284403339895,0.4261683086342605,True
WUM5,217801,1798418,1471.0,2865.0,75962.46791527214,198122,102027,115774,846956,951462,117,263.7168451538869,2070.059246743587,8.257161353712792,0.4684413753839514,0.47094501945598854,True
RNU5,217502,503283,39768.0,64586.0,14228.839781745875,42448,106737,110765,245238,258045,187,6592.85543093832,45066.94703037213,2.313923550128275,0.49074031503158594,0.4872765422237588,True
SZH5,213395,4193776,1200.0,2170.0,207024.0454018309,276256,107015,106380,2092558,2101218,55,268.85165073142116,1713.2034536891679,19.65264415754821,0.5014878511680217,0.4989675175784305,True
RNZ5,206198,519375,37661.0,66231.0,11209.991349274513,39326,105423,100775,257790,261585,266,7756.9847244270795,42140.35591518832,2.5188168653430196,0.5112707203755613,0.4963465703971119,True
AFZ5,205855,1464564,5018.0,7705.0,57797.5557543283,178902,101771,104084,706473,758091,161,586.0044298875433,5687.734327560662,7.114541789123412,0.49438196789001965,0.4823776905618327,True
VKU5,205343,2713431,2525.0,4210.0,74641.02586721793,157702,104772,100571,1348936,1364495,144,313.2801088058843,3200.5713123895143,13.214139269417512,0.5102292262214928,0.4971329656070119,True
PSH5,202318,2881554,1469.0,2222.0,144059.6641482554,281992,97996,104322,1426271,1455283,55,224.50747889726978,1697.731437637778,14.242697140145712,0.4843661957907848,0.4949659107550995,True
AFH5,200467,1123465,5923.0,7982.0,47166.03014772051,62742,99106,101361,562888,560577,55,599.2769369315379,7038.983189253094,5.604239101697536,0.49437563289718506,0.5010285144619547,True
PTM5,197826,512923,919.3,1335.8,22084.182573528597,55126,100382,97444,260088,252835,118,75.23238474053329,1099.5628850606088,2.5927987221093285,0.507425717549766,0.5070702620081377,True
RNH5,197174,404700,52134.0,62917.0,32339.425429040362,53322,94564,102610,198317,206383,55,2068.064145466555,55801.19612626411,2.0525018511568462,0.47959670139064986,0.4900345935260687,True
S1H6,191651,1814515,49.4,79.88,32613.549767974073,134766,95137,96514,909915,904600,37,8.082953441430696,71.41726419376889,9.467808673056755,0.4964075324417822,0.5014645786890712,True
PSM5,191382,1775740,1099.0,2322.0,99351.48695803464,212332,83347,108035,852876,922864,117,349.96420578198797,1416.4724791255187,9.278511040745734,0.43550072629609893,0.480293286179283,True
AFU5,182197,1374534,5513.0,10300.0,50432.83338367056,183314,89430,92767,658096,716438,146,652.6654815072293,6341.142746587485,7.5442186205041795,0.4908423300054337,0.47877753478633484,True
LKH5,180832,384997,70816.0,81015.0,18790.335531936882,25242,89409,91423,189060,195937,55,2077.3762073997855,74892.36005242435,2.1290313661298885,0.4944312953459565,0.49106876157476553,True
PDM5,178760,385637,916.67,1104.88,16358.156261955466,39412,89060,89700,184806,200831,118,36.779857320842005,1011.7866616133363,2.1572891027075407,0.4982098903557843,0.47922268869429024,True
MEU5,177277,683694,16813.0,23901.0,42140.946515986856,270540,86135,91142,339068,344626,144,1200.5928173219475,18033.253400046255,3.8566424296440034,0.4858780326833148,0.4959353160917018,True
BRG6,176975,514513,58.64,77.5,7112.470320909358,84714,88847,88128,259157,255356,227,4.15797333091213,61.46227320242973,2.9072637378160757,0.502031360361633,0.503693784219252,True
TIH5,176018,469328,27700.0,36818.0,42984.3244899782,95138,88106,87912,241199,228129,55,2222.0520518682983,32169.15523980502,2.6663636673522024,0.5005510800031815,0.5139241639109535,True
PDH5,175782,340548,920.0,1070.45,25716.387759571142,48068,87716,88066,162688,177860,56,30.966760224976145,991.2019522476704,1.9373314673857391,0.49900444869213,0.4777241387410879,True
ALH5,175472,986748,5546.0,6649.0,192944.2222953916,227884,82531,92941,463239,523509,55,230.2398442029223,6037.763329762013,5.623392905990699,0.47033714780705754,0.4694602877330382,True
NAH6,174458,1197272,22884.0,26175.0,94546.7733090484,584794,90200,84258,633452,563820,110,580.3181737078457,25137.386293549163,6.8628093867865045,0.5170298868495569,0.5290794405949525,True
AFM5,174057,1023472,6101.0,9577.0,29299.228465709253,68006,85049,89008,492356,531116,117,541.4851488009092,7169.520226132819,5.880096749915258,0.4886272887617275,0.48106445510966594,True
EHZ5,172798,2344695,2778.6,3916.0,118201.79018450696,192200,87169,85629,1177711,1166984,35,137.28698059909698,3024.0293371451057,13.568993854095533,0.5044560700934039,0.5022875043449148,True
KCG6,172304,2023179,3.257,4.187,54453.963202991115,160854,86487,85817,999843,1023336,129,0.1506547957760061,3.703948132370694,11.74191545175968,0.5019442380908162,0.4941940381943466,True
X5Z5,171436,3014427,2333.0,3497.0,188253.3983543528,965290,72975,98461,1480019,1534408,163,208.31345544796002,2726.1754823957626,17.583395552859375,0.42566905434097857,0.4909785508157935,True
BMN5,166231,1664795,58.74,82.6,5978.718531913707,93032,82862,83369,791222,873573,116,5.4949048247429655,72.00427044293784,10.014949076886982,0.4984750136857746,0.47526692475650156,True
WUH5,164325,1453782,1740.0,2751.0,84313.17595957736,132794,79009,85316,703417,750365,55,191.82705278927205,2137.7390902175566,8.846992240985852,0.4808093716719915,0.48385314992206535,True
MCH5,159465,801211,10118.0,13249.0,46186.97963424027,78964,79054,80411,399521,401690,55,567.1749176448014,11363.375888125922,5.024368983789547,0.4957451478380836,0.4986464239757068,True
ALU5,154807,781237,4462.0,6767.0,72360.50938781814,168504,75018,79789,375122,406115,142,499.5187039249602,4798.269690647064,5.046522444075526,0.4845904900941172,0.48016414993145484,True
UCH6,151960,629793,6.675,7.588,11607.861633492688,153810,75400,76560,315118,314675,94,0.06989992274150206,7.019420788365359,4.144465648854962,0.4961832061068702,0.5003517028610988,True
RTM5,148865,544013,5265.0,8625.0,30341.14297283401,93616,72970,75895,269429,274584,117,859.1899525685546,6638.065797870554,3.654404997816814,0.49017566251301514,0.4952620617522008,True
MEZ5,147508,516643,14790.0,21155.0,13287.097889214147,33180,73336,74172,255187,261456,158,1051.455697349091,17136.229919733167,3.5024744420641594,0.4971662553895382,0.49393294789632297,True
SPU5,145307,430396,27736.0,34908.0,18676.089052379382,59446,71013,74294,209243,221153,144,1223.979162025821,30514.83463976271,2.961977055475648,0.488710110318154,0.48616390486900435,True
TNH5,144709,2275232,1130.0,1327.0,199684.83087761284,282500,69486,75223,1141440,1133792,55,39.62091411132288,1207.243295164779,15.722809224028913,0.48017745959131775,0.5016807077256298,True
AKH5,140647,400642,13616.0,19711.0,26596.483956322616,45192,71330,69317,202032,198610,55,1589.9475007744302,16333.881575860132,2.848564135744097,0.5071562137834437,0.5042706456137899,True
MEH5,140500,438808,19828.0,24905.0,27306.309128950015,35178,70102,70398,216586,222222,55,1145.6907586596465,22065.09531672598,3.123188612099644,0.49894661921708183,0.49357805691783196,True
ALZ5,139376,734912,3833.0,5614.0,72223.96889891087,149784,75022,64354,361658,373254,162,420.1148415170288,4335.213150040179,5.27287337848697,0.5382705774308346,0.49211062004702605,True
NMU5,139289,617685,10612.0,17500.0,32902.91268252344,77000,67176,72113,310587,307098,144,1458.3067652591546,11960.943240313305,4.434556928400664,0.4822778539583169,0.5028242550814735,True
RTH5,138177,507938,6357.0,8228.0,106055.12450527288,120306,66901,71276,241753,266185,55,405.2732444827835,7049.896350333268,3.675995281414418,0.48416885588773817,0.4759498206474018,True
PXZ5,137291,537619,20012.0,24630.0,52862.092001329926,92822,67831,69460,274403,263216,96,978.3992565172457,22158.029936412437,3.9159085446241924,0.49406734600228713,0.5104042081846065,True
MEM5,135026,466626,17668.0,24313.0,22288.78297638901,53028,65527,69499,227918,238708,117,1443.5922755308382,19721.673966495342,3.455823322915587,0.4852917215943596,0.48843827819281393,True
NGG6,134329,556756,3.043,4.346,14487.402824117375,78976,67324,67005,274335,282421,106,0.2133461844736621,3.4680865189199652,4.144719308563303,0.5011873832158358,0.49273829110058986,True
SFH6,133513,542534,650.89,703.0,43083.958461116854,265152,67771,65742,292960,249574,111,10.114647806310431,682.7371507643451,4.063529394141394,0.5075985110064188,0.5399845908274873,True
TNU5,133346,2900761,1110.0,1405.0,813125.021569396,2032518,66358,66988,1413430,1487331,143,68.05035548410376,1300.2931321524454,21.75364090411411,0.4976377244161805,0.48726179095761424,True
WUU5,130903,1912792,1058.0,2822.0,74385.85531042887,183384,63220,67683,914333,998459,142,374.6887675927642,1519.3566915960673,14.612285432724995,0.4829530262866397,0.47800963199344204,True
GKH6,129484,2790347,1265.0,1685.0,155375.63162458682,1220960,65702,63782,1457028,1333319,103,72.86910284110373,1464.1402180964444,21.549743597664577,0.5074140434339378,0.5221673146744832,True
VKZ5,129028,1317488,2533.0,3845.0,55157.36409285717,107828,65564,63464,649616,667872,159,351.14882017418245,2913.917607031032,10.210868958675636,0.5081377685463621,0.49307166365082644,True
RBH5,127549,1540348,10282.0,11090.0,320189.7378372979,495798,67659,59890,748072,792276,42,149.1624565487919,10664.784310343475,12.076519612070655,0.5304549624066045,0.4856512943828278,True
PSU5,127535,1628380,1154.0,1687.0,62192.347742508704,175594,59968,67567,788873,839507,138,96.53492666393242,1364.479272356608,12.76810287372094,0.4702081781471753,0.48445264618823614,True
BTF6,125871,839701,87000.0,109368.0,82407.66640978583,318112,61485,64386,384345,455356,39,2539.661088677805,90439.88659818386,6.671123610680777,0.4884762971613795,0.4577164967053749,True
BMQ5,125339,1030523,59.7,80.98,12743.93697593352,92150,63817,61522,521860,508663,107,4.050930438608477,69.48592816282243,8.221886244504903,0.5091551711757714,0.5064030594174026,True
SPM5,124763,335483,28559.0,34720.0,10039.416104502478,23442,63019,61744,166821,168662,117,1416.0943832906291,31280.524626692208,2.6889622724686006,0.5051096879683881,0.4972561947997365,True
MCM5,124666,596247,8226.0,13322.0,22032.692657834392,45906,60579,64087,293040,303207,117,1312.7000365436272,10066.57398970048,4.782755522756807,0.48593040604495213,0.49147417093922485,True
ETH6,124578,1509459,22.19,38.96,129691.1352990939,582078,61113,63465,724293,785166,100,4.806023336723551,25.807638828685644,12.116577565862352,0.49056013100226364,0.4798361532178085,True
SPZ5,123951,401820,28655.0,33659.0,13583.159295245707,35800,62354,61597,198971,202849,159,1282.3717904276598,30209.668481900106,3.241764890964978,0.5030536260296408,0.49517445622418,True
AKM5,121301,355523,13384.0,20800.0,9191.047465189395,20376,59788,61513,175946,179577,117,1646.3402069205124,16341.16093849185,2.930915656095168,0.49288958870907906,0.4948934386804792,True
NKU5,120771,199922,100080.0,142438.0,6592.996740400778,17464,59691,61080,98503,101419,140,8943.384776870726,117571.37437795497,1.655380844739217,0.4942494473010905,0.4927071557907584,True
MCZ5,119027,585750,6317.0,9634.0,27355.230060186503,56308,60304,58723,290407,295343,157,993.1088212367403,7237.808060356054,4.921152343585909,0.5066413502818689,0.49578659837814765,True
SCZ5,118977,3039381,1204.0,1848.0,195094.73417281557,441574,59707,59270,1458276,1581105,160,197.51399560314618,1316.00496734663,25.54595426006707,0.5018364894055154,0.4797937474768711,True
NKM5,117987,175211,93026.0,140378.0,6258.701219367713,13122,57541,60446,84871,90340,117,11360.39214402082,118279.25590107385,1.4850025850305542,0.4876893217049336,0.484393103172746,True
NKZ5,117172,209329,103333.0,134585.0,46995.85513007602,94322,57888,59284,101560,107769,160,6672.816660378058,114406.82360120166,1.7865104291127574,0.49404294541358,0.4851692789818898,True
NMZ5,116377,569760,9703.0,13960.0,27508.941552275217,58990,58821,57556,288300,281460,160,1052.6707781345358,10728.23500348007,4.895812746504894,0.5054349227080952,0.5060025273799494,True
PTH5,115867,357219,940.0,1047.6,39445.48159360043,58054,57162,58705,160447,196772,56,21.2774106635524,995.2632708191289,3.083008967177885,0.4933415036205304,0.44915583997491737,True
SZM5,114771,1934564,1220.0,2219.0,90175.22078610386,152974,56521,58250,961738,972826,117,197.46950206052546,1642.0464141638568,16.85586080107344,0.4924676094135278,0.49713423799884626,True
RUH5,113730,1849315,1155.0,1703.0,76269.32908420103,125418,56023,57707,924951,924364,55,131.5860077708773,1524.46003692957,16.26057328761101,0.4925965004836015,0.5001587074132855,True
SNH5,111488,322963,23622.0,30630.0,24622.06851236864,31296,55779,55709,160979,161984,55,1599.8816166221143,27816.556615958667,2.8968409156142365,0.5003139351320322,0.4984440942151268,True
MCU5,107796,481097,7469.0,13365.0,17667.517447175578,42182,53214,54582,237265,243832,143,1199.5242709130157,8745.980713570078,4.463032023451705,0.49365468106423244,0.4931749730303868,True
SOH5,107221,574956,5750.0,6921.0,47998.460055409116,87966,43536,63685,274622,300334,55,194.61725019656961,6383.941429384169,5.362345063000718,0.40603986159427724,0.4776400281064986,True
NKH5,107103,157556,88510.0,137008.0,8987.704608765283,11194,54040,53063,78437,79119,55,12590.050105055623,118701.08529172852,1.4710699046712044,0.5045610300365069,0.4978356901673056,True
NMM5,106941,368449,10998.0,18691.0,25629.963345276832,49844,51420,55521,180362,188087,117,1842.273408661302,13377.596684152944,3.445348369661776,0.48082587595029036,0.4895168666491156,True
NMH5,105912,380680,13990.0,17090.0,62201.73941976017,78958,54638,51274,199558,181122,55,617.7969728505468,15474.379399879144,3.594304705793489,0.515881108845079,0.5242145634128402,True
CEZ5,105082,1816706,9602.0,11995.0,49011.23608451555,265704,53500,51582,904669,912037,155,581.4719039054412,10934.032098741935,17.28846044041796,0.5091262062008717,0.4979721539973997,True
RLH5,104742,830998,3416.0,4440.0,32467.74632356306,75346,52624,52118,408010,422988,55,256.9298427737503,3983.009556815795,7.933761050963319,0.5024154589371981,0.4909879446159919,True
RLU5,104620,1015348,2872.0,4810.0,33845.24110360867,76214,52860,51760,502125,513223,143,405.66799274630506,3327.1855285796214,9.705104186580003,0.5052571210093673,0.4945348786819888,True
YDH6,104138,671268,3942.0,5000.0,38186.17236105764,233278,51356,52782,316736,354532,98,181.61415397961525,4564.3808504100325,6.445946724538593,0.4931533157925061,0.47184730986729595,True
LKH6,103364,212329,49204.0,68401.0,17787.496437376427,219490,57502,45862,111982,100347,98,4529.238654973838,55666.41587012886,2.0541871444603537,0.5563058705158469,0.5273985183371089,True
ETU5,101632,2849550,27.29,36.78,130364.54433082085,204670,49697,51935,1435577,1413973,44,1.8728967484738648,33.92822536209068,28.03792112720403,0.48898968828715367,0.5037907739818568,True
CRM6,99918,1145885,11.253,16.435,62645.516885850615,764532,49049,50869,521953,623932,244,1.2951868510581863,11.982374907424088,11.468253968253968,0.49089253187613846,0.4555020791789752,True
RTU5,98947,578762,5248.0,8057.0,28508.09389272694,88892,50406,48541,297211,281551,139,638.8282550608427,6527.729370268932,5.8492122045135275,0.5094242372179045,0.5135288771550309,True
SNM5,96733,263549,21637.0,32100.0,14291.979977134944,30510,47203,49530,128979,134570,116,3096.4192301432,25103.39644175204,2.724499395242575,0.48797204676790756,0.48939286432504014,True
TTZ5,96202,184093,52537.0,75083.0,8353.362663307213,19562,48622,47580,92346,91747,151,5177.417252351293,60228.65198228727,1.913608864680568,0.505415687823538,0.5016268951019321,True
RUM5,95319,1541951,1050.0,1787.0,52150.66198870551,121318,46214,49105,758345,783606,117,182.61770223465885,1414.8438296666982,16.17674335651864,0.48483513255489463,0.49180875397467233,True
RLZ5,93299,842988,2888.0,3924.0,46866.355757196536,94862,46986,46313,416842,426146,160,220.44133396824205,3204.035788164932,9.03533799933547,0.5036066838872871,0.494481534731218,True
RTZ5,92739,498516,5405.0,7683.0,21184.368902111888,58410,46648,46091,233849,264667,158,552.6949892926734,6188.285068849135,5.3754731019312265,0.5030030515748498,0.46909025989135755,True
TTM5,91408,152017,60863.0,81350.0,8512.030219800685,38108,48699,42709,76497,75520,112,4189.011751051855,67632.09360231052,1.6630601260283564,0.53276518466655,0.5032134563897459,True
RLM5,91342,618548,2993.0,4677.0,29153.554660102498,63234,44961,46381,294337,324211,117,455.8851346207405,3765.4187011451468,6.771780779925993,0.4922270149547853,0.47585151031124506,True
SPH5,90888,240321,28075.0,32795.0,10551.361467654036,14830,46018,44870,121630,118691,55,1461.7122962597834,30335.20815729249,2.6441444415104303,0.5063154651879236,0.5061147382043184,True
X5M5,88623,724264,3076.0,3847.0,51814.70584525242,94862,43706,44917,368435,355829,100,133.99046249791053,3478.709996276362,8.172415738578021,0.49316768784627013,0.508702627771089,True
CEH6,86437,669299,9978.0,13307.0,44844.120520048025,270588,44291,42146,353160,316139,102,678.0112466847006,12092.173212860234,7.743200249892985,0.5124078808843435,0.5276565481197492,True
TNZ5,86249,1491031,1226.0,1463.0,106904.53554186075,260198,43614,42635,745832,745199,164,51.694891561515064,1310.632146459669,17.287516377001474,0.5056754281209057,0.5002122692284735,True
BMU5,85918,560143,58.24,113.95,7917.439376545402,41788,43309,42609,283852,276291,131,3.4549949000321885,67.9848323983333,6.519506971763775,0.5040736516213133,0.506749169408526,True
SGZ5,84531,180625,37779.0,51000.0,10651.13168587385,24698,41002,43529,85746,94879,156,4306.356159182263,40309.13151388248,2.1367900533532076,0.4850528208586199,0.474718339100346,True
BMX5,83452,585216,60.22,77.05,5144.520326887695,28580,41041,42411,286564,298652,116,2.5406752163003166,64.48479389349566,7.012606048986243,0.4917916886353832,0.4896721894138233,True
BBH5,82905,1242022,81.01,148.7,29754.811299718534,55746,41340,41565,591738,650284,56,22.94459539607553,123.25660249683371,14.981267716060552,0.4986430251492672,0.4764311743270248,True
MVZ5,82437,5538299,516.0,837.0,874188.5017993689,1164042,43390,39047,2948117,2590182,78,45.7448220522141,613.3592076373473,67.18219974040782,0.5263413273166175,0.5323145247304272,True
NRG6,81393,1308204,3.07,4.343,64404.432069311384,497552,40740,40653,652684,655520,100,0.22263714987631902,3.5531909623677707,16.072684383177915,0.5005344439939553,0.49891607119378933,True
X5U5,80630,1016890,2710.0,3999.0,99998.44641148657,472184,37667,42963,482557,534333,144,210.47580638594775,3009.4685724916285,12.611807019719707,0.46715862582165446,0.4745419858588441,True
SSH6,80028,1318336,892.0,1497.0,82918.04707727395,415576,40854,39174,608938,709398,102,90.97550289908914,1006.9686734642875,16.473434297995702,0.5104963262858,0.4618989392688965,True
MTU5,78408,264667,19000.0,27500.0,21900.045807643874,116880,39933,38475,133428,131239,145,1404.3606049091106,21228.161220793798,3.3755101520253037,0.5092975206611571,0.5041353852199179,True
BMK5,77477,434057,58.61,80.8,3238.443776283097,17708,38761,38716,205072,228985,82,4.458593595557493,66.03303677220336,5.60239813105825,0.5002904087664727,0.4724540786117952,True
ASZ5,76529,3644444,265.0,484.0,218449.92628170335,612604,37718,38811,1786992,1857452,163,66.90358266660469,307.6300618066354,47.621738164617334,0.4928589162278352,0.49033323052844274,True
SHH6,75757,1833285,646.6,1329.8,74195.02752154328,440616,38647,37110,898711,934574,96,121.1345535040749,985.9806935332709,24.199545916548967,0.5101442770965059,0.4902189239534497,True
AKU5,73035,256208,14175.0,21589.0,10100.838560234306,25636,35485,37550,123434,132774,140,1126.4539348860867,16246.849086054632,3.5080167043198465,0.4858629424248648,0.4817726222444264,True
BMM5,72032,457262,58.44,79.72,4441.805438576219,22338,35906,36126,218691,238571,101,5.309882911576633,64.75779889493559,6.348039760106619,0.4984729009329187,0.47826191548827585,True
KCQ5,71676,976649,2.75,3.972,35039.28488810111,106560,35926,35750,495849,480800,69,0.2893155716514403,3.11862504883085,13.62588593113455,0.5012277470841007,0.5077044055745719,True
MNH6,70760,645429,2969.0,3881.0,42364.43774006321,227826,35777,34983,326240,319189,98,161.93269258632034,3190.6843555681176,9.121382136800452,0.5056105144149237,0.505462258435862,True
SHZ5,70596,1317449,1029.6,1948.0,36669.376560323864,133480,34823,35773,621052,696397,153,212.81303609415792,1509.3846931837497,18.661808034449543,0.4932715734602527,0.471404965201689,True
PHM5,69321,347611,5695.0,7640.0,19945.15966553453,52844,34865,34456,171093,176518,116,456.9264113096589,6483.374965739098,5.014512196881176,0.5029500439982112,0.4921967371573397,True
SCU5,69029,1600792,1342.0,2087.0,117166.35554782754,362362,32611,36418,705274,895518,144,136.49827877588842,1639.5285025134365,23.190137478451085,0.47242463312520827,0.44057816380891457,True
SiM6,68788,173795,80000.0,123594.0,7830.559016791244,138490,31359,37429,73054,100741,245,11079.507114831174,84622.55272721987,2.5265307902541143,0.45587893237192534,0.42034580971834634,True
S1Z5,68292,412757,48.38,66.72,18503.78536411507,39732,34579,33713,216176,196581,26,4.920972652449289,59.33252313594564,6.044002225736543,0.5063404205470626,0.523736726451641,True
BMV5,68196,463135,61.27,80.87,4925.674351288756,36132,34544,33652,231112,232023,127,2.6421265575113484,67.55313493460027,6.791234089975951,0.5065399730189454,0.49901648547399785,True
AKZ5,67922,266979,12360.0,18861.0,10744.727805787414,23880,34192,33730,133128,133851,163,1803.1325632135577,13782.705868496216,3.930670474956568,0.5034009599246194,0.49864596091827446,True
BMZ5,65991,486124,59.98,68.93,6061.507967557085,24342,32705,33286,243107,243017,72,1.8413762756208716,63.59285735933688,7.366519676925641,0.49559788456001574,0.5000925689741712,True
BMF6,65845,471852,58.91,68.97,7711.212324984989,41428,33027,32818,239494,232358,88,1.7427222456537168,61.786490697851015,7.166102209734984,0.5015870605209204,0.5075616930732518,True
BMH5,65769,204734,72.54,80.95,12891.748500793734,36458,32258,33511,94224,110510,42,1.9400166432467407,75.46122109200383,3.112925542428804,0.49047423558211317,0.46022644016138015,True
TTU5,64964,120513,61660.0,77414.0,6933.945209574118,15634,32018,32946,58099,62414,136,2859.750688586585,67958.06117234161,1.8550735792131026,0.4928575826611662,0.48209736708902773,True
BBM5,64420,805073,84.35,152.85,26888.351674051784,79392,31871,32549,393579,411494,118,17.520395944783967,122.27679230052779,12.497252406085067,0.494737659112077,0.4888736797781071,True
HSM5,63888,1313848,18850.0,25600.0,43668.08004490744,103964,31928,31960,637478,676370,118,1331.4566121830778,22800.741391184572,20.5648635111445,0.4997495617330328,0.48519920112524434,True
SNZ5,62174,191440,20051.0,27264.0,12223.29065798415,25928,30973,31201,93206,98234,151,1440.9859248699433,21725.585582397787,3.079100588670505,0.49816643613085854,0.4868679481821981,True
FLM5,61937,245815,7264.0,11418.0,8189.855586599239,20436,30516,31421,122550,123265,117,1017.3084387123675,8889.045061917755,3.968790868140207,0.4926941892568255,0.4985456542521815,True
AFH6,61271,346700,5249.0,6900.0,16846.75762962574,84570,30910,30361,169475,177225,96,339.5968493166411,6038.696528537154,5.6584681170537445,0.5044800966199344,0.4888231900778771,True
SZZ5,59297,1220301,1141.0,2197.0,66790.4101499565,143268,30564,28733,615482,604819,167,196.75958360942508,1319.8671770915898,20.579472823245695,0.5154392296406226,0.5043690040408063,True
BBZ5,58793,743181,110.71,193.95,9646.455569655349,37754,28935,29858,367230,375951,161,21.828062492974606,165.92977820488832,12.640637490857754,0.4921504260711309,0.4941326540909953,True
MGH5,58102,118341,33316.0,43334.0,5173.841907229146,8210,29307,28795,58774,59567,55,1991.7121435152867,38679.81293242917,2.036780145261781,0.5044060445423565,0.4966495128484633,True
SCM5,57453,938710,1425.0,2015.0,60274.801360248195,121628,27446,30007,443014,495696,117,128.56801317279312,1715.5536525507807,16.33874645362296,0.47771221694254434,0.47193915053637436,True
EHF6,57380,374738,2741.0,3629.0,34236.0487884248,114330,28884,28496,193644,181094,39,130.0471586839997,3072.645843499477,6.5308121296619035,0.5033809689787382,0.5167450325293939,True
SNU5,57266,201467,21305.0,32966.0,14409.284780000226,34240,27609,29657,94631,106836,139,1827.2742776289772,23019.639105228234,3.5180910138651207,0.48211853455802745,0.4697096795008612,True
SOM5,57151,296892,5076.0,7239.0,23637.902931456494,49280,28683,28468,143921,152971,117,595.6039862682187,5924.960840580217,5.194869731063323,0.5018809819600707,0.4847587674979454,True
TTH5,56163,96851,65790.0,78159.0,5477.629615216966,7556,28664,27499,48888,47963,55,2515.6152833595256,71344.53882449299,1.7244627245695565,0.5103715969588519,0.504775376609431,True
PHH5,55631,301589,6413.0,7494.0,84811.17177545474,89316,28034,27597,147613,153976,55,244.2835976775272,7000.622225018425,5.421239956139562,0.5039276662292607,0.48945087519770286,True
SGU5,55213,140915,42210.0,60000.0,14851.60094526433,47962,26629,28584,71313,69602,139,2532.188753351189,45895.531686378206,2.5522069077934546,0.48229583612555016,0.5060710357307597,True
FLH5,55090,235846,8480.0,11009.0,13656.686397809099,21052,27596,27494,118701,117145,55,614.678369813433,9538.901488473408,4.281103648575059,0.5009257578507896,0.5032987627519653,True
SZU5,54953,1000599,1028.0,1773.0,70945.61220776977,129366,28507,26446,507675,492924,100,76.0178182196036,1570.870871471985,18.208268884319327,0.5187523884046367,0.5073710847202526,True
SEH5,53807,593526,1228.0,3499.0,10837.236467231844,50802,27247,26560,297623,295903,55,755.3455641043515,2891.085397810694,11.030646570148866,0.5063839277417437,0.5014489676947598,True
PZH5,53549,70728,145430.0,203000.0,5547.043979277045,7602,28140,25409,37242,33486,55,16966.54212448585,182758.57481932436,1.3208089786924126,0.5255000093372425,0.5265524261961316,True
PHZ5,52109,350850,6205.0,7353.0,13610.662088956129,38278,25508,26601,171877,178973,153,241.56041488316615,6938.126120247942,6.733001976625919,0.48951236830489936,0.4898874162747613,True
MGZ5,51048,130387,24648.0,38280.0,6512.34525345776,13400,25973,25075,66421,63966,142,4496.718592700441,27770.19669722614,2.55420388653816,0.5087956433160946,0.5094142820986755,True
HSU5,50847,791020,19500.0,27600.0,66761.27888274232,191506,26238,24609,430477,360543,192,1465.524345442413,25111.488386728815,15.556866678466774,0.5160186441677975,0.54420495057015,True
RMH6,50768,170072,950.0,1306.5,1754.8198569009617,20260,25135,25633,83640,86432,187,56.36639389837077,1090.364491411913,3.349984242042231,0.4950953356445005,0.49179171174561365,True
X5H5,50722,534954,3000.0,3754.0,64058.702038233416,85054,25297,25425,270930,264024,38,126.46256171831466,3422.7456133433225,10.546784432790504,0.498738220101731,0.5064547605962382,True
ASM5,50442,1195378,321.0,578.0,79514.63646938872,166524,23809,26633,578797,616581,117,59.561131964627265,442.1719400499584,23.69806906942627,0.47200745410570555,0.4841957941337384,True
MGM5,50267,107230,29594.0,46839.0,4312.6990050536115,10606,24716,25551,52318,54912,115,4113.491508634653,34578.68404718801,2.133208665725028,0.49169435215946844,0.487904504336473,True
BMG5,50241,189793,73.84,82.35,11665.796082530976,25378,25612,24629,93136,96657,22,1.997136749149945,78.5879940685894,3.77765171871579,0.5097828466790072,0.49072410468246985,True
OJF6,50214,153184,1.379,2.699,5254.864238588965,22104,24474,25740,73710,79474,111,0.37395361123794935,1.7585866292269088,3.0506233321384473,0.4873939538774047,0.481186024650094,True
MTZ5,50193,114422,20148.0,24135.0,6355.524282710727,15932,24858,25335,57649,56773,157,930.410874547413,21304.64712210866,2.279640587332895,0.49524834140218754,0.5038279351872892,True
HSZ5,49541,891183,20346.0,28294.0,36600.321619999915,164156,26077,23464,440943,450240,269,1420.9710338529176,26375.69201267637,17.98879715790961,0.5263720958398095,0.4947838996031118,True
DXH5,49028,320459,16077.0,19530.0,54571.948077581976,104394,23766,25262,154244,166215,56,939.8685579211785,18223.21185852982,6.536244594925349,0.48474341192787795,0.4813221036076378,True
NBZ5,48988,2166719,365.0,492.0,98361.40896102892,293362,22146,26842,1083028,1083691,154,33.84927670801679,412.6967216461174,44.22958683759288,0.452069894668082,0.4998470036954492,True
BDZ5,48958,833900,89.22,151.59,11194.116039545852,37016,24378,24580,398085,435815,155,16.90671426576871,126.65433391886923,17.032967032967033,0.4979370072306875,0.4773773833793021,True
MTH5,48162,120311,20853.0,26528.0,8312.484251539909,11778,24183,23979,59828,60483,55,1304.3602578102725,23865.24783023961,2.4980482538100577,0.5021178522486608,0.4972778881399041,True
MTM5,47983,124303,20695.0,28039.0,4732.955018960556,10610,23752,24231,60841,63462,117,1690.0551771808236,23002.010378675783,2.5905633245107644,0.49500864889648416,0.4894572134220413,True
PSZ5,47816,1072173,956.0,1566.0,44504.862311723984,95596,23435,24381,534206,537967,165,166.44769791711406,1181.085201606157,22.42289191902292,0.49010791366906475,0.4982460852866095,True
LEZ5,47130,1503513,490.0,727.0,77700.4914816034,198522,22701,24429,723941,779572,160,64.65958239821798,551.8414173562487,31.901400381922343,0.4816677275620624,0.48149966112697395,True
SOZ5,46820,349896,4647.0,5751.0,21065.09095684179,58696,23375,23445,176524,173372,158,249.22433737061237,5002.108863733447,7.473216574113627,0.49925245621529263,0.5045041955323868,True
HSH5,46721,930974,19480.0,25479.0,117149.6761865482,160304,23934,22787,470752,460222,56,1617.6333722287156,22396.632841762806,19.92624301705871,0.5122749941139958,0.5056553673894223,True
FLU5,45831,226702,7517.0,11861.0,7748.922952377189,17978,22862,22969,111029,115673,140,628.1490672757743,8525.123038991076,4.946477275206738,0.4988326678449085,0.48975747898121763,True
ASU5,45329,1419440,367.0,553.0,67832.61370215353,179624,23175,22154,714993,704447,141,25.915154602958413,409.93829557237086,31.314169736813078,0.5112621059365969,0.5037148452911007,True
SCH5,44439,811061,1440.0,1898.0,105794.92997338738,179590,22062,22377,400729,410332,55,118.94773489379133,1674.3457998604829,18.251108260761942,0.4964558158374401,0.4940799767218495,True
CHZ5,43993,68005,85950.0,120349.0,2305.033718938947,5742,21714,22279,33427,34578,147,9545.003162190595,94949.80687836702,1.5458141067897166,0.493578523856068,0.4915373869568414,True
PHU5,43808,284963,5948.0,7710.0,13468.58318963084,36398,22272,21536,140166,144797,142,332.37849935951056,6720.76392439737,6.504816471877283,0.508400292184076,0.4918743836919179,True
DXM5,43375,300374,15863.0,20202.0,21009.396678694422,55534,20830,22545,143676,156698,117,1136.0091390799087,18280.93219596542,6.925048991354467,0.48023054755043226,0.47832368980004925,True
X5H6,42719,686236,2367.0,3142.0,197376.08363190925,1568732,20401,22318,397588,288648,99,158.03656985281344,2660.6407453357992,16.06395280788408,0.47756267702895666,0.5793750255014309,True
BBU5,42622,451652,102.65,167.94,16730.665182833007,45552,21354,21268,241182,210470,140,12.369460395790998,132.58033128431327,10.596687156867345,0.5010088686593778,0.5339996280322018,True
GDM6,42474,56928,3372.7,4650.3,3443.591694627626,13330,20860,21614,27688,29240,110,276.91123506776654,4300.728377360268,1.3403023025851108,0.49112398172999955,0.48636874648679035,True
HYH5,41401,189471,5070.0,6140.0,13568.272907115626,21620,21035,20366,93539,95932,55,215.5650674773118,5578.2833023356925,4.57648365981498,0.5080795149875607,0.49368504942708913,True
TBH6,40575,669092,2986.0,3596.0,59598.1091492005,319174,20674,19901,316675,352417,98,108.75358527478485,3302.316130622304,16.490252618607517,0.5095255699322243,0.47329066854782303,True
SVU6,40043,72493,43.19,81.55,2233.11879481844,8098,20318,19725,36581,35912,97,8.948626629639937,67.80075518817272,1.8103788427440501,0.5074045401193716,0.5046142386161423,True
MGU5,39757,90050,29985.0,44805.0,3974.396356022606,11396,19561,20196,43187,46863,139,2406.795332338253,34428.79329426264,2.2650099353572957,0.49201398495862364,0.4795891171571349,True
SGM5,39244,67529,49742.0,64855.0,4773.381531899616,10510,19157,20087,32235,35294,117,4459.439498296001,55096.52321373968,1.720747120578942,0.48815105493833455,0.4773504716492174,True
VKH6,39239,329762,2645.0,3404.0,25929.269143447815,115770,21677,17562,179654,150108,94,152.2219632017284,2998.6343943525576,8.403934860725299,0.5524350773465175,0.5447989762313427,True
HYU5,39059,265674,4322.0,6457.0,16557.910050263003,47134,19834,19225,127648,138026,140,317.4111830842892,4701.8005325277145,6.801863847000691,0.5077958985125067,0.4804685441556193,True
RUU5,39056,866564,1055.0,2002.0,34356.71161629389,114604,19643,19413,438494,428070,142,143.7597679881919,1278.9407005325686,22.18773043834494,0.5029444899631299,0.5060145586477167,True
PZM5,38735,47691,148351.0,202604.0,1973.0265242004343,4136,19461,19274,23758,23933,117,12712.278014398333,182301.53855686073,1.2312120820962953,0.5024138376145605,0.4981652722735946,True
SCH6,38656,657801,1227.0,1700.0,87759.82712247127,419324,19493,19163,329167,328634,99,64.90348351781941,1341.6510502897352,17.01678911423841,0.5042684188741722,0.500405137724023,True
ALH6,38355,221797,4000.0,5488.0,22536.30696805804,122542,21327,17028,118501,103296,101,262.50597843262835,4347.235301785947,5.782740190327206,0.5560422369964803,0.5342768387309116,True
IRM5,37655,77748,30000.0,40406.0,9045.098495515058,59344,20517,17138,39250,38498,116,2786.030566889055,33765.42459168769,2.0647457177001725,0.5448678794316824,0.504836137263981,True
WUH6,37575,430207,807.0,1448.0,19782.622708595583,82094,18218,19357,206636,223571,102,94.74799003261408,976.1325881570193,11.449288090485695,0.48484364604125085,0.4803176145436964,True
HYZ5,37508,258002,3759.0,5699.0,11141.106723352246,26572,19294,18214,123950,134052,152,446.55064950386736,4128.715020795564,6.87858590167431,0.5143969286552202,0.4804226323826947,True
GZM6,36876,97283,12692.0,22620.0,9439.20208640124,31578,17371,19505,43888,53395,280,2514.639633509804,14409.121678056188,2.638111508840438,0.4710651914524352,0.4511374032461992,True
PZU5,36730,48106,174656.0,236633.0,2581.259847261051,7642,18516,18214,23645,24461,127,17253.927868568473,211135.37606860878,1.3097195752790634,0.5041110808603322,0.4915187294724151,True
ASH5,36586,1062655,433.0,551.0,113944.44455203373,169280,17171,19415,508025,554630,55,35.47999863345969,482.01393975837755,29.045399879735417,0.4693325315694528,0.4780714342848808,True
S0Z5,36031,615134,772.0,1341.0,23716.264249776515,55228,17232,18799,304633,310501,151,143.2192635063227,915.9262856984263,17.072354361522024,0.47825483611334685,0.4952303075427468,True
RAH5,35294,421739,2537.0,3247.0,16743.22183362699,80018,17728,17566,224073,197666,55,135.01355961332655,2877.8913696378986,11.949311497704992,0.5022950076500255,0.5313072777239003,True
SGH5,34889,64039,53550.0,63509.0,5279.897235009382,7830,17091,17798,31098,32941,55,2414.4946512418333,58536.532144802084,1.8355068932901488,0.48986786666284504,0.4856103312044223,True
BDH5,34828,562155,78.49,107.36,42230.89934440737,72330,17357,17471,290058,272097,56,5.430729962176157,91.09612122430228,16.140892385437006,0.4983633857815551,0.5159751314139339,True
RNH6,34440,67591,38425.0,71612.0,2382.159844659876,26144,20061,14379,36266,31325,247,8397.882603567256,42130.79994192799,1.9625725900116144,0.5824912891986063,0.5365507242088444,True
NRH6,34269,171843,3.167,4.111,12441.697852637346,50670,16679,17590,78055,93788,100,0.16703282535919337,3.625792990749657,5.01453208439114,0.48670810353380606,0.45422274983560573,True
OJX5,33749,78484,1.683,3.3,3126.1794407267016,8934,15959,17790,36424,42060,113,0.34578389113417196,2.227201931909094,2.3255207561705533,0.4728732703191206,0.46409459252841345,True
CHU5,33220,48527,99907.0,125427.0,2071.690866845183,5052,16094,17126,23247,25280,130,4354.497374845602,107639.36739915714,1.4607766405779652,0.48446718844069836,0.47905289838646525,True
HYM5,32991,152559,4446.0,6455.0,9680.083224213487,20676,16765,16226,73623,78936,117,563.1822994264537,4980.485101997515,4.624261162135128,0.5081688945469977,0.48258706467661694,True
IRZ5,32829,75760,26402.0,36992.0,4289.6279463804585,9754,16504,16325,37471,38289,148,2373.0582335466,29549.5632520028,2.3077157391330836,0.5027262481342716,0.4946013727560718,True
CHM5,32545,46600,94239.0,150220.0,2086.9644986601083,4746,16020,16525,23011,23589,113,16468.41965335325,109311.19453064987,1.4318635735135965,0.49224151175295744,0.4937982832618026,True
S0U5,32473,531292,1017.0,1825.0,21310.54704726479,91510,15199,17274,255353,275939,142,87.94654822743394,1150.8922489452775,16.36103840113325,0.4680503803159548,0.4806264728247367,True
FFQ5,32389,870201,29.48,45.0,61237.31677021772,212084,15382,17007,423120,447081,55,2.766224444394867,32.85780511902189,26.867177128037298,0.47491432276390133,0.4862324911141219,True
FSZ5,32035,183068,6211.0,7989.0,7946.805726544788,18476,16532,15503,90694,92374,146,489.39112069259437,6787.54874356173,5.7146246293116905,0.516060558763852,0.49541154106670743,True
CHH5,32028,43993,117500.0,148275.0,2593.5572212418933,4228,15879,16149,21695,22298,55,5389.428970207874,131852.25999125766,1.3735793680529538,0.4957849381790933,0.4931466369649717,True
RUZ5,31999,599948,923.0,1512.0,38901.684146429754,116030,16752,15247,295214,304734,161,155.87493219750795,1057.1903184474515,18.748960905028284,0.5235163598862465,0.4920659790515178,True
BMJ5,31806,149637,68.73,80.93,2904.0411108591575,15410,15946,15860,73509,76128,61,2.5886643284644846,71.50351128717853,4.704678362573099,0.501351946173678,0.491248822149602,True
CMM5,31654,298472,6035.0,11253.0,9744.909179125123,76510,15951,15703,152899,145573,117,1512.7819324232785,7616.774562456561,9.42920326025147,0.5039173564162507,0.5122725079739473,True
SOU5,31561,226607,4827.0,6696.0,11245.277256836385,23840,15668,15893,111667,114940,139,335.82232835452834,5352.504103165299,7.17996894901936,0.49643547416114825,0.4927782460382954,True
MVH5,31240,781760,861.0,1363.0,54188.65213878249,111472,16012,15228,410536,371224,55,99.77168211566135,1090.4612996158771,25.024327784891167,0.5125480153649168,0.5251432664756447,True
BDU5,31175,538537,80.15,138.88,27577.193657100506,77006,15990,15185,283753,254784,132,9.557526381990664,100.59579887730553,17.274643143544505,0.5129109863672815,0.5268960164296975,True
BSH5,30586,236243,3703.0,4460.0,27384.218259794317,38394,14750,15836,118375,117868,55,90.7133643853784,3926.9503367553784,7.723893284509253,0.48224677957235335,0.5010730476670209,True
MMM6,30582,49269,2726.05,3889.4,2860.2791294761605,20652,15042,15540,23737,25532,265,285.21176757291084,2947.9575845268455,1.6110457131646065,0.49185795566019225,0.4817836773630478,True
TPZ5,30524,135964,4966.0,7517.0,3896.0502878117736,9894,16167,14357,69203,66761,154,531.0525411482164,5677.120429825711,4.454331018215175,0.5296488009435198,0.5089803183195551,True
BDM5,29621,367958,77.3,109.62,34644.18753100025,70062,15360,14261,185664,182294,117,5.606298797504149,91.01949360251173,12.42220046588569,0.5185510279869012,0.5045793269884062,True
NBU5,29588,2333998,404.0,654.0,144143.74299511773,539302,15280,14308,1156918,1177080,142,52.86374010113903,459.04799242936326,78.88326348519671,0.5164255779370015,0.495680801783035,True
BSZ5,29396,359832,3032.0,4195.0,34054.60478446566,79856,13674,15722,173910,185922,156,282.10707069886803,3445.2348959042047,12.240849095114982,0.46516532861613824,0.48330887747615553,True
ASH6,29294,561325,264.0,483.0,59888.407586664915,280314,13804,15490,243934,317391,99,43.043512522973835,298.18191438519835,19.16177374206322,0.47122277599508433,0.43456820914799804,True
LEU5,29285,977866,555.0,856.0,43027.93870633454,119860,14944,14341,474211,503655,140,56.97583330393963,647.8488304592795,33.3913607648967,0.5102953730578794,0.4849447674834793,True
BTG6,29076,103347,88735.0,109000.0,19652.61090969678,36444,13891,15185,49728,53619,39,2704.631154429648,92693.31472692254,3.554374742055303,0.47774797083505294,0.48117507039391566,True
BSM5,29042,225814,3504.0,4400.0,11603.686345762213,25474,14384,14658,110884,114930,117,130.00350433962802,3866.7901659665313,7.775428689484196,0.49528269402933683,0.49104129947656033,True
MVM5,28761,503941,859.0,1345.0,19095.628246545635,45748,14463,14298,245767,258174,117,116.3083730275256,1128.9241333750565,17.521678662077118,0.5028684677166997,0.48769002720556576,True
FSU5,28672,147802,6419.0,8850.0,8146.589348733836,22234,14227,14445,70722,77080,137,472.2288479120513,7131.195591517857,5.154924665178571,0.49619838169642855,0.4784914953789529,True
BRH6,27731,79758,58.58,82.99,3304.747627822142,27830,13386,14345,39048,40710,218,3.8347794854275254,62.146544300602216,2.8761314052865026,0.4827088817568786,0.48958098247197773,True
LEM5,27604,816570,558.0,907.0,38951.71218360064,97258,13510,14094,381351,435219,117,96.459236575147,685.4905448485727,29.581582379365308,0.4894218229242139,0.4670156875711819,True
FEH5,27493,151272,5500.0,7462.0,12613.806842012431,16048,13514,13979,74717,76555,55,434.65687694249294,6504.552140544866,5.502200560142581,0.4915433019314007,0.49392485060024327,True
PIH6,26622,177135,4082.0,5397.0,15697.125707432817,43218,13393,13229,90715,86420,38,192.83695638970354,5056.402561791,6.653707459995492,0.5030801592667719,0.5121235216078133,True
RBM6,26559,113040,11606.0,12888.0,21061.409475194847,63854,13317,13242,58037,55003,108,258.4540713731272,12103.240332843858,4.256184344290071,0.5014119507511579,0.5134200283085634,True
FSH5,26442,110570,7370.0,8930.0,9864.951210480855,16516,13374,13068,54803,55767,55,238.10338274669832,8224.5215944331,4.181605022312987,0.505786249149081,0.4956407705525911,True
NGH6,26392,55073,3.1,4.087,4167.835341437432,19280,12711,13681,25612,29461,108,0.17014492631329275,3.5126117005153077,2.086730827523492,0.4816232191573204,0.4650554718283006,True
NBM5,26214,715194,422.0,624.0,48721.435308300635,113134,12667,13547,332851,382343,117,51.86609354191373,508.2089341573205,27.28290226596475,0.48321507591363394,0.46539959787134677,True
GLM6,26140,81697,9702.6,12421.6,22722.07077585754,153830,13263,12877,44242,37455,110,478.1936139032123,11645.036017597551,3.125363427697016,0.5073833205814843,0.5415376329608186,True
BSU5,26139,224094,3293.0,4283.0,11314.809351014195,30822,12906,13233,111467,112627,140,173.42452531721258,3886.3646658250123,8.573166532767129,0.4937449787673591,0.4974118004051871,True
FLZ5,26050,124774,7124.0,9800.0,4421.466065552666,11330,13224,12826,63544,61230,156,597.9508058804679,8066.845834932821,4.78978886756238,0.5076391554702495,0.5092727651594082,True
SEH6,25475,262627,1951.0,3339.0,14723.974238775954,114286,14288,11187,140083,122544,88,209.85183109418932,2642.6034543670266,10.309205103042197,0.5608635917566241,0.5333914639393512,True
FSM5,25459,105238,6448.0,9395.0,5872.563814412391,12036,12727,12732,51962,53276,117,858.4550593984383,7438.911072705134,4.133626615342315,0.49990180289877845,0.4937570079248941,True
OJU5,25335,58747,2.14,3.301,4058.903483023316,9166,12126,13209,26538,32209,66,0.28777557665215886,2.653876771265048,2.3188079731596605,0.47862640615748964,0.45173370555092174,True
LEH5,25108,767991,692.0,893.0,56781.45255515316,90338,12590,12518,394290,373701,55,36.97006706223103,762.6642106101641,30.587501991397165,0.5014338059582604,0.5134044539584448,True
FEM5,24983,112348,5076.0,7482.0,6041.762401972095,12334,12022,12961,55169,57179,117,426.3916479710588,6333.409758635872,4.496977945002602,0.48120722091021895,0.49105458041086625,True
RLH6,24511,198565,3015.0,3996.0,14076.651159692481,71106,12187,12324,94966,103599,102,171.06664726430833,3388.1139896373056,8.10105666843458,0.4972053363795847,0.4782615264522952,True
NBH6,24231,276508,384.0,551.0,38856.456775609,133174,8449,15782,125069,151439,98,22.805021575234637,424.49527464817794,11.411332590483266,0.34868556807395484,0.4523160270227263,True
CMU5,24196,129749,5779.0,11519.0,8041.52788154615,20318,11447,12749,61825,67924,134,962.4470645957757,7500.06472144156,5.362415275252108,0.47309472640105804,0.47649692868538485,True
SHM5,24120,343136,1188.6,1805.8,17814.598049650765,52586,11734,12386,161661,181475,117,163.67221190596638,1454.5037396351577,14.22620232172471,0.48648424543946933,0.4711280658397836,True
NVH6,23991,152325,11652.0,12997.0,25481.02283426199,60396,11823,12168,76272,76053,34,250.66602369830738,12399.433537576591,6.3492559709891205,0.49280980367637867,0.5007188577055638,True
MCH6,23772,83349,6346.0,8272.0,9309.891887014346,28216,11200,12572,38111,45238,96,481.7152675732395,7402.3288743059065,3.506183745583039,0.4711425206124853,0.45724603774490397,True
PXH6,23486,81445,20402.0,25568.0,5451.966058400062,33606,12350,11136,43069,38376,104,992.3991760509408,23688.48356467683,3.467810610576514,0.5258451843651537,0.5288108539505187,True
FFX5,22868,638957,28.75,39.17,97446.87687454355,294422,12025,10843,338263,300694,59,1.3145170260171914,31.55406069616932,27.9410967290537,0.5258439741122967,0.529398691930756,True
MEH6,22794,73128,16017.0,19998.0,3155.519879353804,17480,11299,11495,36065,37063,98,642.0579358710056,18224.987277353688,3.2082126875493553,0.4957006229709573,0.49317634832075263,True
RAZ5,22613,228195,1576.0,2653.0,6992.118579972058,19050,11356,11257,111123,117072,142,300.9958551951691,1790.1100252067395,10.091319152699775,0.502189006323796,0.4869650956418852,True
S1M6,22582,63236,50.78,80.5,3213.349623721256,12664,10904,11678,32000,31236,37,8.065928741097117,71.94220706757594,2.8002834115667348,0.4828624568240191,0.5060408627996711,True
S0M5,22399,217183,1001.0,1468.0,30343.11164530981,58946,11278,11121,103638,113545,116,115.96457997205826,1169.9695968570024,9.696102504576098,0.5035046207419974,0.47719204541791943,True
KMU5,22387,283748,884.0,1390.0,14529.097963017748,51674,13511,8876,139811,143937,137,111.50036101580683,981.9026220574441,12.674677268057355,0.6035198999419306,0.4927294641724347,True
SHH5,22170,376002,1358.0,1710.0,32724.221944587764,45756,10327,11843,182575,193427,55,97.61707666471906,1516.7186829048264,16.959945872801082,0.465809652683807,0.485569225695608,True
EHG6,22035,80506,2888.1,3597.7,10719.090783548236,26740,10184,11851,33647,46859,39,127.63038714192365,3155.460648967552,3.6535511685954165,0.46217381438620375,0.41794400417360195,True
SPH6,21955,48044,29922.0,33843.0,4813.4263317769855,19404,10754,11201,21502,26542,99,676.7002696903329,31276.39713049419,2.18829423821453,0.48982008654065134,0.447548080925818,True
FEU5,21903,115137,5368.0,7268.0,6690.842377775289,15398,11116,10787,57208,57929,123,341.3634926580247,6227.970825914258,5.2566771675113,0.5075103867050176,0.4968689474278468,True
SGH6,21636,47903,39467.0,46194.0,3744.072245188669,16256,11258,10378,24406,23497,85,999.6872356830778,41726.062534664445,2.2140414124607135,0.5203364762432982,0.5094879235120974,True
FFZ5,21462,382644,26.39,33.36,40086.42556145329,148618,11338,10124,203916,178728,58,1.9832962244948644,28.864560618768053,17.828906905227843,0.5282825458950704,0.5329130993821933,True
FEZ5,21452,150292,4366.0,7059.0,10153.917813967611,22314,10646,10806,71825,78467,144,658.2227677063152,5369.6821275405555,7.005966809621481,0.49627074398657467,0.47790301546323155,True
CRU6,21292,80207,11.516,16.828,14253.328215563986,67080,10519,10773,38200,42007,190,0.7391171933141065,12.376101963178659,3.7670016907758783,0.4940353184294571,0.4762676574363834,True
BNU5,20946,238799,1600.0,2790.0,5346.836719244231,16452,10544,10402,116043,122756,138,225.72699434467418,1775.317864986155,11.400697030459277,0.5033896686718228,0.48594424599768005,True
MVU5,20579,562093,780.0,1657.0,20432.656853210407,113618,10255,10324,285880,276213,141,143.16922451783213,941.0421789202585,27.313912240633655,0.4983235336994023,0.5085991108232979,True
BNH5,20556,244005,2390.0,2901.0,21627.222385177418,31424,10424,10132,122982,121023,55,92.09902444125186,2600.1867581241486,11.87025685931115,0.5071025491340728,0.5040142620028278,True
CEU5,20437,308789,8848.0,10497.0,14335.330703792815,69122,10288,10149,153120,155669,139,211.9637955169392,9767.068013896365,15.109311542790037,0.5034006948182218,0.4958725861348688,True
IRU5,20279,42491,28459.0,38893.0,3756.595300428952,8198,9492,10787,20421,22070,136,1676.4561111441585,32756.99408254845,2.0953202820651904,0.4680704176734553,0.48059589089454235,True
HDZ5,20232,254655,2789.0,3750.0,32294.661156124046,61578,10372,9860,127582,127073,112,281.08062052528146,3173.9549228944247,12.586743772241993,0.5126532226176355,0.5009993913333726,True
BNM5,20109,265134,1768.0,2880.0,7512.774995298683,23480,10042,10067,139100,126034,117,305.43256927946953,2157.52379531553,13.184842607787559,0.49937838778656324,0.524640370529619,True
IRH5,20050,36329,36952.0,40490.0,5829.366170081297,8022,9493,10557,17372,18957,55,796.4031168818506,38769.071471321695,1.8119201995012468,0.47346633416458855,0.47818547166175784,True
MVH6,19817,649128,527.0,736.0,99736.59338490498,411432,10326,9491,375693,273435,64,45.04955109178598,676.84392188525,32.756118484129786,0.5210677700963819,0.5787656671719599,True
PDM6,19802,24206,1200.0,2155.69,1170.8525952130267,8518,9902,9900,11957,12249,99,192.24068479672874,1785.5304782345218,1.2224017775982223,0.5000504999495,0.4939684375774601,True
S0H5,19538,310462,1020.0,1340.0,33866.520482729815,54294,9658,9880,150725,159737,55,34.506506486443755,1233.0006653700482,15.89016275975023,0.49431876343535675,0.485486146452706,True
NMH6,19510,73987,9928.0,13247.0,9175.415492771728,51350,10019,9491,35937,38050,92,488.4676636023047,11125.673705791902,3.7922603792926703,0.5135315222962583,0.48572046440590916,True
ISH5,18656,264748,872.0,1060.0,27392.568250626402,41318,9691,8965,140689,124059,55,26.957479924980436,964.5552101200686,14.191037735849056,0.5194575471698113,0.5314072249837581,True
PTM6,18545,23315,1435.0,2625.4,1015.5946132381838,7646,9076,9469,11325,11990,96,250.4449988643023,2184.325904556484,1.2572121865732002,0.48940415206255056,0.4857387947673172,True
CEM6,18331,100900,11450.0,13748.0,25845.4979900319,70236,9643,8688,62268,38632,26,485.41644135573046,12879.372811085048,5.504336915607441,0.5260487698434346,0.6171258671952428,True
RAM5,18173,142098,2209.0,3337.0,9238.615475068102,17554,9102,9071,71152,70946,111,295.23700414394006,2636.666868431189,7.819182303417158,0.5008529136631266,0.5007248518627989,True
SHU5,18136,284738,1130.0,1819.8,24000.35346295995,65196,7716,10420,129230,155508,140,136.2876268909859,1281.5723864137626,15.700154389060433,0.42545213939126597,0.45385582535523883,True
RTH6,18090,62418,5930.0,7058.0,5273.782458091326,19784,9329,8761,30382,32036,91,230.98428713559903,6430.717357656164,3.450414593698176,0.5156992813709231,0.48675061680925374,True
MYU5,17930,71681,957.6,1455.3,2171.191396681606,9316,8501,9429,35893,35788,177,69.0252142498247,1170.8623926380367,3.997824874511991,0.47412158393753484,0.5007324116572034,True
MYM5,17470,136259,944.6,1365.0,4268.196883492838,12846,8725,8745,67977,68282,115,93.7353071974915,1187.357584430452,7.799599313108185,0.4994275901545507,0.4988808078732414,True
CMH5,17429,69380,8600.0,10929.0,16320.29370672527,26620,8366,9063,32353,37027,55,466.0697011499094,9961.86057719892,3.980721785529864,0.48000459005106433,0.4663159411934275,True
SQZ5,17321,238765,43.0,59.1,13777.024349963931,48824,7879,9442,117104,121661,153,4.237184666842915,52.802914381386756,13.78471219906472,0.45488135788926737,0.4904571440537767,True
CMZ5,17311,88060,6448.0,8921.0,3908.5922930044126,11216,8786,8525,46171,41889,142,605.0916888397214,7594.782277164809,5.086938940558027,0.5075385592975564,0.5243129684306155,True
KMH5,16579,199852,1148.0,1488.0,14741.453198663843,21842,8221,8358,94955,104897,55,45.684454251630875,1287.1861994088908,12.054526811025998,0.4958682670848664,0.4751265936793227,True
BNZ5,16563,230435,1371.0,2033.0,5944.68571261903,22498,8203,8360,118395,112040,156,170.8988275672319,1539.8765320292218,13.912636599649822,0.4952605204371189,0.5137891379347755,True
KMM5,16423,221053,975.0,1560.0,11899.633321412322,23326,8208,8215,105227,115826,117,143.27557232724646,1188.5690799488523,13.459964683675333,0.4997868842477014,0.47602611138505246,True
BMG6,16387,55577,58.7,70.04,1975.2981915575613,7614,8294,8093,28914,26663,93,2.1239523501688544,61.78205772868737,3.391529871239397,0.5061329102337219,0.5202511830433453,True
TNH6,16084,232036,1265.0,1554.0,23058.81352834466,104332,8472,7612,121958,110078,98,46.00130350607861,1386.2319696592888,14.426510818204427,0.5267346431236011,0.5255994759433881,True
DXU5,15824,89089,15830.0,20527.0,8801.889933516108,31358,8034,7790,44529,44560,192,1310.1911637024346,19353.40375379171,5.6299924165824065,0.5077098078867543,0.49982601667994925,True
AKH6,15537,58589,12901.0,16501.0,3065.8332652845447,15270,8190,7347,30757,27832,89,759.8527982613051,14091.899980691252,3.770933899723241,0.5271287893415717,0.5249620235880456,True
FFU5,15480,328746,29.0,39.0,17779.749198124584,119494,7239,8241,155306,173440,57,0.852741083735104,32.1185322997416,21.236821705426358,0.4676356589147287,0.47241943628211447,True
FFV5,15343,268246,29.015,35.61,15965.160264177825,96814,7902,7441,141472,126774,65,0.7944622939689819,32.47639477286059,17.483282278563514,0.5150231375871733,0.5273964942627289,True
RAU5,15343,116884,2043.0,3225.0,6840.801951775973,20034,7943,7400,60638,56246,136,269.5556335841454,2312.457211757805,7.6180668708857455,0.5176953659649352,0.5187878580472948,True
HYH6,15228,109554,3892.0,4714.0,4730.392993336608,30882,7412,7816,57153,52401,87,194.9083212063754,4348.548003677436,7.19424743892829,0.4867349619122669,0.5216879347171258,True
MGH6,14999,33889,25741.0,36600.0,2025.7609529430388,10888,7786,7213,17974,15915,92,2158.8587211539616,28837.49689979332,2.259417294486299,0.5191012734182279,0.5303785889226593,True
NAM6,14814,34609,23075.0,26449.0,4790.284857530457,11776,8171,6643,20362,14247,106,571.8606028976366,25174.67726474956,2.336235992979614,0.5515728365060079,0.5883440723511225,True
N2Z5,14785,145524,31500.0,54700.0,5734.693819614254,29938,7394,7391,75294,70230,248,5378.442994811416,48951.50557997971,9.8426783902604,0.5001014541765303,0.5173991918858745,True
PSH6,14675,182814,1005.0,1426.0,17776.814161772934,105336,10257,4418,107322,75492,94,88.92923689148606,1090.063850085179,12.457512776831345,0.6989437819420784,0.587055695953264,True
TPU5,13805,55328,5894.0,7600.0,3318.716256314428,9662,6626,7179,26274,29054,134,278.7613214071259,6468.130459978269,4.007823252444767,0.4799710249909453,0.4748770965876229,True
NRJ6,13801,81854,3.291,4.089,6963.554276133171,35388,6690,7111,39732,42122,89,0.15334624960402515,3.7254119266719807,5.931019491341207,0.4847474820665169,0.4854008356341779,True
ANZ5,13555,93951,2529.5,2937.0,10115.658275238411,25798,6661,6894,41618,52333,126,101.84813032546886,2808.2974548137217,6.9310955367023235,0.4914053854666175,0.4429755936605252,True
TPM5,13381,61224,5952.0,7796.0,3007.4317303528132,9514,6600,6781,28892,32332,116,450.9416882723176,6513.025708093565,4.575442792018534,0.4932366788730289,0.471906441918202,True
KCJ6,12518,60721,3.321,4.019,7081.802868766198,11804,6223,6295,28991,31730,45,0.13049315938571152,3.603707621025723,4.85069499920115,0.49712414123661924,0.47744602361621186,True
NDM5,12346,265503,8.448,10.42,7513.524644771197,35870,6615,5731,125493,140010,81,0.3919286291005571,9.585806334035315,21.505183865219504,0.5358010691722015,0.47266132586072473,True
NBH5,12302,459047,452.0,589.0,50745.58745764256,74170,6299,6003,225184,233863,55,14.576582853219415,539.4476507884897,37.31482685742156,0.5120305641359129,0.4905467196169455,True
DXZ5,12291,42519,15211.0,20600.0,2956.783503279571,9012,6208,6083,21779,20740,257,1102.767020871804,19614.04881620698,3.4593605076885527,0.5050850215604914,0.5122180672170089,True
KCM5,12032,125921,3.143,3.883,7386.269820922799,16866,5745,6287,63633,62288,23,0.14161747731626528,3.5318233876329783,10.46550864361702,0.47747672872340424,0.5053406500901358,True
OJH6,11872,23936,1.416,2.11,1525.9572499529288,5002,6117,5755,12762,11174,58,0.16993340302602306,1.7621925539083558,2.0161725067385445,0.5152459568733153,0.5331717914438503,True
FFN5,11859,264774,32.0,43.495,12875.383485500695,107170,5909,5950,131176,133598,41,2.5705023294309157,34.5743975040054,22.32684037439919,0.498271355088962,0.4954262880796453,True
SNH6,11137,29748,20944.0,25700.0,2710.8741461174777,14572,5476,5661,14811,14937,97,982.9712022486564,22889.494388075782,2.6710963455149503,0.49169435215946844,0.49788221056877774,True
KMZ5,11010,139034,816.0,1217.0,7990.8135393321445,17526,4979,6031,67825,71209,151,78.83521361090658,894.7428701180745,12.627974568574023,0.4522252497729337,0.48783031488700607,True
SZH6,10942,174763,1185.0,2001.0,15049.766345446931,74528,5600,5342,89448,85315,101,123.9972851826735,1282.4282580881008,15.97176019009322,0.5117894352038018,0.5118245852955144,True
CEM5,10941,104774,8569.0,10318.0,22713.28944730371,54558,5627,5314,48721,56053,113,261.61266587629746,9549.008317338452,9.576272735581757,0.5143039941504433,0.46501040334434113,True
ANH6,10775,46028,2496.5,3225.5,3034.3011773426633,19236,5823,4952,26555,19473,91,107.40209500847786,2992.516844547564,4.271740139211137,0.5404176334106728,0.5769314330407578,True
N2M5,10625,166029,31799.0,42600.0,7901.870822167925,26744,4412,6213,78026,88003,114,1592.1439539835937,37213.897129411765,15.626258823529412,0.4152470588235294,0.4699540441730059,True
MYZ5,10465,32635,971.6,1381.1,981.8588899390697,5706,5139,5326,14889,17746,243,71.33767710981508,1115.3410129001434,3.118490205446727,0.4910654562828476,0.4562279760992799,True
TPH5,10202,50700,6175.0,7454.0,5613.183245177118,9308,5038,5164,25355,25345,55,216.56404407284478,6859.238384630465,4.969613801215448,0.4938247402470104,0.5000986193293886,True
RDZ5,9775,42101,8974.0,13800.0,6812.804148242798,10728,4983,4792,21837,20264,109,1212.961347577472,10357.499641943734,4.307007672634271,0.509769820971867,0.5186812664782309,True
HSH6,9769,86882,25186.0,28931.0,12595.908697631698,76176,6218,3551,57239,29643,95,565.1486014928408,26488.69915037363,8.893643156924966,0.6365032244856178,0.6588131028291245,True
UNZ5,9532,44074,13650.0,19261.0,2800.108219878257,5100,4681,4851,21489,22585,109,1363.0600674719078,14951.293327738145,4.623793537557701,0.49108266890474195,0.4875663656577574,True
BRJ6,9279,12782,58.72,79.5,774.6082780443176,2386,4526,4753,6312,6470,197,3.5785464689762763,63.246046987821956,1.3775191292165103,0.48776807845673026,0.49381943357846975,True
S1U6,9233,19764,51.62,80.46,1563.754160551035,3616,4756,4477,10309,9455,36,7.798998038006256,71.54219538611503,2.1405826925159754,0.5151088486948987,0.5216049382716049,True
VBM6,9139,50143,7652.0,8541.0,11627.118679049547,44892,4641,4498,27325,22818,24,147.02202708871636,7839.794178794179,5.486705328810592,0.5078236130867709,0.5449414674032268,True
N2U5,8942,113041,30954.0,46950.0,7699.321300829902,30520,4266,4676,54239,58802,173,3109.8981196320874,42572.32565421606,12.64157906508611,0.4770744799821069,0.47981705752779963,True
MDZ5,8923,31399,11774.0,14411.0,1916.9313667852182,3886,4421,4502,15396,16003,109,574.9232290784682,13035.326011431132,3.518883783480892,0.49546116776868765,0.4903340870728367,True
MXM6,8286,9356,272525.0,338475.0,630.2725139542548,2978,4187,4099,4673,4683,139,17159.221192239456,291301.7499396573,1.1291334781559257,0.5053101617185615,0.49946558358272763,True
PHH6,8226,43724,6285.0,7538.0,3816.249366501439,17696,4219,4007,21643,22081,89,256.23771103346377,6745.321784585461,5.315341599805495,0.512885971310479,0.494991309120849,True
TTH6,8209,15654,54428.0,66770.0,1288.3048882966398,6214,4193,4016,7346,8308,79,2480.624895619766,60332.69326349129,1.906931416737727,0.5107808502862712,0.4692730292576977,True
CRZ6,8164,32057,11.79,14.183,6591.954289681905,21414,4072,4092,15565,16492,136,0.5169792720230869,12.691384002939735,3.9266291033806957,0.49877511024007837,0.48554137941791187,True
SOH6,8120,45862,4854.0,5907.0,3795.5118269370355,16374,4119,4001,21362,24500,94,126.80932721159128,5142.221798029556,5.648029556650246,0.5072660098522167,0.4657886703589028,True
BBH6,8046,45831,148.74,195.24,3434.4819055382454,19420,3914,4132,22913,22918,97,11.099974190977997,163.74758389261746,5.696122296793438,0.486452895848869,0.4999454517684537,True
FSH6,7949,40276,6484.0,8110.0,3019.9564276856736,14472,3865,4084,19497,20779,95,370.23154947135953,7297.535664863505,5.066800855453516,0.4862246823499811,0.48408481477803156,True
ISM5,7895,65990,759.0,1111.0,5162.702125987841,27898,4194,3701,32852,33138,114,93.11444879525911,892.333755541482,8.358454718176061,0.531222292590247,0.49783300500075767,True
MYH5,7627,79204,917.5,1349.5,1837.1936904903112,3680,3841,3786,39391,39813,55,134.02680198315431,1168.040579520126,10.384685984004195,0.5036056116428478,0.49733599313166,True
SQU5,7353,59656,29.5,49.6,4989.953217051535,13056,3600,3753,27922,31734,113,3.8133316568199533,44.415907792737656,8.113151094791242,0.48959608323133413,0.4680501542175137,True
CEH5,7338,211550,8772.0,9898.0,8834.359748748044,30846,3724,3614,134435,77115,53,234.70262814351784,9301.552739165985,28.829381302807306,0.5074952303079858,0.6354762467501772,True
MTH6,7317,18261,21030.0,24341.0,1821.0995924035315,8752,3808,3509,9186,9075,91,549.1068516730899,22263.22741560749,2.4956949569495697,0.5204318709853765,0.5030392640052571,True
NRK6,7261,34461,3.39,4.15,2189.706381307021,8312,3511,3750,17218,17243,60,0.14984594254491937,3.8512722765459304,4.746040490290594,0.4835422118165542,0.4996372711180755,True
SiU6,7231,10903,82499.0,125163.0,1653.3800120900828,7042,3278,3953,4504,6399,231,11326.771298647876,90156.9001521228,1.5078135804176462,0.45332595768220163,0.41309731266623867,True
LEH6,7086,244838,481.0,700.0,33916.90725816791,87468,3518,3568,121818,123020,97,29.867936698266938,553.7870448772227,34.55235675980807,0.4964719164549817,0.4975453156781219,True
GLU6,7085,13248,11084.3,12907.3,1618.266106998048,4360,3499,3586,6474,6774,90,338.505310996789,12116.290261115031,1.8698659139026113,0.4938602681721948,0.48867753623188404,True
GDU6,6987,7920,3711.2,4701.2,1354.0930424856954,3868,3229,3758,3506,4414,91,229.46090406272813,4299.879218548734,1.1335337054529842,0.4621439816802633,0.44267676767676767,True
RBU6,6945,29584,11715.0,13388.0,9849.78264806294,25114,3659,3286,18123,11461,106,286.23543564371715,12246.64218862491,4.259755219582433,0.5268538516918646,0.6125946457544619,True
NDZ5,6759,62688,8.889,11.14,4579.773187467868,14556,3533,3226,30527,32161,231,0.3734982320481844,10.012857079449622,9.27474478473147,0.5227104601272378,0.4869672026544155,True
CHH6,6619,9067,89680.0,104235.0,606.3821273076954,2426,3064,3555,4136,4931,76,3709.2060067521534,99943.30956337815,1.3698443873696933,0.4629098051065116,0.456159700011029,True
IRH6,6563,13150,27777.0,33212.0,1362.42388403723,6316,3067,3496,6121,7029,81,1210.8379685619034,31747.589212250496,2.003656864238915,0.467316775864696,0.46547528517110265,True
FLH6,6400,29184,7424.0,9763.0,2421.4598000781125,10380,3275,3125,14052,15132,86,366.35361898718327,8111.59125,4.56,0.51171875,0.48149671052631576,True
SXM5,6380,75209,4450.7,5685.0,5376.9864294514155,16374,3028,3352,39067,36142,116,203.27962541274516,5226.9560815047025,11.788244514106584,0.4746081504702194,0.5194458110066614,True
TLZ5,6223,35102,86.47,93.9,7726.961729589317,12312,3054,3169,16922,18180,116,1.4284287926222201,90.05411698537684,5.640687771171461,0.49076008356098344,0.4820807931172013,True
MMU6,6191,7811,2819.8,3949.0,672.5591648418084,2924,3217,2974,3983,3828,247,278.85152463226154,3102.132030366661,1.2616701663705379,0.5196252624777904,0.5099219050057611,True
NDU5,6072,90419,8.276,10.63,6404.100103028185,21586,3141,2931,44150,46269,149,0.39468988094737867,9.747071310935443,14.891139657444006,0.517292490118577,0.4882823300412524,True
SFM6,6049,9515,651.31,712.92,1545.2008443770872,5890,2856,3193,4423,5092,107,9.71455852826309,685.3684046949909,1.5729872706232435,0.4721441560588527,0.4648449816079874,True
LKM6,5993,8282,50945.0,69950.0,922.051459441047,2404,3128,2865,4076,4206,90,4074.1697778690263,56623.318204572,1.3819456032037376,0.5219422659769731,0.4921516541898092,True
ANM6,5899,22369,2830.0,3366.5,7405.034761028129,17900,3324,2575,13085,9284,23,107.11112215880553,3181.7078318359045,3.7919986438379385,0.5634853364977115,0.5849613304126247,True
BDH6,5598,27658,113.0,153.86,2152.247898033666,12714,2920,2678,16268,11390,92,8.04911373110026,127.90686316541623,4.940693104680243,0.5216148624508753,0.5881842504881047,True
SVZ6,5451,10391,58.76,81.99,848.0167233174252,2382,2793,2658,5330,5061,24,6.520264231775719,74.57540818198497,1.9062557328930472,0.5123830489818382,0.5129438937542103,True
RUH6,5443,96587,967.0,1400.0,8285.166459295264,36568,2827,2616,45216,51371,94,80.48926684551063,1052.725886459673,17.745177291934596,0.5193826933676281,0.4681375340366716,True
BMH6,5436,11806,58.61,70.23,588.7757764144135,2414,2570,2866,5444,6362,90,1.990230348841103,61.72656916850625,2.1718175128771153,0.47277409860191316,0.4611214636625445,True
N2H5,5249,117400,37561.0,43066.0,19714.247941930862,30528,2409,2840,61661,55739,56,935.0075546607814,40002.9226519337,22.36616498380644,0.4589445608687369,0.525221465076661,True
SQH6,5217,17680,48.63,59.4,2430.4931617707057,14040,2675,2542,6429,11251,90,2.401568682097487,55.62918535556834,3.3889208357293463,0.512746789342534,0.363631221719457,True
HDH6,5207,34803,2722.0,3901.0,3111.0784109538595,22554,1941,3266,14787,20016,110,313.8843968653049,2999.312848089111,6.683887075091223,0.3727674284616862,0.42487716576157225,True
CMH6,5202,29286,6287.0,8800.0,2713.546841048731,13308,2811,2391,15801,13485,63,555.445642481019,7181.489427143407,5.629757785467128,0.5403690888119954,0.539541077648023,True
S0H6,5090,71180,812.0,1294.0,8843.704541165685,39306,2649,2441,39345,31835,96,95.27102095711233,863.5161100196464,13.984282907662083,0.5204322200392927,0.5527535824669851,True
NGJ6,4969,6851,3.222,4.094,475.73014044086716,1894,2312,2657,3104,3747,88,0.17235216887217458,3.635957939223184,1.3787482390823103,0.4652847655463876,0.45307254415413806,True
GZU6,4925,9796,13220.0,16361.0,1870.5196256281668,5602,2494,2431,4927,4869,95,476.52682529902125,14285.904365482233,1.9890355329949239,0.5063959390862944,0.5029603919967334,True
SRM6,4693,7961,31130.0,34990.0,4841.871612291345,25248,2226,2467,3777,4184,91,737.5854146849966,32510.102279991475,1.6963562753036436,0.47432346047304497,0.4744378846878533,True
NCZ5,4627,39123,13715.0,16290.0,3979.689694190613,12458,2219,2408,17988,21135,146,393.47071263376125,15157.175275556516,8.4553706505295,0.4795763993948563,0.45978069166474966,True
IPZ5,4613,50103,511.5,722.5,4567.590288011377,11568,2389,2224,24217,25886,145,57.0958032356709,576.964123130284,10.861261651853457,0.5178842401907652,0.48334431071991696,True
SXH5,4566,52296,4997.1,5625.8,10232.390671142044,13116,2041,2525,25182,27114,56,166.32283588555302,5391.627726675427,11.453350854139291,0.4469995619798511,0.4815282239559431,True
BSH6,4466,30989,3153.0,3850.0,3093.154467660245,15772,2458,2008,14846,16143,93,137.1392858764957,3340.539632781012,6.938871473354232,0.5503806538289296,0.4790732195295105,True
N2H6,4383,20295,45900.0,53626.0,2728.670075969363,9274,2064,2319,8551,11744,90,1946.5546298437898,50854.78804471823,4.630390143737166,0.47091033538672145,0.4213353042621335,True
NAU6,4175,9182,24261.0,26745.0,1532.5863996726007,3530,2464,1711,5456,3726,86,483.06748713530794,25440.070419161675,2.1992814371257485,0.5901796407185629,0.5942060553256371,True
R2M5,4146,23326,170.2,239.9,3504.5458598707205,7594,2034,2112,11253,12073,113,12.771022244347284,199.23786782440905,5.626145682585625,0.4905933429811867,0.48242304724341933,True
SQM5,4074,36504,30.01,41.95,2596.931284515915,5296,2092,1982,17202,19302,41,3.045281135646095,37.21367697594501,8.960235640648012,0.5135002454590083,0.4712360289283366,True
SiZ6,4048,7546,85468.0,128712.0,1126.8314828430596,3864,1732,2316,3543,4003,237,11479.94755730653,94807.11956521739,1.8641304347826086,0.4278656126482213,0.46952027564272464,True
BRK6,3966,4707,59.0,69.0,655.5577760040334,1610,1900,2066,2223,2484,82,1.7298750026640395,61.664657085224405,1.186838124054463,0.4790721129601614,0.4722753346080306,True
RNM6,3950,4810,40112.0,74177.0,479.3485818092782,1590,1664,2286,1971,2839,243,9069.538779543254,47545.475443037976,1.2177215189873418,0.4212658227848101,0.40977130977130977,True
RAH6,3922,29667,1652.0,2213.0,1625.3956491588017,6882,2090,1832,13838,15829,77,96.6962887023274,1783.898521162672,7.56425293217746,0.5328913819479857,0.4664441972562106,True
BRF5,3876,58785,74.28,74.87,51701.360447605766,70180,1890,1986,31001,27784,2,0.04242640687119446,74.42886996904025,15.16640866873065,0.48761609907120745,0.5273624223866633,True
TPH6,3862,19338,5147.0,6301.0,1657.2031060937454,8842,1887,1975,10046,9292,85,248.51034504953435,5640.949766960124,5.007250129466597,0.4886069394096323,0.5194952942393215,True
NCH5,3834,62518,14780.0,16675.0,5231.897327232918,9140,1820,2014,39930,22588,52,388.4665486587582,15622.417840375587,16.30620761606677,0.4747000521648409,0.6386960555360056,True
SXZ5,3769,26690,4511.0,5891.3,2587.64214966627,8944,1930,1839,12840,13850,248,254.2204048415248,5540.809631201911,7.081453966569382,0.5120721676837358,0.4810790558261521,True
W4Z5,3759,11458,15550.0,25620.0,2517.2906460142985,5630,1959,1800,5082,6376,232,1205.6343126174545,17014.11279595637,3.048151104017026,0.5211492418196328,0.44353290277535345,True
BNH6,3739,56666,1431.0,1802.0,2814.2284890743754,23670,1694,2045,25171,31495,85,64.0276375899513,1529.2709280556298,15.15538914148168,0.45306231612730674,0.4441993435216885,True
ETM6,3627,18125,23.77,29.48,15541.525682532189,25038,1669,1958,8087,10038,22,1.3709904152162105,24.93202095395644,4.997242900468707,0.460159911772815,0.4461793103448276,True
NCH6,3610,19145,14305.0,17360.0,1378.6896984509153,8786,1899,1711,11069,8076,72,569.1557414454709,15983.220221606649,5.303324099722992,0.5260387811634349,0.5781666231392009,True
RDH6,3590,16272,9297.0,14680.0,1322.4995763036502,6934,1844,1746,8364,7908,102,1070.1174889729548,10251.300835654596,4.532590529247911,0.5136490250696378,0.5140117994100295,True
FEH6,3566,20051,4951.0,6597.0,873.0663364298426,5312,1795,1771,10362,9689,84,310.1204770240916,5418.166853617498,5.6228266965788,0.5033651149747617,0.5167822053762905,True
TLU5,3547,18652,85.95,90.89,3977.7736838474293,8200,1788,1759,9537,9115,36,1.2394357074958944,88.0550634338878,5.258528333803214,0.504087961657739,0.5113124597898349,True
FFF6,3488,52181,26.0,35.46,9658.532166980345,24428,1667,1821,23047,29134,35,1.8896509726188393,27.808939220183486,14.960149082568808,0.4779243119266055,0.44167417259155634,True
ISU5,3399,28748,718.0,1221.0,2559.6851210430455,8090,1838,1561,14921,13827,126,78.72701478617643,793.5681082671374,8.457781700500147,0.5407472786113563,0.5190274106024767,True
TYZ5,3372,16713,1.543,2.713,1593.0010267770606,4974,1844,1528,8807,7906,191,0.23311690034333002,2.0017336892052193,4.9564056939501775,0.5468564650059312,0.5269550649195237,True
S1Z6,3367,6710,64.22,81.05,692.6724969955354,2444,1802,1565,3570,3140,19,5.18788072653454,74.94183843183843,1.992871992871993,0.5351945351945352,0.5320417287630402,True
IBM6,3315,18667,52.5,60.48,10382.876862944033,19352,1834,1481,10060,8607,22,1.9288722228151998,54.17659426847662,5.63107088989442,0.5532428355957768,0.5389189478759308,True
EuM6,3312,4478,93310.0,124118.0,354.3956927559706,1998,1616,1696,2182,2296,136,6627.733697311094,99598.82880434782,1.3520531400966183,0.48792270531400966,0.4872711031710585,True
W4U5,3247,10487,15100.0,19150.0,2295.362212462806,4002,1552,1695,4500,5987,158,914.7085964917993,17079.2177394518,3.2297505389590393,0.4779796735448106,0.4291026985791933,True
IPM5,3177,53332,589.0,873.0,2171.2600104843386,20502,1515,1662,21721,31611,117,62.10017321561968,697.24661630469,16.78690588605603,0.4768649669499528,0.40727893197329934,True
SXU5,3177,25357,4457.0,5757.0,2904.254218383625,9518,1584,1593,11578,13779,168,198.8910430502873,5402.093075228203,7.9814290210890775,0.4985835694050991,0.4565997554915802,True
MYH6,3158,5155,1021.7,1420.0,236.01300946921623,678,1641,1517,2757,2398,158,59.69020142987206,1120.839170360988,1.6323622545915135,0.519632678910703,0.5348205625606207,True
UNH6,3092,13709,14341.0,18327.0,1214.664203988741,6512,1443,1649,6639,7070,85,653.8894774650342,15407.27554980595,4.433699870633894,0.4666882276843467,0.4842803997373988,True
ISZ5,3019,40211,617.0,982.0,2098.4018993753375,7308,1409,1610,19982,20229,130,67.54846269282936,716.216628022524,13.319311030142432,0.4667108314011262,0.4969287011016886,True
TYU5,2986,20544,1.951,2.9,3716.8328227114957,11304,1674,1312,10636,9908,167,0.2210624851068628,2.2346764902880105,6.8801071667782985,0.5606162089752177,0.5177180685358256,True
EDM6,2973,6059,1.147,1.1836,1523.4906782354644,5192,1435,1538,2916,3143,72,0.009486555431731273,1.17104561049445,2.038008745375042,0.48267743020517995,0.4812675358970127,True
SHM6,2918,31564,692.4,1192.4,9416.278028162473,18178,1526,1392,15607,15957,25,60.956867811046,889.3263193968472,10.816997943797121,0.522960932145305,0.4944557090356102,True
R2Z5,2874,16247,170.8,259.8,1409.6382304086392,3820,1438,1436,7702,8545,183,20.103340073513472,240.86082115518442,5.653096729297147,0.500347947112039,0.47405674893826555,True
IPU5,2824,40324,573.0,877.5,1099.1575219327888,20178,1380,1444,14182,26142,128,46.405103928821,642.8045325779037,14.279036827195467,0.4886685552407932,0.3517012201170519,True
NCU5,2809,19826,14555.0,16650.0,5420.382208218258,10262,1494,1315,9596,10230,101,384.43099266163813,15226.2566749733,7.0580277678889285,0.5318618725525098,0.4840108947846262,True
PDU6,2782,2911,1290.46,2224.4,146.7138281255896,610,1394,1388,1454,1457,77,188.44256261975056,1782.410956146657,1.046369518332135,0.501078360891445,0.4994847131569907,True
KMH6,2759,44361,849.0,995.0,3761.827786053137,19646,1407,1352,24685,19676,90,33.50878171368048,888.7466473359913,16.078651685393258,0.5099673794853208,0.5564572484840288,True
SuV5,2751,8608,45390.0,61350.0,868.0308563471241,2928,1254,1497,3781,4827,113,3942.8308434487194,51399.06215921483,3.129043984005816,0.4558342420937841,0.4392425650557621,True
RIM6,2688,3020,95500.0,132350.0,117.30702807462255,1028,1422,1266,1608,1412,178,6113.267220350194,109538.984375,1.1235119047619047,0.5290178571428571,0.5324503311258278,True
GKM6,2676,21135,1392.0,1650.0,5538.846346385953,15570,1345,1331,9958,11177,21,58.04189783907752,1581.295216741405,7.897982062780269,0.5026158445440957,0.4711615803170097,True
NRM6,2660,12085,3.656,4.28,1635.637939464825,3148,1304,1356,6288,5797,39,0.1223097768433534,3.9053345864661657,4.543233082706767,0.49022556390977445,0.5203144393876706,True
DXH6,2650,7884,18669.0,20479.0,1268.6672959716175,5642,1299,1351,4188,3696,92,338.5748023684768,19828.749056603774,2.9750943396226415,0.49018867924528303,0.5312024353120244,True
R2H5,2633,17017,196.9,231.2,5205.418245727785,6656,1342,1291,7813,9204,56,9.965213358113692,219.37508545385492,6.462969996202051,0.509684770224079,0.45912910618792974,True
ANH5,2622,52406,2431.5,2776.5,7613.762154470842,9514,1287,1335,17365,35041,53,58.627789544050245,2629.0204042715486,19.98703279938978,0.49084668192219677,0.3313551883372133,True
XIZ5,2580,6358,38.1,64.34,633.2431021313888,1774,1300,1280,3020,3338,115,6.567071525501499,48.32954263565892,2.4643410852713177,0.5038759689922481,0.47499213589178985,True
NDH6,2532,22083,9.497,11.436,2124.0568703753206,10616,1245,1287,11963,10120,201,0.33461354437560065,10.369947077409163,8.721563981042655,0.49170616113744076,0.5417289317574605,True
BTH6,2461,10913,82232.0,103162.0,4723.931392836248,12600,1357,1104,3587,7326,13,644.2479913503594,91875.19991873222,4.434376269809021,0.5514018691588785,0.3286905525520022,True
PTU6,2369,2590,1522.9,2663.9,143.745393839639,572,1179,1190,1286,1304,66,272.577548786697,2225.417180244829,1.0932883073026594,0.49767834529337274,0.4965250965250965,True
ANM5,2367,7233,2297.5,2848.5,493.93085446669386,1154,1213,1154,3720,3513,100,145.64638233361208,2500.7163075623153,3.055766793409379,0.5124630333755809,0.5143094151804231,True
IPH5,2365,50717,650.0,757.5,6136.957543397342,29736,1195,1170,17614,33103,55,16.738969431930272,706.4957716701903,21.444820295983085,0.5052854122621564,0.34729972198671055,True
W4H5,2327,5402,17830.0,18750.0,1895.8917205650955,2330,1148,1179,2652,2750,62,177.46593062031837,18374.58100558659,2.3214439192092824,0.4933390631714654,0.4909292854498334,True
MDH6,2304,8865,11910.0,15496.0,649.064223913236,4052,1264,1040,4864,4001,99,756.5147653467109,14252.671875,3.84765625,0.5486111111111112,0.5486745628877608,True
FFK5,2262,15898,30.565,40.905,1019.5055795010175,4296,1084,1178,7575,8323,37,1.5393293701836257,35.22362732095491,7.0282935455349245,0.4792219274977896,0.47647502830544725,True
MMZ6,2228,2800,2922.15,3989.35,275.60931614924937,844,1064,1164,1374,1426,220,294.4432945521509,3233.0734515260324,1.2567324955116697,0.47755834829443444,0.4907142857142857,True
SSM6,2193,40654,977.0,1399.0,15852.289196458534,27802,1036,1157,18000,22654,22,42.22607163283287,1091.577747378021,18.538075695394436,0.4724122207022344,0.4427608599399813,True
SuN5,2098,4924,49580.0,65870.0,264.1912643332278,1002,917,1181,2024,2900,108,4711.215465203292,55759.03717826501,2.3469971401334604,0.43708293612964727,0.4110479285134037,True
SuM5,2086,6020,48690.0,67320.0,173.7619654054656,1576,934,1152,2770,3250,97,3744.418357490341,56643.71524448706,2.8859060402684564,0.4477468839884947,0.4601328903654485,True
W4V5,2079,4632,15050.0,19610.0,708.2812680768757,2042,986,1093,1843,2789,145,874.3530284677959,17058.614718614717,2.227994227994228,0.4742664742664743,0.39788428324697755,True
R2U5,2052,12227,170.0,245.3,1532.0607947653798,4310,1055,997,6982,5245,143,15.991784524072223,217.77972709551656,5.958576998050682,0.5141325536062378,0.5710313241187536,True
JPM5,2043,15543,137.27,150.99,650.7237754810803,3298,987,1056,7808,7735,81,2.6398111253984893,144.5341605482134,7.607929515418502,0.4831130690161527,0.502348324004375,True
SFU6,2042,2508,655.29,722.91,458.41861481641206,1346,998,1044,1234,1274,86,8.028647950120654,692.3961851126347,1.22820763956905,0.4887365328109696,0.4920255183413078,True
TYM5,2041,11234,2.058,2.808,2595.0950003839303,4370,883,1158,5210,6024,109,0.19488952323230554,2.382936305732484,5.5041646251837335,0.4326310632043116,0.4637706961011216,True
NCM5,2021,18435,14265.0,17535.0,2430.2529848282043,8590,977,1044,7823,10612,108,575.0182322872835,15726.110836219694,9.121721919841663,0.483424047501237,0.42435584486032,True
BRM6,2010,2311,59.19,64.46,385.116044390145,894,1046,964,1189,1122,49,1.1599880511934386,61.0967263681592,1.1497512437810946,0.5203980099502488,0.5144958892254435,True
JPZ5,1987,11331,143.75,157.94,964.7394516631269,2436,998,989,5487,5844,89,4.006423264568074,152.7214242576749,5.702566683442376,0.5022647206844489,0.4842467566851999,True
W4K5,1979,6707,16080.0,19400.0,1217.5556316883524,3262,916,1063,3644,3063,96,635.6245374681369,18145.482566953007,3.3890853966649823,0.4628600303183426,0.5433129566124945,True
W4M5,1915,9460,15360.0,19100.0,1798.3909774081953,4188,960,955,4458,5002,107,1168.223221230326,17107.11227154047,4.939947780678851,0.5013054830287206,0.4712473572938689,True
SAK5,1893,2689,31.5,43.8,464.02462091654286,814,926,967,1276,1413,82,2.7283626448974236,38.016376122556785,1.4204965662968831,0.4891706286318014,0.4745258460394199,True
BMJ6,1877,3301,59.02,68.98,531.7723873418274,1080,913,964,1591,1710,85,1.7836109629700285,62.239280767181675,1.758657432072456,0.4864144912093767,0.4819751590427143,True
W4N5,1873,6429,15390.0,19480.0,693.7068150790285,1478,866,1007,3256,3173,93,1239.4490285377387,16535.85157501335,3.432461292044848,0.4623598505072077,0.5064551252138746,True
SAH6,1823,3508,26.15,33.98,511.75667978552497,1194,847,976,1585,1923,125,2.1581849990959037,28.809040043883705,1.9243006034009873,0.4646187602852441,0.45182440136830104,True
ZCH6,1809,4277,2800.0,3297.5,484.63811204506464,2234,903,906,2385,1892,78,86.70034174715991,3124.4651741293533,2.3642896627971255,0.49917081260364843,0.5576338555061959,True
CRH7,1769,5323,12.282,14.42,852.8889857602296,2788,788,981,2317,3006,73,0.5171990135670234,12.93093442622951,3.0090446579988694,0.44544940644431885,0.43528085665977834,True
MMH7,1758,2109,2999.75,4116.45,188.4776051371566,796,738,1020,853,1256,208,291.0597647039288,3332.0432025028445,1.1996587030716723,0.4197952218430034,0.404457088667615,True
FFJ5,1741,9462,29.87,39.0,1325.0998810570686,3102,872,869,5015,4447,17,1.397502236134169,34.716312464101094,5.434807581849512,0.5008615738081562,0.5300147960262102,True
YDM6,1721,5980,4501.0,4983.0,1527.5221098563707,4752,789,932,2426,3554,23,85.56602979305214,4794.975595583963,3.47472399767577,0.45845438698431146,0.405685618729097,True
UCM6,1709,3315,6.99,7.176,500.4206793564817,3748,1284,425,2630,685,24,0.06001797737924527,7.025449970743124,1.9397308367466355,0.751316559391457,0.7933634992458521,True
W4Q5,1707,5881,15310.0,19670.0,598.0520258743713,1724,834,873,2900,2981,105,1177.7020447579685,16877.293497363797,3.44522554188635,0.48857644991212656,0.4931134160856997,True
IPH6,1683,8223,537.0,718.0,1249.2222603551818,3148,898,785,4208,4015,88,28.903100823260996,583.3764111705289,4.885918003565062,0.5335710041592394,0.5117353763833151,True
ANU5,1672,6142,2395.0,2736.5,312.7353810096529,1486,871,801,3007,3135,105,59.999436047410825,2591.724282296651,3.673444976076555,0.520933014354067,0.4895799413871703,True
DJU5,1652,29591,372.0,464.2,1223.9854286410978,3164,765,887,14599,14992,115,19.405755435236394,445.4209443099274,17.91222760290557,0.46307506053268765,0.4933594674056301,True
ZCZ5,1640,8862,2755.5,3387.5,267.91700194299057,3036,841,799,4273,4589,106,134.7940284242294,3066.0478658536585,5.4036585365853655,0.5128048780487805,0.48217106747912436,True
JPH5,1630,6990,146.12,157.0,888.746555323436,1548,731,899,3432,3558,55,3.0662033905667903,152.00101226993866,4.288343558282208,0.4484662576687117,0.49098712446351933,True
W4J5,1629,4122,17650.0,18990.0,533.9295380565314,1286,723,906,2049,2073,76,289.9575286504113,18279.337016574587,2.5303867403314917,0.4438305709023941,0.49708879184861715,True
SRU6,1583,3518,29611.0,34533.0,1197.946535806197,3778,725,858,2072,1446,83,712.422637483581,31177.583070120025,2.22236260265319,0.457991156032849,0.5889710062535531,True
DJM5,1578,24317,368.0,455.9,456.53455345641817,1144,782,796,12729,11588,105,17.384709609456454,409.0058301647655,15.41001267427123,0.4955640050697085,0.5234609532425875,True
OGZ5,1520,11278,6409.0,8797.0,231.9479155999927,790,818,702,5715,5563,123,504.5678882289274,7416.813815789474,7.419736842105263,0.5381578947368421,0.5067387834722469,True
SuU5,1505,3186,47920.0,68180.0,588.3120194993124,1536,707,798,1368,1818,104,4247.2432905891865,52715.86710963455,2.1169435215946844,0.4697674418604651,0.4293785310734463,True
NVM6,1499,3790,12290.0,14058.0,1312.1299334303917,2722,662,837,1707,2083,31,302.75168859353533,12874.015343562374,2.5283522348232155,0.4416277518345564,0.4503957783641161,True
AFM6,1473,4502,6140.0,6965.0,1610.4696794076337,3334,813,660,1990,2512,22,99.92672640165215,6387.843177189409,3.056347589952478,0.5519348268839104,0.4420257663260773,True
MYM6,1462,3022,1029.5,1311.5,192.4612961143718,738,734,728,1418,1604,127,49.601731784540576,1152.295075239398,2.06703146374829,0.5020519835841313,0.4692256783587028,True
MMM7,1460,1887,3040.0,4182.65,208.01755999975614,1168,538,922,631,1256,186,276.6562419857131,3453.339383561644,1.2924657534246575,0.3684931506849315,0.3343932167461579,True
LKU6,1449,1730,53000.0,69629.0,227.48276766171466,466,676,773,792,938,72,3218.85206248384,57908.15734989648,1.193926846100759,0.4665286404416839,0.4578034682080925,True
W4X5,1411,2354,16090.0,19900.0,262.0208859958703,780,755,656,1143,1211,129,711.1558703941907,17108.55421686747,1.6683203401842666,0.5350815024805102,0.48555649957519115,True
FFM5,1410,14324,32.185,41.95,317.33860638254527,4486,745,665,5532,8792,41,2.1212873306142175,37.6781914893617,10.15886524822695,0.5283687943262412,0.3862049706785814,True
SAV5,1375,3447,28.31,35.34,578.1405008898029,962,737,638,1794,1653,93,1.1228321588892987,29.971636363636364,2.5069090909090908,0.536,0.5204525674499565,True
VIQ5,1345,2862,29.75,46.45,218.0935387843408,514,668,677,1422,1440,49,2.682933353169813,37.06011152416357,2.127881040892193,0.4966542750929368,0.4968553459119497,True
DJZ5,1334,12010,386.6,492.0,358.1662753791559,1398,693,641,6066,5944,152,18.8405702051987,465.7347076461769,9.002998500749625,0.5194902548725637,0.5050791007493756,True
MAZ5,1319,4343,5459.0,7439.0,307.18623417016204,1050,670,649,2097,2246,116,404.25724958011887,6551.012888551933,3.2926459438968916,0.5079605761940864,0.4828459590145061,True
TYH6,1313,4684,1.691,2.797,405.8475871391479,1186,679,634,2370,2314,113,0.221663905875858,1.945897182025895,3.5674028941355673,0.5171363290175172,0.5059777967549103,True
W4G5,1311,4047,17800.0,18800.0,854.178875628081,1254,650,661,2069,1978,41,133.08808746236534,18312.265446224257,3.0869565217391304,0.4958047292143402,0.5112428959723252,True
OJN5,1285,2544,2.125,2.902,604.8384911042775,958,589,696,1179,1365,15,0.2061552119849787,2.4670614785992218,1.9797665369649806,0.4583657587548638,0.4634433962264151,True
JPU5,1235,18954,138.43,149.71,1427.5519084940584,4112,582,653,9267,9687,94,1.9225906343258388,146.32213765182186,15.347368421052632,0.47125506072874496,0.4889205444761,True
TLH6,1231,8106,87.77,93.71,2198.7008961310794,8562,698,533,4336,3770,75,1.491439331410869,89.82142973192526,6.584890333062551,0.5670186839967506,0.534912410560079,True
EHH6,1210,2556,3077.6,3285.0,866.9486679001344,1840,638,572,1252,1304,12,30.172085985680184,3161.8910743801653,2.112396694214876,0.5272727272727272,0.48982785602503914,True
DJH5,1189,12871,406.9,471.0,2649.0917760567904,4146,583,606,6270,6601,56,11.902911899544252,436.96930193439863,10.825063078216989,0.49032800672834315,0.48714163623650064,True
MVM6,1185,14236,435.0,740.0,9591.585458904425,14852,557,628,5431,8805,13,42.39814340395766,674.6270042194093,12.01350210970464,0.470042194092827,0.3814976116886766,True
GLZ6,1135,1914,11809.7,13265.9,626.9588229096139,1022,531,604,934,980,18,297.7872200056489,12795.964669603525,1.6863436123348017,0.46784140969162996,0.48798328108672934,True
NGK6,1131,1244,3.431,4.215,153.99108937092137,254,573,558,626,618,50,0.18500617639993108,3.817427055702918,1.0999115826702033,0.506631299734748,0.5032154340836013,True
RGBIF,1102,8277,116.75,118.47,5687.807868410684,8194,534,568,3113,5164,8,0.2865932907200014,117.49066243194193,7.5108892921960075,0.484573502722323,0.376102452579437,True
VIN5,1096,2081,29.55,49.95,215.62930641127272,510,540,556,930,1151,34,3.624832960685204,36.299817518248176,1.8987226277372262,0.4927007299270073,0.44690052859202306,True
SuZ5,1084,2939,43650.0,52470.0,303.9788017750447,534,550,534,1389,1550,48,1113.208894391878,48624.12361623616,2.7112546125461257,0.507380073800738,0.4726097312010888,True
SAN5,1084,1828,27.29,38.3,286.16859331491037,690,487,597,895,933,74,3.3216959822423577,31.678837638376383,1.6863468634686347,0.4492619926199262,0.4896061269146608,True
SiH7,1063,1529,88300.0,124770.0,259.37347567233525,648,480,583,732,797,155,7925.718192157723,98865.79680150517,1.438381937911571,0.451552210724365,0.4787442773054284,True
MXU6,1044,1123,281500.0,330550.0,209.57629589880906,490,497,547,517,606,82,10409.5882951299,296403.85536398465,1.0756704980842913,0.4760536398467433,0.4603739982190561,True
VIG5,1038,2431,37.15,51.15,344.3278471780899,996,543,495,1271,1160,30,2.801584629594757,42.17967244701349,2.342003853564547,0.523121387283237,0.5228301110654052,True
VIU5,1020,6340,30.3,39.75,3190.5048005215813,5782,462,558,2597,3743,48,1.193818576063042,36.125735294117646,6.215686274509804,0.45294117647058824,0.4096214511041009,True
OGM5,1010,6606,6749.0,9988.0,495.2371557316818,1400,490,520,2945,3661,81,695.5620928429036,8210.511881188118,6.54059405940594,0.48514851485148514,0.4458068422646079,True
W4H6,994,2640,15920.0,21270.0,752.8128627045522,2280,580,414,1238,1402,107,797.0184587313233,16898.581488933603,2.6559356136820926,0.5835010060362174,0.46893939393939393,True
EMZ5,983,5244,38.0,57.11,1320.625105923138,3956,530,453,3521,1723,160,3.755237263145388,52.48096642929807,5.3346897253306205,0.5391658189216684,0.6714340198321892,True
RBZ6,968,4807,12390.0,13148.0,2621.282886317382,5824,532,436,3234,1573,35,187.41598902221858,12582.028925619834,4.965909090909091,0.5495867768595041,0.6727688787185355,True
TYH5,934,8194,2.259,2.81,2283.3002995710035,3654,435,499,4387,3807,53,0.12469013843962531,2.558254817987152,8.773019271948607,0.4657387580299786,0.5353917500610202,True
XIH6,934,1905,39.09,62.3,296.89940527285046,778,487,447,841,1064,78,6.281151297470203,45.20900428265524,2.0396145610278373,0.5214132762312634,0.4414698162729659,True
MMZ7,929,1228,3142.55,4524.9,171.02129433785478,550,420,509,534,694,191,252.97773532846804,3685.915715823466,1.3218514531754575,0.4520990312163617,0.43485342019543977,True
BMK6,918,1370,59.46,72.74,141.16401906804617,336,469,449,699,671,76,1.944343807587859,62.185610021786495,1.4923747276688453,0.5108932461873639,0.5102189781021897,True
OGU5,911,4166,7032.0,9195.0,314.17159212610363,1222,437,474,1952,2214,101,324.2818401964377,7798.267837541163,4.572996706915477,0.4796926454445664,0.4685549687950072,True
MNM6,903,3655,3056.0,3529.0,1451.7736234494878,2796,443,460,1991,1664,23,98.23358867853725,3349.013289036545,4.0476190476190474,0.49058693244739754,0.5447332421340629,True
RMM6,891,1898,984.0,1185.0,223.76379827194316,532,416,475,883,1015,101,44.57333594457251,1083.7452300785635,2.1301907968574634,0.4668911335578002,0.46522655426765014,True
NDH5,890,51774,8.12,9.042,4006.466822558454,10692,442,448,24859,26915,19,0.17593524526460258,8.528525842696629,58.173033707865166,0.4966292134831461,0.48014447406033917,True
CFM5,888,5845,0.7827,0.92,1558.571284507598,3196,455,433,2891,2954,81,0.031312330184848,0.8327976351351352,6.582207207207207,0.5123873873873874,0.4946107784431138,True
BZH6,879,2090,30.09,34.63,333.6467913334066,728,465,414,1066,1024,46,1.0635490899185915,32.650091012514224,2.3777019340159273,0.5290102389078498,0.5100478468899522,True
WUM6,878,3638,921.0,1080.0,1934.9267701194058,2716,450,428,2169,1469,17,23.313401851346196,1008.5523917995445,4.143507972665148,0.5125284738041003,0.5962067069818582,True
SuH5,870,1803,58800.0,65190.0,343.29880551067106,780,433,437,826,977,50,1070.2322654642826,61399.68965517241,2.0724137931034483,0.49770114942528737,0.4581253466444814,True
EAH6,861,9265,4092.0,4833.0,1117.652393146759,2382,464,397,4781,4484,34,179.7555975938171,4636.411149825784,10.760743321718932,0.5389082462253194,0.5160280626011873,True
SuK5,853,1832,56030.0,66560.0,180.7132108221878,468,404,449,852,980,79,2187.0618641303417,60148.62837045721,2.147713950762016,0.47362250879249707,0.4650655021834061,True
CFU5,850,13493,0.7623,0.8497,571556.8892304356,1034418,422,428,6081,7412,87,0.011320173460916802,0.8035276470588236,15.874117647058824,0.4964705882352941,0.45067812940042984,True
SuQ5,846,2463,49830.0,63400.0,154.083113301083,444,410,436,1238,1225,58,3403.473480165153,52208.30969267139,2.9113475177304964,0.4846335697399527,0.5026390580592773,True
W4G6,842,1324,16080.0,19480.0,381.5093637551293,634,452,390,754,570,109,822.0878854084699,17329.881235154393,1.5724465558194773,0.5368171021377672,0.5694864048338368,True
JPH6,840,4130,140.91,161.53,450.3428940587216,2406,455,385,2140,1990,56,4.217480552153409,154.1395595238095,4.916666666666667,0.5416666666666666,0.5181598062953995,True
HKZ5,831,2405,9.075,16.111,404.8305286665792,1020,415,416,934,1471,133,1.2535928043037166,11.160972322503008,2.89410348977136,0.4993983152827918,0.3883575883575884,True
GUH5,814,5578,1.208,1.3107,3239.920782198082,4244,478,336,3558,2020,55,0.024813379143353027,1.2415013513513513,6.8525798525798525,0.5872235872235873,0.637863033345285,True
NGM6,810,1038,3.616,4.337,283.1877854654529,570,439,371,584,454,35,0.16157950926750012,3.871141975308642,1.2814814814814814,0.5419753086419753,0.5626204238921002,True
SXH6,809,4274,5502.5,5947.6,913.0976710567575,4306,433,376,1714,2560,78,89.06710360390598,5784.387268232385,5.283065512978986,0.5352286773794809,0.4010294805802527,True
SiM7,805,1324,90260.0,113003.0,264.3368780713829,722,340,465,515,809,106,5285.840175728192,99214.64720496895,1.64472049689441,0.422360248447205,0.3889728096676737,True
ISH6,801,11854,640.0,789.0,931.9357659272129,3794,372,429,6546,5308,64,22.835413313327123,707.1248439450686,14.79900124843945,0.46441947565543074,0.5522186603678083,True
VIV5,796,1596,31.2,42.75,342.79482431742775,618,428,368,738,858,47,1.8578010137917171,36.48322864321608,2.0050251256281406,0.5376884422110553,0.462406015037594,True
FNZ5,793,3557,8341.0,11353.0,180.36854983729694,630,340,453,1717,1840,95,736.7142778660155,9743.94451450189,4.485498108448928,0.4287515762925599,0.48271014900196796,True
BZZ5,790,6582,28.74,34.0,1130.4000387174658,4720,427,363,3508,3074,43,0.8515306393071552,31.669999999999998,8.331645569620253,0.540506329113924,0.5329687025220298,True
EMU5,782,9075,38.01,53.9,1515.7631237827409,5080,378,404,5049,4026,136,3.271921234090381,47.09039641943734,11.604859335038363,0.4833759590792839,0.5563636363636364,True
TYM6,767,3482,1.703,2.557,338.68855458144236,618,396,371,1657,1825,91,0.1745482017245512,2.113988265971317,4.539765319426336,0.516297262059974,0.4758759333716255,True
W4F5,742,1777,17980.0,18460.0,889.2581553210186,1052,413,329,1043,734,21,88.12599205790883,18200.835579514824,2.394878706199461,0.5566037735849056,0.5869442881260551,True
W4F6,739,1207,15240.0,19480.0,152.59849764751823,506,364,375,610,597,110,884.5889523834812,17005.31799729364,1.6332882273342355,0.4925575101488498,0.5053852526926264,True
MAU5,739,3051,5292.0,7797.0,198.30930322030858,1004,413,326,1584,1467,85,324.17388433202484,6415.9228687415425,4.128552097428958,0.5588633288227334,0.5191740412979351,True
VIF5,730,2419,36.85,44.4,836.798379769918,1798,343,387,1478,941,10,1.9299467465307019,39.74657534246575,3.313698630136986,0.46986301369863015,0.61099627945432,True
VIK5,729,1634,44.15,55.25,247.5622834211039,508,366,363,755,879,29,1.9079026087649305,50.394444444444446,2.241426611796982,0.5020576131687243,0.4620563035495716,True
SDH6,708,1758,36.01,45.15,201.924489836271,424,344,364,896,862,46,1.4152245345145016,38.78228813559322,2.483050847457627,0.4858757062146893,0.5096700796359499,True
TBM6,701,3994,3186.0,3779.0,1999.9188019821681,3898,306,395,1683,2311,22,86.0656776293597,3456.864479315264,5.697574893009985,0.43651925820256776,0.4213820731096645,True
I2Z5,689,1990,0.8388,1.47,159.34498159913218,422,360,329,1079,911,143,0.11454542383242362,1.0359178519593613,2.8882438316400583,0.5224963715529753,0.5422110552763819,True
VIH5,686,1175,37.4,52.5,182.36373902026378,334,334,352,601,574,24,1.673314639886347,45.796137026239066,1.7128279883381925,0.4868804664723032,0.5114893617021277,True
BRN6,685,776,59.22,63.38,223.20954327666482,526,415,270,477,299,33,0.9097349139372211,61.03672992700729,1.1328467153284671,0.6058394160583942,0.6146907216494846,True
NCM6,683,2193,14755.0,18480.0,655.4661110660456,2502,418,265,1447,746,15,1043.2981129001207,17327.086383601756,3.210834553440703,0.6120058565153733,0.6598267213862289,True
SuX5,680,1774,44200.0,53000.0,187.28370168178733,962,354,326,847,927,27,1331.6952544453436,47031.30882352941,2.6088235294117648,0.5205882352941177,0.4774520856820744,True
SAK6,677,977,26.42,33.9,274.37954384772814,464,341,336,526,451,71,1.6964424606018318,28.02940915805022,1.4431314623338256,0.5036927621861153,0.5383828045035824,True
I2U5,670,1590,0.9145,1.3385,162.22518845495682,254,324,346,779,811,118,0.08778408865212356,1.0633250746268657,2.373134328358209,0.4835820895522388,0.489937106918239,True
R2H6,670,3637,225.2,262.2,471.22437906783443,3038,330,340,1743,1894,69,6.851281919365099,248.97134328358206,5.428358208955224,0.4925373134328358,0.4792411328017597,True
IVH6,659,2116,17000.0,18405.0,423.30600961906697,898,325,334,1042,1074,31,257.05786554112535,17818.707132018208,3.21092564491654,0.4931714719271624,0.4924385633270321,True
CIH6,655,1135,60.06,67.72,329.6342658712509,918,343,312,628,507,48,1.8387679805158106,64.15206106870228,1.7328244274809161,0.5236641221374045,0.5533039647577093,True
GUZ5,649,6756,1.3,1.4277,3826.8056641772746,5094,314,335,3211,3545,70,0.018939213485607443,1.3309294298921417,10.409861325115562,0.48382126348228044,0.4752812314979278,True
VIX5,643,1576,33.8,40.7,856.637856588755,1158,379,264,1025,551,41,0.77469309422758,37.46034214618974,2.4510108864696734,0.5894245723172629,0.6503807106598984,True
SuG5,638,1117,57750.0,62730.0,185.0101762461035,328,346,292,547,570,30,869.9422625840702,60653.683385579934,1.750783699059561,0.542319749216301,0.4897045658012534,True
SAH5,634,955,39.61,45.89,253.87597352620682,426,297,337,423,532,39,1.3142557403896322,42.736813880126185,1.5063091482649842,0.46845425867507884,0.44293193717277485,True
CIZ5,624,2281,58.55,68.28,390.73001531733127,982,302,322,1218,1063,41,1.7197845866242207,62.32453525641026,3.655448717948718,0.483974358974359,0.5339763261727313,True
SDZ5,624,2256,35.06,41.69,363.6297892881413,772,301,323,1073,1183,42,1.3681616140246664,38.29330128205128,3.6153846153846154,0.4823717948717949,0.47562056737588654,True
PDZ6,622,654,1737.7,2261.0,75.1313812558056,228,320,302,331,323,16,161.30601761352037,1998.8204019292605,1.0514469453376205,0.5144694533762058,0.5061162079510704,True
CSZ5,613,3129,6504.0,8665.0,192.50426372351097,1296,322,291,1753,1376,74,431.1171156651911,7549.3866231647635,5.104404567699837,0.5252854812398042,0.5602428891019495,True
GUU5,592,6527,1.31,1.3889,2964.658077962813,3542,330,262,2938,3589,70,0.011353868468171891,1.3456233108108109,11.025337837837839,0.5574324324324325,0.45013022828251875,True
AAZ5,591,3542,60.19,68.64,293.48919451445346,1648,311,280,1889,1653,36,1.5258503484006145,64.87517766497463,5.993231810490694,0.5262267343485617,0.5333145115753811,True
ZCU5,591,1425,2542.5,3031.0,105.84870802864062,378,287,304,631,794,77,100.01418175242065,2801.9153976311336,2.4111675126903553,0.4856175972927242,0.44280701754385965,True
PXM6,577,735,21459.0,25787.0,144.014650583557,308,287,290,369,366,20,834.4123223468191,24613.518197573656,1.2738301559792027,0.49740034662045063,0.5020408163265306,True
OGH5,574,4046,7860.0,9924.0,1164.5306792425883,2424,332,242,2227,1819,51,372.2047201816356,8748.07142857143,7.048780487804878,0.578397212543554,0.5504201680672269,True
CFZ5,564,2012,0.7628,0.8153,83841.98382586672,100890,311,253,1010,1002,84,0.008036383397909038,0.7961952127659575,3.5673758865248226,0.5514184397163121,0.5019880715705766,True
PTZ6,561,625,2045.8,2710.6,74.3152978353734,174,252,309,270,355,14,220.7147242607402,2431.1286987522285,1.1140819964349375,0.44919786096256686,0.432,True
ZCH5,560,7798,2698.0,3053.5,431.6821889446779,4002,327,233,3577,4221,49,62.076130705782184,2833.7776785714286,13.925,0.5839285714285715,0.45870736086175945,True
GDZ6,559,672,4406.8,4773.5,244.48977950278487,506,273,286,321,351,16,105.37279139638805,4614.427012522362,1.2021466905187836,0.4883720930232558,0.47767857142857145,True
SuJ5,544,1072,58010.0,65200.0,195.64263573529934,400,225,319,445,627,57,1320.0948596962642,60834.17279411765,1.9705882352941178,0.41360294117647056,0.41511194029850745,True
SPM6,538,675,30490.0,35326.0,93.59476918989334,336,286,252,346,329,71,717.2179871184771,32136.79739776952,1.254646840148699,0.5315985130111525,0.5125925925925926,True
TCZ5,533,1277,541.1,690.7,58.41843446832418,464,283,250,667,610,80,28.500053047918655,640.2838649155722,2.395872420262664,0.5309568480300187,0.5223179326546593,True
X5M6,531,3157,2700.0,2998.0,1390.6424454589903,2814,240,291,1301,1856,23,40.63016461546572,2834.860640301318,5.9453860640301315,0.4519774011299435,0.4121000950269243,True
PIM6,514,1412,5012.0,5471.0,383.8926523311933,524,247,267,713,699,13,96.37214194771093,5166.605058365759,2.747081712062257,0.4805447470817121,0.5049575070821529,True
RIU6,493,531,100090.0,131450.0,37.63347047108515,104,262,231,285,246,109,5947.756573438493,109653.79310344828,1.077079107505071,0.5314401622718052,0.536723163841808,True
TNM6,487,5275,1421.0,1612.0,2723.0099198945527,5970,237,250,2510,2765,22,17.100226575041273,1468.2197125256673,10.831622176591376,0.486652977412731,0.4758293838862559,True
XIU5,485,1079,50.81,60.06,328.12700503558426,386,263,222,476,603,49,2.117258648269849,55.175917525773194,2.224742268041237,0.5422680412371134,0.4411492122335496,True
VIM5,484,802,32.5,52.1,114.6468637748248,444,230,254,320,482,29,4.034759684824576,42.501652892561985,1.6570247933884297,0.47520661157024796,0.39900249376558605,True
MXZ6,481,584,281350.0,326400.0,71.96882848114113,288,230,251,280,304,61,6698.596521301385,303518.76299376297,1.2141372141372142,0.4781704781704782,0.4794520547945205,True
RIZ6,481,506,98260.0,125040.0,37.01457384619817,78,240,241,253,253,116,5205.144044139405,111071.62162162163,1.051975051975052,0.498960498960499,0.5,True
NMM6,474,855,11209.0,12659.0,307.5618597738891,630,225,249,383,472,20,254.8160275468107,11679.550632911392,1.8037974683544304,0.47468354430379744,0.447953216374269,True
MEM6,474,1256,17240.0,19486.0,314.77172570312473,600,279,195,762,494,17,370.20789072214745,18498.438818565402,2.649789029535865,0.5886075949367089,0.606687898089172,True
OGH6,435,1097,6600.0,7975.0,156.53384047988845,482,205,230,485,612,34,209.7974662075175,7373.498850574712,2.52183908045977,0.47126436781609193,0.4421148587055606,True
BMM6,433,591,59.85,65.57,92.87982733515688,180,238,195,307,284,46,1.092319364564637,62.1345727482679,1.3648960739030023,0.5496535796766744,0.5194585448392555,True
HOM5,426,3647,30220.0,32870.0,382.4713954795205,1292,199,227,1764,1883,80,505.3770211874532,31372.5117370892,8.561032863849766,0.4671361502347418,0.4836852207293666,True
AEZ5,426,2298,20.564,31.376,163.3433567036828,894,219,207,1303,995,84,1.6873236846331616,22.927807511737086,5.394366197183099,0.5140845070422535,0.5670147954743255,True
ZCM5,422,1475,2462.0,3079.5,147.91342269031946,546,206,216,673,802,77,152.34786204512224,2724.64336492891,3.495260663507109,0.4881516587677725,0.456271186440678,True
W4J6,417,519,16190.0,19850.0,125.17334276209549,216,261,156,311,208,81,864.5532636448761,17710.863309352517,1.2446043165467626,0.6258992805755396,0.5992292870905588,True
FNU5,412,1923,9363.0,13576.0,204.84545294224264,778,194,218,865,1058,83,618.6123727383464,10491.203883495145,4.66747572815534,0.470873786407767,0.4498179927197088,True
AGZ5,410,749,79.4,97.6,135.0609128563008,200,209,201,416,333,36,2.369322922505734,91.09380487804877,1.826829268292683,0.5097560975609756,0.5554072096128171,True
EMM5,404,2037,38.29,47.72,286.89090068101837,606,197,207,872,1165,75,1.927479640817442,44.18695544554455,5.042079207920792,0.4876237623762376,0.42808051055473734,True
SuF6,402,1260,44350.0,52650.0,142.08412547505472,1124,212,190,545,715,36,654.7285272877951,49713.30845771144,3.1343283582089554,0.527363184079602,0.43253968253968256,True
GZZ6,402,518,14515.0,15832.0,125.47261055849062,318,200,202,287,231,21,347.6608432147084,14905.888059701492,1.2885572139303483,0.4975124378109453,0.5540540540540541,True
GUM5,400,8068,1.1626,1.3628,3245.913518007666,4756,208,192,3995,4073,65,0.03222561466263462,1.32415225,20.17,0.52,0.49516608824987607,True
MAM5,399,1980,5650.0,8837.0,423.5401958109472,748,192,207,889,1091,65,810.0902555366187,6800.606516290727,4.962406015037594,0.48120300751879697,0.448989898989899,True
CSU5,388,1893,6874.0,8499.0,246.383010223009,926,214,174,1083,810,58,304.9401516162732,7565.038659793814,4.878865979381444,0.5515463917525774,0.572107765451664,True
SQM6,377,477,52.29,58.86,297.15418341579056,442,168,209,208,269,10,0.3596309837103118,57.150928381962856,1.2652519893899203,0.44562334217506633,0.4360587002096436,True
ASM6,372,12659,272.0,322.0,2543.73555111967,6986,190,182,6078,6581,21,8.44167665584896,289.4274193548387,34.02956989247312,0.510752688172043,0.4801327119045738,True
MMU7,368,518,2953.95,3588.15,110.38295902815132,278,135,233,193,325,39,140.48258235336246,3304.697010869565,1.4076086956521738,0.36684782608695654,0.37258687258687256,True
MAH5,365,7024,6079.0,8487.0,244.35470174313699,526,170,195,3319,3705,47,377.7296864209915,7340.578082191781,19.243835616438357,0.4657534246575342,0.47252277904328016,True
HOH5,365,3043,28650.0,30740.0,1287.9729863921912,3428,194,171,1598,1445,48,269.6214018853294,30010.602739726026,8.336986301369864,0.5315068493150685,0.5251396648044693,True
AAH6,362,689,62.65,74.36,113.91979732611416,502,185,177,421,268,44,2.4058632572706657,67.73395027624309,1.9033149171270718,0.511049723756906,0.6110304789550073,True
RQH6,362,2614,5949.0,6645.0,628.9024022204815,1176,201,161,1265,1349,29,168.62436757450428,6292.883977900552,7.220994475138122,0.5552486187845304,0.4839326702371844,True
AEM5,350,943,19.955,31.441,387.2024507024507,642,159,191,386,557,74,2.0958923671107605,25.065582857142857,2.6942857142857144,0.4542857142857143,0.4093319194061506,True
HOZ5,348,2174,31470.0,34680.0,302.7299730692588,1024,202,146,1306,868,84,424.2585919459155,32820.8908045977,6.247126436781609,0.5804597701149425,0.6007359705611776,True
HKH6,343,818,9.6,13.68,160.8434495871069,406,168,175,351,467,58,0.9865712807570055,11.113988338192419,2.3848396501457727,0.4897959183673469,0.4290953545232274,True
CSH5,338,2747,7126.0,9368.0,396.44891851073453,1212,167,171,1378,1369,51,311.7700811967239,8072.005917159763,8.127218934911243,0.4940828402366864,0.5016381507098653,True
NRN6,336,3817,3.723,4.11,1984.696069000815,3260,193,143,1983,1834,11,0.1029518863794682,3.8840803571428575,11.360119047619047,0.5744047619047619,0.5195179460309143,True
ALM6,329,765,4304.0,4909.0,303.75299677786654,760,143,186,321,444,19,93.86979286062106,4476.83282674772,2.325227963525836,0.43465045592705165,0.4196078431372549,True
RNU6,328,348,39972.0,47764.0,75.88090005232861,112,142,186,154,194,56,1430.6014991431532,43664.46951219512,1.0609756097560976,0.4329268292682927,0.4425287356321839,True
FNM5,327,1797,9376.0,13162.0,215.1262317425667,910,160,167,527,1270,69,584.9220698451952,10932.88379204893,5.495412844036697,0.4892966360856269,0.2932665553700612,True
SuF5,320,757,55890.0,60940.0,181.74970858040783,324,158,162,403,354,9,1570.4935529953639,58039.375,2.365625,0.49375,0.5323645970937912,True
RLM6,319,2484,3137.0,3705.0,837.9603279090525,2018,143,176,912,1572,21,58.56449436305256,3577.347962382445,7.786833855799373,0.4482758620689655,0.3671497584541063,True
IRM6,314,409,29567.0,35669.0,154.25144698747025,358,122,192,171,238,19,675.095457837617,31410.32484076433,1.302547770700637,0.3885350318471338,0.4180929095354523,True
TCU5,312,546,498.2,647.2,60.999789245841875,100,176,136,306,240,48,37.308523687172524,581.3230769230769,1.75,0.5641025641025641,0.5604395604395604,True
EMH5,307,2493,40.65,45.42,677.6109651232458,1352,153,154,1280,1213,45,1.0831070626170398,42.96260586319218,8.120521172638437,0.498371335504886,0.5134376253509828,True
SGM6,306,454,40177.0,47093.0,207.69125823797805,342,183,123,267,187,20,985.5201084759908,44256.67647058824,1.4836601307189543,0.5980392156862745,0.5881057268722467,True
EMH6,302,1059,52.6,58.48,167.4649374818508,686,154,148,636,423,50,1.06061206818689,54.78900662251655,3.506622516556291,0.5099337748344371,0.6005665722379604,True
BSM6,299,640,3140.0,3578.0,239.99703194360706,510,134,165,292,348,19,131.77810074613063,3263.2240802675587,2.140468227424749,0.44816053511705684,0.45625,True
AEU5,291,888,21.003,31.391,191.1405585840771,494,138,153,404,484,81,2.369869674751897,24.35312027491409,3.051546391752577,0.4742268041237113,0.45495495495495497,True
AGH6,290,535,84.02,95.87,72.2611605766593,250,136,154,193,342,44,1.8591093937268872,91.0158275862069,1.8448275862068966,0.4689655172413793,0.36074766355140186,True
SZM6,273,2887,1268.0,1402.0,2255.8865624845657,3248,123,150,971,1916,18,37.67685963073347,1315.956043956044,10.575091575091575,0.45054945054945056,0.3363352961551784,True
HYM6,268,673,4432.0,4658.0,415.4085644251186,582,124,144,313,360,10,59.89110488582154,4530.79104477612,2.5111940298507465,0.4626865671641791,0.4650817236255572,True
HKM5,260,890,9.481,13.505,165.12613340765515,474,130,130,438,452,69,0.9117682290447002,11.363134615384615,3.423076923076923,0.5,0.49213483146067416,True
HOU5,256,3184,30350.0,33900.0,972.8455084123241,1990,129,127,1254,1930,62,550.9051251359989,31446.40625,12.4375,0.50390625,0.39384422110552764,True
NAZ6,251,634,24782.0,26299.0,444.3129129640346,792,171,80,458,176,16,298.2180340511502,25568.3984063745,2.5258964143426295,0.6812749003984063,0.722397476340694,True
EuU6,249,267,98000.0,120278.0,61.2557113742236,172,133,116,142,125,64,5074.966204218353,105741.8313253012,1.072289156626506,0.5341365461847389,0.5318352059925093,True
HKU5,247,1079,10.023,14.296,188.17277249777248,590,112,135,510,569,74,1.0821048225997665,11.424336032388664,4.368421052631579,0.4534412955465587,0.4726598702502317,True
FNH5,245,1580,9280.0,12899.0,476.5199070099201,1134,130,115,914,666,49,568.1441772318427,11240.481632653062,6.448979591836735,0.5306122448979592,0.5784810126582278,True
CFH5,244,465,0.8759,0.9171,524.1452176295926,568,134,110,230,235,48,0.00947639751852351,0.8962270491803278,1.9057377049180328,0.5491803278688525,0.4946236559139785,True
VKM6,242,884,2871.0,3274.0,425.21107924590876,744,109,133,470,414,19,80.16197053757998,3166.6074380165287,3.652892561983471,0.45041322314049587,0.5316742081447964,True
ARU5,242,404,16.964,30.1,24.43646735209235,50,115,127,191,213,48,2.102471149480334,22.897479338842974,1.6694214876033058,0.47520661157024796,0.47277227722772275,True
W4M6,241,639,16200.0,19460.0,308.664110383081,770,121,120,177,462,60,642.7347995860107,17579.460580912862,2.6514522821576763,0.5020746887966805,0.27699530516431925,True
PHM6,238,519,6308.0,7399.0,280.81243638000126,560,121,117,214,305,19,217.15890104735186,6711.36974789916,2.180672268907563,0.5084033613445378,0.4123314065510597,True
DJH6,237,3325,449.1,510.2,100.74306429724386,976,127,110,1730,1595,57,7.262273769333701,480.0417721518987,14.029535864978904,0.5358649789029536,0.5203007518796993,True
MAH6,237,393,5717.0,6999.0,30.214619551524315,108,122,115,185,208,42,243.20287340132685,6268.308016877637,1.6582278481012658,0.5147679324894515,0.4707379134860051,True
NBM6,226,3841,396.0,521.0,1199.477352577155,4136,114,112,1651,2190,22,10.361015845497462,442.0088495575221,16.995575221238937,0.504424778761062,0.42983598021348607,True
KZZ5,217,468,13.682,19.001,76.64084498268171,142,106,111,212,256,49,0.6992789434956036,15.654359447004609,2.1566820276497696,0.48847926267281105,0.452991452991453,True
W4K6,208,276,16580.0,18990.0,74.71056343012864,194,141,67,201,75,46,632.0331428966404,17518.028846153848,1.3269230769230769,0.6778846153846154,0.7282608695652174,True
SCM6,202,2246,1275.0,1455.0,1075.059461146034,3486,129,73,1519,727,18,35.03536961676027,1362.1980198019803,11.118811881188119,0.6386138613861386,0.6763134461264471,True
KZU5,201,365,14.501,18.999,75.51355966255966,228,99,102,185,180,50,1.0600414679990366,16.01226865671642,1.8159203980099503,0.4925373134328358,0.5068493150684932,True
SFZ6,201,291,685.0,705.58,292.5826592094242,414,141,60,207,84,13,4.4643354517376,695.5333333333334,1.4477611940298507,0.7014925373134329,0.711340206185567,True
CSM5,196,1394,6714.0,9416.0,199.56915814681773,366,111,85,474,920,47,456.9527289389312,7973.607142857143,7.112244897959184,0.5663265306122449,0.3400286944045911,True
CFH6,196,728,0.7677,0.8627,193.27587478311162,888,119,77,321,407,38,0.019792920304185908,0.7919566326530613,3.7142857142857144,0.6071428571428571,0.4409340659340659,True
BDM6,195,255,123.5,140.0,38.7959772143853,80,107,88,134,121,14,3.597936221633879,132.45789743589745,1.3076923076923077,0.5487179487179488,0.5254901960784314,True
I2M5,188,1164,0.8124,1.2393,132.76753753069542,328,92,96,511,653,57,0.05853057942708388,0.9938239361702127,6.191489361702128,0.48936170212765956,0.43900343642611683,True
BMN6,185,342,59.03,67.11,71.10679639527324,156,107,78,204,138,27,1.2828961404270052,61.96664864864865,1.8486486486486486,0.5783783783783784,0.5964912280701754,True
HOH6,182,916,31180.0,34790.0,320.35801587301586,1056,82,100,263,653,50,765.0179136224646,33758.35164835165,5.032967032967033,0.45054945054945056,0.287117903930131,True
KZH6,182,469,13.521,16.64,70.05049756418924,176,93,89,214,255,26,0.6618850237128687,14.881989010989011,2.576923076923077,0.510989010989011,0.4562899786780384,True
SPU6,176,208,29001.0,33296.0,96.52510337468321,178,80,96,101,107,28,461.89540920820986,31661.784090909092,1.1818181818181819,0.45454545454545453,0.4855769230769231,True
VIJ5,175,361,45.75,66.65,64.10413113231813,214,72,103,161,200,11,5.466958602700076,59.244571428571426,2.0628571428571427,0.4114285714285714,0.44598337950138506,True
AUH5,175,646,0.6133,0.6414,38.85624613481757,138,92,83,322,324,49,0.0060939700596930445,0.6266417142857142,3.6914285714285713,0.5257142857142857,0.4984520123839009,True
CAZ5,173,782,1.3517,1.4522,32.15612848689772,232,93,80,449,333,52,0.011026983905733858,1.3944121387283237,4.520231213872832,0.5375722543352601,0.5741687979539642,True
BMF5,171,3742,74.29,74.66,5279.137437365784,7448,87,84,3117,625,2,0.0494974746830535,74.39561403508772,21.883040935672515,0.5087719298245614,0.8329770176376269,True
I2H6,169,661,0.7928,1.2,79.17107716844559,286,87,82,419,242,38,0.09815236888522305,0.973698224852071,3.911242603550296,0.514792899408284,0.6338880484114977,True
VIZ5,168,329,32.4,39.4,205.32593118686867,276,78,90,217,112,32,1.008011006644336,37.22232142857143,1.9583333333333333,0.4642857142857143,0.6595744680851063,True
HKH5,165,645,10.614,13.68,109.89596734892787,356,72,93,310,335,36,0.9119175401317812,12.127157575757575,3.909090909090909,0.43636363636363634,0.4806201550387597,True
EDU6,161,191,1.1096,1.1998,18.2767705811138,100,106,55,120,71,32,0.017700858542600766,1.1748509316770186,1.186335403726708,0.6583850931677019,0.6282722513089005,True
RUM6,154,1645,1018.0,1134.0,181.27075702075703,1172,88,66,604,1041,13,27.910571473905772,1068.3311688311687,10.681818181818182,0.5714285714285714,0.36717325227963526,True
CSH6,154,380,6641.0,8000.0,30.70105311355311,74,82,72,206,174,26,255.54852015585195,7204.922077922078,2.4675324675324677,0.5324675324675324,0.5421052631578948,True
GUH6,154,2198,1.3157,1.4203,2632.3494870051204,4826,65,89,248,1950,19,0.00892840922158417,1.3416896103896105,14.272727272727273,0.42207792207792205,0.11282984531392175,True
AEH6,149,512,21.06,30.659,154.27871572871572,394,74,75,193,319,38,1.4915095020128402,23.746979865771813,3.436241610738255,0.4966442953020134,0.376953125,True
HSM6,148,751,24902.0,27872.0,284.86326530612246,594,84,64,421,330,14,681.958024553379,26855.317567567567,5.074324324324325,0.5675675675675675,0.5605858854860186,True
RIH7,147,162,102170.0,126760.0,13.24141604010025,36,79,68,87,75,57,5671.266903941246,111307.0068027211,1.1020408163265305,0.5374149659863946,0.5370370370370371,True
CRM7,146,454,12.2,13.66,65.24159226190476,154,66,80,192,262,16,0.19347668894899633,13.003431506849315,3.1095890410958904,0.4520547945205479,0.42290748898678415,True
CAH5,145,560,1.4078,1.4714,40.15026455026455,312,72,73,274,286,42,0.00863324510378725,1.4368489655172414,3.8620689655172415,0.496551724137931,0.48928571428571427,True
RQM6,143,696,6168.0,6700.0,320.12318722943724,554,89,54,491,205,20,112.01920652985753,6432.202797202797,4.8671328671328675,0.6223776223776224,0.7054597701149425,True
BYH6,141,257,26.5,28.89,4.558585858585858,10,68,73,128,129,11,0.3720703745749762,28.232340425531916,1.822695035460993,0.48226950354609927,0.4980544747081712,True
FNH6,129,319,8851.0,10697.0,25.59695340501792,218,63,66,160,159,31,276.2065496408733,9660.038759689922,2.4728682170542635,0.4883720930232558,0.5015673981191222,True
VIF6,129,246,33.15,38.6,26.77045125219998,78,72,57,128,118,19,0.9250019756577608,35.77596899224807,1.9069767441860466,0.5581395348837209,0.5203252032520326,True
N2M6,128,274,50423.0,53100.0,187.90002220002222,286,59,69,164,110,11,494.90572104924473,51697.984375,2.140625,0.4609375,0.5985401459854015,True
TCH6,124,158,602.6,690.7,18.82804232804233,46,73,51,91,67,45,22.17436708353941,634.5491935483872,1.2741935483870968,0.5887096774193549,0.5759493670886076,True
KZH5,124,240,16.121,20.0,38.30093915343915,98,49,75,88,152,30,0.965937591092226,18.184717741935483,1.935483870967742,0.3951612903225806,0.36666666666666664,True
AUZ5,123,487,0.645,0.6872,26.364242424242423,136,57,66,253,234,55,0.007837244671464811,0.6565284552845528,3.959349593495935,0.4634146341463415,0.5195071868583162,True
AUM5,121,824,0.5967,0.6523,43.96388888888889,218,71,50,434,390,38,0.014839118269289324,0.6313165289256197,6.809917355371901,0.5867768595041323,0.5266990291262136,True
IVM6,120,217,18004.0,19330.0,84.02831322673427,226,55,65,82,135,18,279.8867885040032,18511.025,1.8083333333333333,0.4583333333333333,0.3778801843317972,True
OGM6,119,238,7420.0,8398.0,41.50375807767112,110,58,61,125,113,14,110.72270084999037,7816.35294117647,2.0,0.48739495798319327,0.5252100840336135,True
W4U6,117,507,16550.0,18260.0,244.1691197691198,402,48,69,258,249,36,403.76442919815787,17378.803418803418,4.333333333333333,0.41025641025641024,0.5088757396449705,True
BYZ5,114,159,25.17,31.7,20.44088669950739,74,58,56,84,75,29,0.9087692646401944,28.67754385964912,1.394736842105263,0.5087719298245614,0.5283018867924528,True
AEH5,114,432,22.373,28.876,155.61774576497268,342,65,49,261,171,35,1.9498896706560338,26.043333333333333,3.789473684210526,0.5701754385964912,0.6041666666666666,True
SuG6,113,289,46880.0,53740.0,48.85714779048112,270,60,53,191,98,9,773.220178503151,51250.44247787611,2.5575221238938055,0.5309734513274337,0.6608996539792388,True
FEM6,113,193,5148.0,6279.0,48.5505248978075,158,61,52,95,98,12,195.65885199406742,5564.230088495575,1.7079646017699115,0.5398230088495575,0.49222797927461137,True
KMM6,110,1120,792.0,1048.0,487.0005706099456,958,59,51,595,525,16,39.64341054954783,907.6090909090909,10.181818181818182,0.5363636363636364,0.53125,True
BYU5,108,241,25.26,29.81,20.74489280560709,60,58,50,130,111,28,0.7787572347579368,27.618148148148148,2.2314814814814814,0.5370370370370371,0.5394190871369294,True
I2H5,108,358,0.9423,1.2174,73.01007442849549,134,64,44,197,161,33,0.08107836919152726,1.0622944444444444,3.314814814814815,0.5925925925925926,0.5502793296089385,True
ZCM6,107,121,3141.5,3304.0,34.550336538461536,82,56,51,64,57,8,57.57475730362592,3248.7943925233644,1.1308411214953271,0.5233644859813084,0.5289256198347108,True
S0M6,102,1101,840.0,1007.0,1083.962890812891,1466,45,57,623,478,12,13.630402737552496,865.8823529411765,10.794117647058824,0.4411764705882353,0.5658492279745686,True
HKM6,100,298,10.5,13.21,59.11328054298642,164,48,52,146,152,20,0.4567671841609425,11.53492,2.98,0.48,0.4899328859060403,True
CMM6,100,204,6445.0,7784.0,72.90931129476584,132,62,38,135,69,11,454.4650201560672,6946.99,2.04,0.62,0.6617647058823529,True
AKM6,97,225,13958.0,15254.0,83.85402494331065,122,62,35,132,93,14,435.62195652995774,14598.39175257732,2.3195876288659796,0.6391752577319587,0.5866666666666667,True
HDM6,94,418,2903.0,3234.0,164.59617940538993,288,43,51,218,200,12,47.2430049335508,3059.627659574468,4.446808510638298,0.4574468085106383,0.5215311004784688,True
FSM6,93,272,7583.0,8058.0,194.64766414141414,364,59,34,169,103,16,116.00050287247298,7750.096774193548,2.924731182795699,0.6344086021505376,0.6213235294117647,True
CAU5,91,239,1.3484,1.461,25.301482683982684,50,47,44,133,106,40,0.018547892098080904,1.371543956043956,2.6263736263736264,0.5164835164835165,0.5564853556485355,True
EuZ6,89,98,99402.0,116989.0,39.80833333333333,66,61,28,69,29,48,4113.406415610106,107341.49438202247,1.101123595505618,0.6853932584269663,0.7040816326530612,True
DXM6,89,209,19200.0,20495.0,47.01084656084656,94,49,40,111,98,15,209.64330250621896,19985.134831460673,2.348314606741573,0.550561797752809,0.5311004784688995,True
KZM5,87,515,13.899,19.335,216.1887926887927,358,46,41,281,234,27,1.0930141106837747,16.361264367816094,5.919540229885057,0.5287356321839081,0.545631067961165,True
AUU5,81,659,0.642,0.6642,34.9008547008547,134,45,36,328,331,39,0.004957672389294016,0.6528197530864197,8.135802469135802,0.5555555555555556,0.4977238239757208,True
UNM6,76,206,14538.0,17666.0,62.7977773556231,144,43,33,108,98,8,550.3541067868422,15927.75,2.710526315789474,0.5657894736842105,0.5242718446601942,True
RIM7,74,75,104000.0,122260.0,12.174074074074074,22,36,38,36,39,30,5054.323755032873,112312.2972972973,1.0135135135135136,0.4864864864864865,0.48,True
LKZ6,68,69,56497.0,60128.0,21.11118881118881,48,47,21,47,22,11,926.8546026996111,59006.10294117647,1.0147058823529411,0.6911764705882353,0.6811594202898551,True
SOM6,68,170,4863.0,5488.0,92.15035173160173,204,26,42,59,111,16,86.35775877128816,5324.35294117647,2.5,0.38235294117647056,0.34705882352941175,True
CAM5,66,270,1.3641,1.44,23.391397849462365,70,36,30,145,125,31,0.022992931592683147,1.4059030303030304,4.090909090909091,0.5454545454545454,0.5370370370370371,True
BNM6,66,255,1380.0,1684.0,181.7563492063492,276,44,22,188,67,15,51.80687580767996,1593.1363636363637,3.8636363636363638,0.6666666666666666,0.7372549019607844,True
BZM6,62,122,32.53,35.15,39.53061224489796,76,30,32,60,62,7,0.5602975400029303,33.70758064516129,1.967741935483871,0.4838709677419355,0.4918032786885246,True
ARZ5,60,84,19.451,23.999,34.33148148148148,68,24,36,29,55,18,1.0406230866633384,21.73085,1.4,0.4,0.34523809523809523,True
VIG6,58,107,32.7,39.7,15.829946524064171,38,22,36,45,62,11,2.0077916407653635,35.922413793103445,1.8448275862068966,0.3793103448275862,0.4205607476635514,True
IPM6,57,77,562.0,613.5,35.87193362193362,78,29,28,49,28,12,12.430640905976379,582.5175438596491,1.3508771929824561,0.5087719298245614,0.6363636363636364,True
MXU7,56,80,298100.0,345825.0,30.965034965034967,46,33,23,45,35,11,18749.83090832846,321472.3214285714,1.4285714285714286,0.5892857142857143,0.5625,True
I2M6,54,97,0.8805,1.1323,35.924305555555556,66,24,30,39,58,16,0.05037930792167235,0.9945592592592591,1.7962962962962963,0.4444444444444444,0.4020618556701031,True
RTM6,52,80,6437.0,6989.0,39.46831501831502,58,26,26,39,41,10,68.52606965398064,6737.692307692308,1.5384615384615385,0.5,0.4875,True
BRQ6,51,55,59.35,62.9,27.287878787878785,64,39,12,40,15,7,0.7572946837891028,61.727450980392156,1.0784313725490196,0.7647058823529411,0.7272727272727273,True
W4Q6,51,72,16530.0,18460.0,23.442892156862744,66,32,19,50,22,16,570.6545948878938,17462.745098039217,1.411764705882353,0.6274509803921569,0.6944444444444444,True
TPM6,50,79,5512.0,6147.0,59.30340136054422,128,24,26,34,45,14,194.0384010934461,5727.94,1.58,0.48,0.43037974683544306,True
SEM6,49,573,2669.0,2898.0,488.5238095238096,828,37,12,300,273,9,70.74268709752101,2761.9591836734694,11.693877551020408,0.7551020408163265,0.5235602094240838,True
RAM6,48,156,1736.0,1937.0,52.67707082833134,226,20,28,43,113,14,56.11178991114935,1808.6458333333333,3.25,0.4166666666666667,0.27564102564102566,True
ARM5,47,51,18.369,29.5,4.59567901234568,10,24,23,27,24,18,3.1080160165004855,24.261340425531913,1.0851063829787233,0.5106382978723404,0.5294117647058824,True
TLM6,47,1145,86.84,88.8,1137.6565217391303,1756,27,20,955,190,5,0.7091403246184759,88.18468085106383,24.361702127659573,0.574468085106383,0.834061135371179,True
UTZ5,45,94,505.1,615.0,6.95952380952381,24,19,26,46,48,14,36.78274574600678,536.5111111111111,2.088888888888889,0.4222222222222222,0.48936170212765956,True
ISM6,45,228,669.0,763.0,116.74222222222222,216,30,15,138,90,10,16.682992004500342,726.7333333333333,5.066666666666666,0.6666666666666666,0.6052631578947368,True
FLM6,44,55,8075.0,8237.0,30.489998196248195,68,21,23,26,29,8,43.67554889670618,8167.068181818182,1.25,0.4772727272727273,0.4727272727272727,True
ARH5,42,57,19.031,26.512,17.117857142857144,28,17,25,21,36,14,1.8233022028936738,23.548928571428572,1.3571428571428572,0.40476190476190477,0.3684210526315789,True
SXM6,42,66,5787.2,6308.6,38.73769841269841,66,23,19,39,27,10,125.69205976866222,5951.7642857142855,1.5714285714285714,0.5476190476190477,0.5909090909090909,True
MTM6,41,53,22648.0,23290.0,35.99626068376068,64,19,22,25,28,8,209.16120747950825,22946.853658536584,1.2926829268292683,0.4634146341463415,0.4716981132075472,True
UTH5,41,41,485.4,578.9,8.207857142857142,14,20,21,20,21,10,26.97835346264768,521.8829268292683,1.0,0.4878048780487805,0.4878048780487805,True
W4N6,40,41,16740.0,18970.0,11.927777777777777,20,20,20,20,21,24,665.2753597930925,17380.75,1.025,0.5,0.4878048780487805,True
CAH6,39,78,1.355,1.4477,24.88756613756614,64,23,16,47,31,18,0.027901524427161182,1.3887435897435898,2.0,0.5897435897435898,0.6025641025641025,True
SDM6,39,315,35.4,39.0,17.748576675849403,116,25,14,191,124,11,0.9667809754776168,37.143076923076926,8.076923076923077,0.6410256410256411,0.6063492063492063,True
EMM6,35,322,51.25,55.88,33.56944444444444,124,18,17,190,132,4,0.6682003192656114,53.92171428571429,9.2,0.5142857142857142,0.5900621118012422,True
AUH6,30,613,0.6609,0.6817,81.16483516483517,308,19,11,343,270,7,0.003903173312160472,0.6695566666666667,20.433333333333334,0.6333333333333333,0.5595432300163132,True
AEM6,29,64,22.025,25.393,28.866666666666667,76,16,13,35,29,10,1.1753342834180327,23.251103448275863,2.206896551724138,0.5517241379310345,0.546875,True
BMQ6,28,29,61.47,64.24,23.38095238095238,36,18,10,19,10,2,0.989949493661163,62.36642857142857,1.0357142857142858,0.6428571428571429,0.6551724137931034,True
MDM6,27,46,15048.0,15600.0,24.916666666666668,86,17,10,33,13,4,45.0804835821445,15243.185185185184,1.7037037037037037,0.6296296296296297,0.717391304347826,True
SNM6,25,50,23170.0,24563.0,66.51333333333334,114,19,6,44,6,10,273.53774876605246,23895.92,2.0,0.76,0.88,True
UCU6,24,28,6.996,7.3,11.44848484848485,26,12,12,16,12,11,0.07569292028861187,7.084458333333333,1.1666666666666667,0.5,0.5714285714285714,True
NGN6,23,23,3.7,3.87,11.006944444444445,18,15,8,15,8,4,0.0605165266683406,3.8013478260869564,1.0,0.6521739130434783,0.6521739130434783,True
BBM6,22,39,152.63,168.56,15.158333333333333,34,13,9,24,15,8,1.884174696177158,157.19954545454544,1.7727272727272727,0.5909090909090909,0.6153846153846154,True
MXH7,18,18,304525.0,322725.0,20.308641975308642,26,10,8,10,8,9,2740.5266120056435,310530.55555555556,1.0,0.5555555555555556,0.5555555555555556,True
MGM6,17,17,29871.0,31415.0,12.428571428571429,24,12,5,12,5,7,417.79175719603757,30399.176470588234,1.0,0.7058823529411765,0.7058823529411765,True
EAM6,17,18,4654.0,4916.0,14.142857142857142,44,12,5,12,6,7,87.08014917851469,4807.823529411765,1.0588235294117647,0.7058823529411765,0.6666666666666666,True
CSM6,16,47,7208.0,8305.0,14.041666666666666,24,10,6,28,19,6,234.18062829078485,7701.125,2.9375,0.625,0.5957446808510638,True
MXM7,15,15,308675.0,318175.0,19.333333333333332,24,7,8,7,8,6,3755.884272267542,315466.6666666667,1.0,0.4666666666666667,0.4666666666666667,True
SPZ6,14,14,31077.0,32860.0,8.52,12,11,3,11,3,5,653.1032077704107,32053.14285714286,1.0,0.7857142857142857,0.7857142857142857,True
HOM6,14,712,33260.0,35280.0,125.8,400,7,7,307,405,4,509.4686774801103,34517.857142857145,50.857142857142854,0.5,0.4311797752808989,True
AGM6,14,168,89.44,94.21,10.3,64,7,7,84,84,4,1.6626184168353313,92.35000000000001,12.0,0.5,0.5,True
UTU5,13,71,495.1,579.9,8.0,40,6,7,16,55,9,24.04781694873776,545.1615384615385,5.461538461538462,0.46153846153846156,0.22535211267605634,True
ARH6,13,21,20.28,23.959,14.0,26,4,9,12,9,3,0.25205554943305514,21.427999999999997,1.6153846153846154,0.3076923076923077,0.5714285714285714,True
ARM6,12,64,20.318,25.098,3.4,20,6,6,31,33,3,2.258651441310352,23.701166666666666,5.333333333333333,0.5,0.484375,True
MFK5,12,124,78.25,79.48,156.0,204,8,4,100,24,5,0.4913552686193574,78.68833333333333,10.333333333333334,0.6666666666666666,0.8064516129032258,True
SRZ6,12,15,31648.0,32871.0,12.35,16,8,4,11,4,4,445.45809754304236,32446.166666666668,1.25,0.6666666666666666,0.7333333333333333,True
BYM5,11,23,25.08,30.6,4.555555555555555,14,5,6,11,12,3,2.5307969759214846,27.579090909090908,2.090909090909091,0.45454545454545453,0.4782608695652174,True
CIM6,10,42,60.17,64.05,12.28,36,8,2,31,11,5,1.6853248944936403,63.10799999999999,4.2,0.8,0.7380952380952381,True
TTM6,10,11,58631.0,61016.0,7.375,12,6,4,6,5,4,780.4325189705172,59914.1,1.1,0.6,0.5454545454545454,True
KZM6,10,28,13.366,15.435,5.666666666666667,16,5,5,11,17,3,0.72678905697137,14.4966,2.8,0.5,0.39285714285714285,True
EDZ6,10,14,1.1711,1.1899,4.133333333333334,10,7,3,9,5,5,0.00774164065298814,1.17808,1.4,0.7,0.6428571428571429,True
AAM6,10,27,66.36,73.99,10.583333333333334,20,7,3,16,11,4,2.1748333269471516,70.751,2.7,0.7,0.5925925925925926,True
TRH5,9,9,36.65,42.8,5.25,10,6,3,6,3,4,2.271700904608703,39.32776666666667,1.0,0.6666666666666666,0.6666666666666666,True
AUM6,8,10,0.6551,0.6799,1.25,4,4,4,5,5,1,,0.6675249999999999,1.25,0.5,0.5,True
BYH5,7,7,26.98,30.0,3.1666666666666665,4,3,4,3,4,4,1.4212992882101454,28.967142857142854,1.0,0.42857142857142855,0.42857142857142855,True
FFG6,7,57,28.435,29.755,61.91666666666667,90,4,3,20,37,2,0.5868986283848344,29.287857142857142,8.142857142857142,0.5714285714285714,0.3508771929824561,True
W4V6,7,9,13100.0,14080.0,4.0,10,5,2,7,2,3,404.14518843273817,13465.714285714286,1.2857142857142858,0.7142857142857143,0.7777777777777778,True
GUM6,6,6,1.3207,1.3687,1.8333333333333335,4,3,3,3,3,4,0.014263239463740352,1.3455666666666668,1.0,0.5,0.5,True
CFM6,6,7,0.79,0.8075,6.25,10,2,4,2,5,2,0.009899494936611674,0.7964666666666668,1.1666666666666667,0.3333333333333333,0.2857142857142857,True
JPM6,6,52,151.02,156.43,31.666666666666668,92,4,2,6,46,3,0.19218047073866612,154.75333333333333,8.666666666666666,0.6666666666666666,0.11538461538461539,True
MAM6,6,120,6423.0,6942.0,20.0,40,3,3,60,60,3,71.3185342904167,6733.833333333333,20.0,0.5,0.5,True
RDM6,6,7,10101.0,10457.0,8.333333333333334,14,2,4,3,4,3,178.78571904191156,10291.666666666666,1.1666666666666667,0.3333333333333333,0.42857142857142855,True
UCZ6,6,6,6.45,7.036,5.0,6,5,1,5,1,3,0.3371784888354137,6.7428333333333335,1.0,0.8333333333333334,0.8333333333333334,True
MFM5,5,6,78.88,79.92,6.25,8,2,3,2,4,4,0.5210486221713547,79.378,1.2,0.4,0.3333333333333333,True
XIM6,5,6,40.75,41.39,4.0,10,5,0,6,0,4,0.2923468259904092,41.196,1.2,1.0,1.0,True
FNM6,5,23,9405.0,10405.0,6.666666666666667,24,3,2,12,11,3,256.27003986680415,9962.2,4.6,0.6,0.5217391304347826,True
OJK6,4,4,1.92,2.056,3.0,4,1,3,1,3,4,0.055596013046500664,1.98575,1.0,0.25,0.25,True
EGM5,4,8,0.8563,0.9413,4.0,8,1,3,2,6,1,,0.9008,2.0,0.25,0.25,True
TRM5,4,4,38.9,46.07,2.0,2,1,3,1,3,3,3.4310993578346514,42.299475,1.0,0.25,0.25,True
R2M6,3,3,252.5,259.9,2.6666666666666665,4,1,2,1,2,3,3.728717384481318,256.46666666666664,1.0,0.3333333333333333,0.3333333333333333,True
UTM5,2,2,533.0,539.9,2.0,2,2,0,2,0,2,4.879036790187202,536.45,1.0,1.0,1.0,True
DJM6,2,2,488.6,492.0,2.0,2,2,0,2,0,1,,490.3,1.0,1.0,1.0,True
CAM6,2,2,1.3601,1.4199,1.0,2,1,1,1,1,1,,1.3900000000000001,1.0,0.5,0.5,True
MFQ5,2,4,80.08,81.58,6.0,8,0,2,0,4,2,1.0606601717798212,80.83,2.0,0.0,0.0,True
ECZ5,2,2,1.53,1.62,1.0,2,1,1,1,1,2,0.06363961030678926,1.5750000000000002,1.0,0.5,0.5,True
TRU5,1,1,42.0,42.0,2.0,2,0,1,0,1,1,,42.0,1.0,0.0,0.0,True
W4Z6,1,1,15690.0,15690.0,2.0,2,1,0,1,0,1,,15690.0,1.0,1.0,1.0,True
TRH6,1,1,44.0001,44.0001,2.0,2,0,1,0,1,1,,44.0001,1.0,0.0,0.0,True
MFJ5,1,10,79.0,79.0,20.0,20,1,0,10,0,1,,79.0,10.0,1.0,1.0,True
MFN5,1,1,80.25,80.25,0.0,0,1,0,1,0,1,,80.25,1.0,1.0,1.0,True
MFV5,1,1,81.3,81.3,0.0,0,0,1,0,1,1,,81.3,1.0,0.0,0.0,True
