date,symbol,open_price,high_price,low_price,close_price,avg_price,total_volume,num_trades,mean_open_pos,max_open_pos,buy_volume,sell_volume,buy_count,sell_count,asset_class,daily_return,abs_return,price_range,relative_range,volume_per_trade,buy_share,direction_imbalance,normalized_close,month,weekday,weekday_name
2024-12-30,CNYRUBF,13.739,13.759,13.725,13.741,13.739148604269294,24749,1218,6405094.934318555,6410434,8881,15868,552,666,Currency (CNY/RUB),,,0.034000000000000696,0.24743468452078232,20.31937602627258,0.3588427815265263,0.14115721847347368,100.0,12,0,Monday
2025-01-03,CNYRUBF,13.789,13.857,13.716,13.809,13.809539567321377,402392,14052,6505870.496014802,6556274,185899,216493,6754,7298,Currency (CNY/RUB),0.49486936904155066,0.49486936904155066,0.14100000000000001,1.0210732131218772,28.635923711927127,0.4619848307123402,0.0380151692876598,100.49486936904155,1,4,Friday
2025-01-06,CNYRUBF,13.809,13.836,13.597,13.678,13.673209512771363,703312,22433,6506918.469932688,6566546,345726,357586,10380,12053,Currency (CNY/RUB),-0.948656673184145,0.948656673184145,0.23900000000000077,1.7473314812107086,31.3516694155931,0.49156846463589415,0.008431535364105847,99.54151808456444,1,0,Monday
2025-01-08,CNYRUBF,13.687,13.709,13.545,13.614,13.602322033898306,419191,18467,6551664.945470299,6583026,188412,230779,9212,9255,Currency (CNY/RUB),-0.4679046644246232,0.4679046644246232,0.1639999999999997,1.204642280005874,22.699463908593707,0.44946575665985194,0.050534243340148055,99.0757586784077,1,2,Wednesday
2025-01-09,CNYRUBF,13.616,13.799,13.601,13.644,13.681483904730893,1424939,42994,6653743.374889519,6846608,682417,742522,22210,20784,Currency (CNY/RUB),0.22036139268399868,0.22036139268399868,0.19799999999999862,1.4511873350923383,33.14274084756013,0.47890962349967264,0.021090376500327357,99.29408340004366,1,3,Thursday
2025-01-10,CNYRUBF,13.64,13.762,13.616,13.751,13.703260044893378,1039142,35640,6814383.77704826,6856874,518478,520664,18466,17174,Currency (CNY/RUB),0.7842274992670761,0.7842274992670761,0.1460000000000008,1.0617409642935118,29.15662177328844,0.4989481707023679,0.0010518292976320898,100.07277490721198,1,4,Friday
2025-01-13,CNYRUBF,13.761,13.895,13.745,13.877,13.838871774750455,1230188,31858,6960231.441458974,7046292,654862,575326,17008,14850,Currency (CNY/RUB),0.9162969965820666,0.9162969965820666,0.15000000000000036,1.0809252720328626,38.61472785485592,0.5323267663153924,0.03232676631539244,100.98973873808312,1,0,Monday
2025-01-14,CNYRUBF,13.877,13.986,13.861,13.955,13.944290781167172,650106,20751,6949154.5863813795,6988176,313148,336958,9391,11360,Currency (CNY/RUB),0.5620811414570825,0.5620811414570825,0.125,0.895736295234683,31.32889981205725,0.481687601714182,0.018312398285817988,101.55738301433665,1,1,Tuesday
2025-01-15,CNYRUBF,13.965,14.016,13.892,13.903,13.93560775862069,707193,21344,6921091.143553223,6955822,332121,375072,9137,12207,Currency (CNY/RUB),-0.3726262988176243,0.3726262988176243,0.12400000000000055,0.8918938358627674,33.13310532233883,0.46963275937403226,0.03036724062596774,101.1789534968343,1,2,Wednesday
2025-01-16,CNYRUBF,13.904,13.966,13.868,13.946,13.929468798392834,946215,23893,6795270.897585067,6886782,472595,473620,12829,11064,Currency (CNY/RUB),0.30928576566209287,0.30928576566209287,0.09799999999999898,0.7027104546106338,39.60218474030051,0.49945836834123325,0.0005416316587667502,101.49188559784585,1,3,Thursday
2025-01-17,CNYRUBF,13.945,13.976,13.83,13.866,13.919267047146404,814723,20150,6717387.390868486,6835112,440417,374306,9644,10506,Currency (CNY/RUB),-0.5736411874372571,0.5736411874372571,0.1460000000000008,1.0529352372710283,40.43290322580645,0.5405726854403275,0.04057268544032755,100.90968634014992,1,4,Friday
2025-01-20,CNYRUBF,13.877,13.899,13.78,13.84,13.839992176386913,1020220,29526,6406834.111765902,6567726,539641,480579,16550,12976,Currency (CNY/RUB),-0.18750901485647953,0.18750901485647953,0.11899999999999977,0.8598265895953741,34.55327507959087,0.5289457175903236,0.028945717590323605,100.72047158139874,1,0,Monday
2025-01-21,CNYRUBF,13.845,13.854,13.586,13.609,13.689500015923059,1245423,31401,6192455.523773128,6252598,628468,616955,14709,16692,Currency (CNY/RUB),-1.6690751445086693,1.6690751445086693,0.2679999999999989,1.9692850319641333,39.66188974873412,0.5046221243705954,0.004622124370595393,99.03937122480168,1,1,Tuesday
2025-01-22,CNYRUBF,13.593,13.64,13.527,13.616,13.575917156138518,1255069,27751,6269982.85928435,6346214,573618,681451,14261,13490,Currency (CNY/RUB),0.051436549342342985,0.051436549342342985,0.11300000000000132,0.829905992949481,45.22608194299305,0.45704100730716796,0.04295899269283204,99.09031365985008,1,2,Wednesday
2025-01-23,CNYRUBF,13.616,13.687,13.57,13.663,13.617062401827788,800144,21009,6531749.546004093,6619496,345913,454231,10238,10771,Currency (CNY/RUB),0.3451821386603937,0.3451821386603937,0.1169999999999991,0.8563273073263492,38.0857727640535,0.43231343358195523,0.06768656641804477,99.43235572374645,1,3,Thursday
2025-01-24,CNYRUBF,13.671,13.699,13.471,13.523,13.546294240866182,1600654,36759,6897221.491226639,7086886,752918,847736,17116,19643,Currency (CNY/RUB),-1.0246651540657292,1.0246651540657292,0.22799999999999976,1.6860164164756324,43.544546913681,0.4703814815694085,0.02961851843059149,98.41350702277855,1,4,Friday
2025-01-27,CNYRUBF,13.525,13.58,13.305,13.489,13.417990731869871,2443575,48014,7452561.832465531,7792734,1140955,1302620,24096,23918,Currency (CNY/RUB),-0.25142350070249675,0.25142350070249675,0.27500000000000036,2.0386981985321397,50.89296871745741,0.46692039327624485,0.03307960672375515,98.16607233825778,1,0,Monday
2025-01-28,CNYRUBF,13.485,13.602,13.328,13.376,13.440171317783914,1308314,34042,7834912.186828036,8075260,603662,704652,16731,17311,Currency (CNY/RUB),-0.8377196233968487,0.8377196233968487,0.2740000000000009,2.0484449760765617,38.43234827565948,0.4614045252133662,0.03859547478663378,97.34371588676224,1,1,Tuesday
2025-01-29,CNYRUBF,13.377,13.446,13.311,13.407,13.390724616751832,942603,27006,8082184.380582093,8144402,463809,478794,13910,13096,Currency (CNY/RUB),0.2317583732057482,0.2317583732057482,0.1349999999999998,1.0069366748713342,34.90346589646745,0.49205126654593717,0.007948733454062828,97.56931809911943,1,2,Wednesday
2025-01-30,CNYRUBF,13.408,13.44,13.192,13.207,13.330319247488063,1435978,42099,8087994.753889641,8201738,631915,804063,19324,22775,Currency (CNY/RUB),-1.4917580368464134,1.4917580368464134,0.24799999999999933,1.877792079957593,34.109551295755246,0.44005897026277563,0.05994102973722437,96.11381995487956,1,3,Thursday
2025-01-31,CNYRUBF,13.208,13.399,13.158,13.374,13.297569785062628,1393604,32335,7948154.926426473,8144776,708338,685266,18097,14238,Currency (CNY/RUB),1.2644809570682147,1.2644809570682147,0.24099999999999966,1.8020038881411669,43.098933044688415,0.5082778178019007,0.008277817801900733,97.32916090531985,1,4,Friday
2025-02-03,CNYRUBF,13.374,13.505,13.277,13.326,13.37848352088022,1196719,39990,7994048.666616654,8154880,591582,605137,19196,20794,Currency (CNY/RUB),-0.35890533871690833,0.35890533871690833,0.22800000000000153,1.710941017559669,29.925456364091023,0.4943365986501426,0.005663401349857378,96.97984135070229,2,0,Monday
2025-02-04,CNYRUBF,13.326,13.349,13.251,13.342,13.296376964847099,874104,27992,8251975.651971992,8350884,489246,384858,14903,13089,Currency (CNY/RUB),0.12006603631997681,0.12006603631997681,0.09800000000000075,0.7345225603357873,31.226921977707917,0.5597114302188297,0.05971143021882974,97.09628120224147,2,1,Tuesday
2025-02-05,CNYRUBF,13.345,13.403,12.973,13.005,13.154616284994903,3443855,66724,8662954.475900725,9047388,1944843,1499012,33245,33479,Currency (CNY/RUB),-2.525858192175079,2.525858192175079,0.4299999999999997,3.3064206074586675,51.61343744379833,0.5647284801479737,0.06472848014797372,94.64376682919729,2,2,Wednesday
2025-02-06,CNYRUBF,13.004,13.299,12.857,13.276,13.061400956469758,2533075,55203,8972905.772186294,9196978,1303307,1229768,28648,26555,Currency (CNY/RUB),2.0838139177239423,2.0838139177239423,0.44200000000000017,3.3293160590539337,45.88654602104958,0.514515756540963,0.014515756540963043,96.6159668146423,2,3,Thursday
2025-02-07,CNYRUBF,13.276,13.369,13.175,13.349,13.283130847370451,2100544,38885,8759036.898186961,9314534,827443,1273101,18056,20829,Currency (CNY/RUB),0.5498644169930733,0.5498644169930733,0.19399999999999906,1.453292381451787,54.01939051047962,0.39391843255842296,0.10608156744157704,97.14722363728987,2,4,Friday
2025-02-10,CNYRUBF,13.369,13.386,13.112,13.186,13.221881634855333,1287891,29654,9542308.539960882,9738142,574229,713662,13634,16020,Currency (CNY/RUB),-1.2210652483332085,1.2210652483332085,0.27399999999999913,2.077961474290908,43.430599581843936,0.4458677015368537,0.05413229846314632,95.96099264973438,2,0,Monday
2025-02-11,CNYRUBF,13.186,13.186,12.87,12.911,13.006125689084895,2054726,55327,9896144.155041842,10161902,933119,1121607,26441,28886,Currency (CNY/RUB),-2.085545275291978,2.085545275291978,0.3160000000000007,2.4475253659670106,37.137853127767634,0.4541330571570127,0.04586694284298731,93.95968270140456,2,1,Tuesday
2025-02-12,CNYRUBF,12.916,12.94,12.155,12.288,12.605031487045869,3672062,95182,10248434.690025425,10493698,1795280,1876782,45886,49296,Currency (CNY/RUB),-4.825342731004567,4.825342731004567,0.7850000000000001,6.388346354166667,38.579374251434096,0.48890242049290017,0.01109757950709983,89.42580598209737,2,2,Wednesday
2025-02-13,CNYRUBF,12.28,12.487,12.18,12.302,12.34027554358768,5713310,79472,10938447.415567746,11257752,3648271,2065039,44833,34639,Currency (CNY/RUB),0.11393229166665186,0.11393229166665186,0.3070000000000004,2.4955291822467927,71.89085464062815,0.6385564585152915,0.13855645851529153,89.52769085219417,2,3,Thursday
2025-02-14,CNYRUBF,12.302,12.649,12.189,12.548,12.43323319984567,4625327,75163,11054658.71141386,11315304,2266371,2358956,38037,37126,Currency (CNY/RUB),1.9996748496179606,1.9996748496179606,0.4599999999999991,3.6659228562320614,61.53728563255857,0.4899915184375072,0.010008481562492788,91.3179535696092,2,4,Friday
2025-02-17,CNYRUBF,12.55,12.569,12.291,12.315,12.441770763041786,2039594,46236,11011375.327883035,11068930,982343,1057251,21945,24291,Currency (CNY/RUB),-1.856869620656687,1.856869620656687,0.27800000000000047,2.25740966301259,44.11268275802405,0.4816365413901002,0.018363458609899797,89.62229823156976,2,0,Monday
2025-02-18,CNYRUBF,12.316,12.49,12.313,12.459,12.421375232342008,1832023,38736,10879597.024783147,11023172,1038541,793482,20413,18323,Currency (CNY/RUB),1.1693057247259553,1.1693057247259553,0.1769999999999996,1.4206597640260021,47.29510016522098,0.5668820751704536,0.06688207517045364,90.67025689542247,2,1,Tuesday
2025-02-19,CNYRUBF,12.453,12.47,12.243,12.295,12.353030047763786,2031411,46060,11007890.93425966,11138486,1024868,1006543,21569,24491,Currency (CNY/RUB),-1.3163175214704226,1.3163175214704226,0.2270000000000003,1.8462789751931705,44.103582283977424,0.5045104117285966,0.004510411728596564,89.47674841714577,2,2,Wednesday
2025-02-20,CNYRUBF,12.286,12.34,11.924,11.997,12.119057467556273,2699229,68195,11123407.729452306,11198264,1280836,1418393,33223,34972,Currency (CNY/RUB),-2.423749491663274,2.423749491663274,0.41600000000000037,3.467533550054183,39.58103966566464,0.47451920529899466,0.025480794701005338,87.30805618222837,2,3,Thursday
2025-02-21,CNYRUBF,11.996,12.225,11.921,12.038,12.0953408300453,2929087,68430,11226457.706882946,11355286,1325269,1603818,37526,30904,Currency (CNY/RUB),0.34175210469284956,0.34175210469284956,0.30400000000000027,2.5253364346236937,42.80413561303522,0.45245122456246606,0.04754877543753394,87.60643330179755,2,4,Friday
2025-02-24,CNYRUBF,12.036,12.194,11.899,11.903,12.037565422110218,1696441,45237,11347537.196586864,11379626,799063,897378,20614,24623,Currency (CNY/RUB),-1.121448745638809,1.121448745638809,0.2950000000000017,2.4783667982861606,37.501182660211775,0.47102315966190395,0.028976840338096055,86.62397205443564,2,0,Monday
2025-02-25,CNYRUBF,11.919,11.938,11.684,11.706,11.788865324332257,2717312,85175,11164832.479483416,11353832,1388091,1329221,40437,44738,Currency (CNY/RUB),-1.6550449466521178,1.6550449466521178,0.25400000000000134,2.1698274389202235,31.902694452597594,0.5108323961326487,0.010832396132648747,85.19030638235935,2,1,Tuesday
2025-02-26,CNYRUBF,11.71,12.085,11.64,12.071,11.841509396061557,5081748,91102,11654845.73475884,12174176,2325253,2756495,46409,44693,Currency (CNY/RUB),3.1180591149837733,3.1180591149837733,0.4450000000000003,3.6865214149614807,55.780861012930565,0.45756952135367596,0.042430478646324044,87.84659049559713,2,2,Wednesday
2025-02-27,CNYRUBF,12.08,12.179,11.875,12.15,12.010253568783678,4046917,78318,12759010.13777165,13086106,1831787,2215130,38262,40056,Currency (CNY/RUB),0.6544611051279903,0.6544611051279903,0.30400000000000027,2.5020576131687267,51.67288490513037,0.4526376498455491,0.047362350154450894,88.42151226257187,2,3,Thursday
2025-02-28,CNYRUBF,12.165,12.212,11.977,12.0,12.107062432961607,3259839,58735,13874130.056559121,14245972,1443783,1816056,28564,30171,Currency (CNY/RUB),-1.2345679012345734,1.2345679012345734,0.23499999999999943,1.9583333333333286,55.5007916914957,0.4429000941457538,0.05709990585424618,87.32988865439197,2,4,Friday
2025-03-03,CNYRUBF,12.036,12.267,12.027,12.108,12.162416249761312,2204523,52370,14286410.000725606,14369808,1151478,1053045,27727,24643,Currency (CNY/RUB),0.9000000000000119,0.9000000000000119,0.2400000000000002,1.982160555004957,42.09514989497804,0.522325237704483,0.022325237704483025,88.1158576522815,3,0,Monday
2025-03-04,CNYRUBF,12.081,12.245,12.069,12.16,12.172548858490126,2070409,42838,14000083.170736263,14384200,1099368,971041,21228,21610,Currency (CNY/RUB),0.4294681202510642,0.4294681202510642,0.17599999999999838,1.4473684210526183,48.33113123861992,0.5309907366129107,0.03099073661291074,88.49428716978386,3,1,Tuesday
2025-03-05,CNYRUBF,12.17,12.369,12.162,12.327,12.29599666150571,2154427,62004,13592115.612283079,13802072,1139030,1015397,35939,26065,Currency (CNY/RUB),1.3733552631578938,1.3733552631578938,0.20699999999999896,1.6792406911657252,34.746580865750595,0.5286927800292143,0.02869278002921427,89.70962812022415,3,2,Wednesday
2025-03-06,CNYRUBF,12.32,12.373,12.247,12.303,12.303773631402922,1345168,28405,13572165.168667488,13657822,665073,680095,13862,14543,Currency (CNY/RUB),-0.19469457288877612,0.19469457288877612,0.12599999999999945,1.0241404535479106,47.356732969547615,0.4944163108251163,0.005583689174883721,89.53496834291536,3,3,Thursday
2025-03-07,CNYRUBF,12.3,12.334,12.03,12.056,12.17695501206642,2816029,55526,13477919.33962468,13708408,1330367,1485662,26562,28964,Currency (CNY/RUB),-2.00764041290743,2.00764041290743,0.30400000000000027,2.5215660252156624,50.71550264740842,0.47242659787949626,0.027573402120503743,87.73742813477912,3,4,Friday
2025-03-10,CNYRUBF,12.066,12.136,11.811,11.881,11.984895006894783,2379638,62366,13056094.895487927,13332356,1137974,1241664,27978,34388,Currency (CNY/RUB),-1.4515593895155887,1.4515593895155887,0.3249999999999993,2.7354599781163143,38.15601449507744,0.47821307274467795,0.021786927255322053,86.46386725856925,3,0,Monday
2025-03-11,CNYRUBF,11.886,12.047,11.731,11.952,11.860283420664516,3976830,83399,11808559.909039676,12648568,2303246,1673584,42263,41136,Currency (CNY/RUB),0.5975927952192484,0.5975927952192484,0.3160000000000007,2.6439089692101803,47.684384704852576,0.5791663209138938,0.07916632091389375,86.9805690997744,3,1,Tuesday
2025-03-12,CNYRUBF,11.977,12.027,11.866,11.96,11.95108419124613,2418871,47499,11843407.433461757,11988812,1298536,1120335,24941,22558,Currency (CNY/RUB),0.0669344042838027,0.0669344042838027,0.1609999999999996,1.3461538461538425,50.92467209835996,0.5368355732901837,0.03683557329018372,87.038789025544,3,2,Wednesday
2025-03-13,CNYRUBF,11.97,12.035,11.671,11.747,11.848880975526075,2790818,69952,11978390.331884721,12125570,1328911,1461907,33093,36859,Currency (CNY/RUB),-1.7809364548495021,1.7809364548495021,0.36400000000000077,3.0986634885502746,39.896185956084175,0.47617257735903956,0.02382742264096044,85.48868350192855,3,3,Thursday
2025-03-14,CNYRUBF,11.756,11.881,11.687,11.775,11.787397658004492,2093253,43638,11935589.990833677,12068868,997790,1095463,21689,21949,Currency (CNY/RUB),0.23835872988848816,0.23835872988848816,0.19400000000000084,1.6475583864118966,47.968582428158946,0.47666956645947717,0.023330433540522832,85.69245324212213,3,4,Friday
2025-03-17,CNYRUBF,11.769,11.77,11.258,11.308,11.510002187045597,3526146,84589,11738031.218810957,11891244,1708923,1817223,38909,45680,Currency (CNY/RUB),-3.9660297239915154,3.9660297239915154,0.5120000000000005,4.52776795189247,41.68563288370829,0.484643290436641,0.015356709563358995,82.29386507532203,3,0,Monday
2025-03-18,CNYRUBF,11.31,11.449,11.146,11.38,11.282581023094354,4947412,124446,11757626.218182987,11915960,2514722,2432690,64849,59597,Currency (CNY/RUB),0.6367173682348959,0.6367173682348959,0.30299999999999905,2.662565905096652,39.75549234206001,0.5082903950590734,0.008290395059073363,82.81784440724839,3,1,Tuesday
2025-03-19,CNYRUBF,11.371,11.626,11.305,11.573,11.484032954532783,4129530,89669,12171609.032352317,12290354,2045241,2084289,46702,42967,Currency (CNY/RUB),1.6959578207381254,1.6959578207381254,0.32099999999999973,2.7736973991186358,46.05303951198296,0.4952721011834276,0.004727898816572373,84.22240011643986,3,2,Wednesday
2025-03-20,CNYRUBF,11.561,11.672,11.5,11.574,11.593514109063205,3398565,68254,12666756.719430363,12892064,1639394,1759171,33818,34436,Currency (CNY/RUB),0.008640801866399705,0.008640801866399705,0.1720000000000006,1.4860895109728756,49.79290591027632,0.4823782978992604,0.0176217021007396,84.22967760716105,3,3,Thursday
2025-03-21,CNYRUBF,11.574,11.65,11.468,11.505,11.553632961446121,2108747,49567,12850262.356124034,12946990,1002681,1106066,24122,25445,Currency (CNY/RUB),-0.5961638154484139,0.5961638154484139,0.18200000000000038,1.5819209039548057,42.543365545625115,0.47548662784108287,0.024513372158917135,83.7275307473983,3,4,Friday
2025-03-24,CNYRUBF,11.499,11.736,11.382,11.651,11.532153138973351,4023451,83865,12928770.98696715,13172248,1886333,2137118,43102,40763,Currency (CNY/RUB),1.2690134724032909,1.2690134724032909,0.354000000000001,3.0383658055102654,47.975329398437964,0.46883459000743394,0.031165409992566062,84.7900443926934,3,0,Monday
2025-03-25,CNYRUBF,11.649,11.669,11.461,11.497,11.558706193006627,2546742,60972,13237087.815948304,13355496,1220536,1326206,29113,31859,Currency (CNY/RUB),-1.321774954939492,1.321774954939492,0.20800000000000018,1.8091676089414648,41.769041527258416,0.4792538859452587,0.020746114054741305,83.66931082162871,3,1,Tuesday
2025-03-26,CNYRUBF,11.495,11.564,11.451,11.507,11.517889664094627,1843196,43286,13110855.525019636,13274806,908914,934282,21184,22102,Currency (CNY/RUB),0.08697921196834102,0.08697921196834102,0.11299999999999955,0.9820109498566052,42.58180474056277,0.49311847464946756,0.006881525350532436,83.74208572884069,3,2,Wednesday
2025-03-27,CNYRUBF,11.506,11.584,11.359,11.439,11.477146444007857,2389314,50900,13095444.782946955,13265710,1166799,1222515,24452,26448,Currency (CNY/RUB),-0.5909446423915887,0.5909446423915887,0.22499999999999964,1.9669551534224987,46.941335952848725,0.4883405864612186,0.011659413538781416,83.24721635979915,3,3,Thursday
2025-03-28,CNYRUBF,11.45,11.784,11.4,11.744,11.593535314066646,3062514,67820,13048553.532261869,13259670,1615148,1447366,38051,29769,Currency (CNY/RUB),2.6663169857505054,2.6663169857505054,0.38400000000000034,3.2697547683923736,45.15650250663521,0.5273928543673596,0.02739285436735961,85.46685102976494,3,4,Friday
2025-03-31,CNYRUBF,11.756,11.859,11.637,11.709,11.730921301960784,2989334,63750,13440577.716266667,13655958,1544312,1445022,33230,30520,Currency (CNY/RUB),-0.298024523160767,0.298024523160767,0.22199999999999953,1.8959774532410927,46.8915137254902,0.5166073780982654,0.016607378098265402,85.21213885452296,3,0,Monday
2025-04-01,CNYRUBF,11.695,11.71,11.458,11.536,11.568258679823193,2501285,54523,13442560.718889276,13624332,1201347,1299938,25527,28996,Currency (CNY/RUB),-1.4774959432914847,1.4774959432914847,0.25200000000000067,2.184466019417482,45.87577719494525,0.48029192994800673,0.019708070051993265,83.95313295975548,4,1,Tuesday
2025-04-02,CNYRUBF,11.53,11.583,11.47,11.504,11.533444796244234,1556780,36637,13130068.170155853,13199494,746744,810036,18008,18629,Currency (CNY/RUB),-0.277392510402219,0.277392510402219,0.11299999999999955,0.9822670375521518,42.492016267707506,0.47967214378396433,0.020327856216035667,83.7202532566771,4,2,Wednesday
2025-04-03,CNYRUBF,11.501,11.63,11.412,11.59,11.51532596043578,3828667,69760,12595673.94486812,13094956,1704416,2124251,34118,35642,Currency (CNY/RUB),0.7475660639777448,0.7475660639777448,0.21799999999999997,1.8809318377911992,54.88341456422018,0.44517217088871924,0.05482782911128076,84.34611745870025,4,3,Thursday
2025-04-04,CNYRUBF,11.607,11.8,11.542,11.745,11.684776025610622,3013167,75906,12581704.653703265,12749620,1674606,1338561,46422,29484,Currency (CNY/RUB),1.3373597929249303,1.3373597929249303,0.2580000000000009,2.1966794380587564,39.69603193423445,0.5557627572583929,0.05576275725839286,85.47412852048613,4,4,Friday
2025-04-07,CNYRUBF,11.78,11.849,11.581,11.629,11.714946134251058,2479900,59277,12564018.528670479,12717620,1134218,1345682,27469,31808,Currency (CNY/RUB),-0.987654320987652,0.987654320987652,0.2680000000000007,2.304583369163305,41.83578791099415,0.4573644098552361,0.042635590144763924,84.62993959682701,4,0,Monday
2025-04-08,CNYRUBF,11.618,11.704,11.519,11.7,11.60480559558117,1926319,49968,12380054.920789305,12541650,994006,932313,26566,23402,Currency (CNY/RUB),0.6105426089947574,0.6105426089947574,0.1850000000000005,1.5811965811965856,38.551052673711176,0.5160131836938742,0.016013183693874167,85.14664143803216,4,1,Tuesday
2025-04-09,CNYRUBF,11.721,11.739,11.375,11.447,11.578190791611854,2191999,64615,12210081.198730946,12308484,1112928,1079071,32056,32559,Currency (CNY/RUB),-2.1623931623931614,2.1623931623931614,0.36400000000000077,3.179872455665247,33.92399597616652,0.5077228593626183,0.007722859362618295,83.30543628556873,4,2,Wednesday
2025-04-10,CNYRUBF,11.448,11.599,11.432,11.555,11.534838166010976,1741755,41178,11731218.660158336,12132486,912431,829324,21993,19185,Currency (CNY/RUB),0.943478640691886,0.943478640691886,0.16699999999999982,1.445261791432279,42.298193209966485,0.5238572589141411,0.023857258914141144,84.09140528345827,4,3,Thursday
2025-04-11,CNYRUBF,11.544,11.55,11.243,11.306,11.38761607218289,2149491,59183,11504058.55194904,11595232,958174,1191317,26277,32906,Currency (CNY/RUB),-2.1549112938122117,2.1549112938122117,0.3070000000000004,2.715372368653816,36.31939915178345,0.44576785853022877,0.05423214146977123,82.27931009387963,4,4,Friday
2025-04-14,CNYRUBF,11.298,11.349,11.17,11.238,11.239312897018355,2012228,48329,11369338.135115562,11492658,970722,1041506,23765,24564,Currency (CNY/RUB),-0.6014505572262463,0.6014505572262463,0.17900000000000027,1.5928101085602446,41.63603633429204,0.4824115358696927,0.01758846413030729,81.78444072483806,4,0,Monday
2025-04-15,CNYRUBF,11.239,11.287,11.114,11.222,11.197964093589993,2211388,46287,11423604.494350465,11533084,1101009,1110379,23305,22982,Currency (CNY/RUB),-0.14237408791599737,0.14237408791599737,0.17300000000000004,1.541614685439316,47.77557413528636,0.49788142108033506,0.0021185789196649374,81.66800087329888,4,1,Tuesday
2025-04-16,CNYRUBF,11.238,11.373,11.207,11.3,11.305165862842154,2512877,47274,11594116.3582942,11881532,1320199,1192678,25608,21666,Currency (CNY/RUB),0.6950632685795766,0.6950632685795766,0.1659999999999986,1.4690265486725538,53.155582349705966,0.5253735061445507,0.025373506144550695,82.23564514955244,4,2,Wednesday
2025-04-17,CNYRUBF,11.302,11.32,10.987,11.005,11.152014759665622,3335858,76560,11669168.028108673,11959506,1556771,1779087,35482,41078,Currency (CNY/RUB),-2.6106194690265427,2.6106194690265427,0.3330000000000002,3.025897319400274,43.57181295715778,0.46667783820534325,0.033322161794656746,80.08878538679865,4,3,Thursday
2025-04-18,CNYRUBF,11.019,11.269,10.971,11.086,11.110558197666135,4051459,77211,11655844.201914236,11729804,2000339,2051120,40715,36496,Currency (CNY/RUB),0.7360290776919465,0.7360290776919465,0.29800000000000004,2.6880750496121237,52.47256219968657,0.4937329984087214,0.006267001591278576,80.67826213521579,4,4,Friday
2025-04-21,CNYRUBF,11.051,11.195,10.963,11.139,11.090325374791782,2058414,43224,11532108.914121784,11589278,987293,1071121,22153,21071,Currency (CNY/RUB),0.4780804618437662,0.4780804618437662,0.2320000000000011,2.08277224167341,47.62201554691838,0.47963772108040464,0.020362278919595356,81.06396914343934,4,0,Monday
2025-04-22,CNYRUBF,11.133,11.226,11.056,11.163,11.13884763326226,2506898,46900,11503629.341321962,11700086,1219900,1286998,22524,24376,Currency (CNY/RUB),0.2154591974145026,0.2154591974145026,0.1700000000000017,1.5228881125145723,53.4519829424307,0.48661732547554787,0.013382674524452132,81.23862892074814,4,1,Tuesday
2025-04-23,CNYRUBF,11.163,11.47,11.158,11.454,11.3560007016436,2977945,57009,11849411.86451262,11983662,1577798,1400147,31744,25265,Currency (CNY/RUB),2.6068261220102196,2.6068261220102196,0.31200000000000117,2.7239392352016862,52.23640126997492,0.5298277839248207,0.02982778392482066,83.35637872061714,4,2,Wednesday
2025-04-24,CNYRUBF,11.441,11.479,11.335,11.416,11.404654264603906,2040233,41821,11973621.567346549,12071802,961282,1078951,19996,21825,Currency (CNY/RUB),-0.33176182992841197,0.33176182992841197,0.14399999999999835,1.2613875262788923,48.78489275722723,0.47116285247812384,0.02883714752187616,83.07983407321156,4,3,Thursday
2025-04-25,CNYRUBF,11.412,11.416,11.332,11.356,11.363940180481904,1578300,32247,12146207.54122864,12218722,864389,713911,16692,15555,Currency (CNY/RUB),-0.5255781359495448,0.5255781359495448,0.08399999999999963,0.7396970764353613,48.94408782212299,0.5476709117404802,0.047670911740480215,82.6431846299396,4,4,Friday
2025-04-28,CNYRUBF,11.369,11.399,11.213,11.269,11.286345224259387,1747215,42161,12082582.535281422,12177776,847815,899400,20831,21330,Currency (CNY/RUB),-0.7661148291651987,0.7661148291651987,0.18599999999999994,1.65054574496406,41.441498066933896,0.4852379358006885,0.014762064199311475,82.01004293719527,4,0,Monday
2025-04-29,CNYRUBF,11.264,11.284,11.18,11.228,11.223344486926175,1618769,38971,11908759.356547177,12058480,830627,788142,19849,19122,Currency (CNY/RUB),-0.36382997604046396,0.36382997604046396,0.10400000000000098,0.9262557890986907,41.537784506427855,0.5131226258965917,0.013122625896591744,81.71166581762608,4,1,Tuesday
2025-04-30,CNYRUBF,11.23,11.294,11.125,11.236,11.187402699435939,2094926,44676,11536522.908272898,11740080,1062921,1032005,23768,20908,Currency (CNY/RUB),0.07125044531528513,0.07125044531528513,0.16900000000000048,1.5040939836240699,46.89153012803295,0.50737878092114,0.007378780921139971,81.76988574339569,4,2,Wednesday
2025-05-02,CNYRUBF,11.237,11.48,11.224,11.444,11.394569249930102,1750447,39343,11517159.036982436,11603350,904561,845886,20764,18579,Currency (CNY/RUB),1.8511925952296115,1.8511925952296115,0.2560000000000002,2.236980076896192,44.49195536690136,0.5167600047302203,0.016760004730220324,83.28360381340515,5,4,Friday
2025-05-05,CNYRUBF,11.452,11.505,11.18,11.224,11.29998091653336,2404488,53135,11775634.108854804,11909840,1139204,1265284,25250,27885,Currency (CNY/RUB),-1.9224047535826738,1.9224047535826738,0.32500000000000107,2.8955808980755617,45.25243248329726,0.4737823603195358,0.0262176396804642,81.6825558547413,5,0,Monday
2025-05-06,CNYRUBF,11.209,11.283,11.158,11.236,11.227871177528712,1545919,36135,11802420.639269406,11852450,787040,758879,18819,17316,Currency (CNY/RUB),0.10691375623663735,0.10691375623663735,0.125,1.1124955500177998,42.78176283381763,0.509108174490384,0.009108174490384036,81.76988574339569,5,1,Tuesday
2025-05-07,CNYRUBF,11.245,11.283,11.132,11.27,11.201456894415069,2066026,48416,11765263.492564442,11832380,1038025,1028001,25151,23265,Currency (CNY/RUB),0.30259878960483544,0.30259878960483544,0.1509999999999998,1.3398402839396613,42.67238103106411,0.5024259133234529,0.0024259133234528774,82.01732042791645,5,2,Wednesday
2025-05-08,CNYRUBF,11.27,11.377,11.212,11.26,11.287647080969156,1359215,37187,11738574.08395407,11785126,691050,668165,18280,18907,Currency (CNY/RUB),-0.08873114463175957,0.08873114463175957,0.16500000000000092,1.4653641207815358,36.55081076720359,0.5084184621270366,0.008418462127036563,81.94454552070447,5,3,Thursday
2025-05-12,CNYRUBF,11.249,11.25,11.125,11.138,11.17405445224349,1624395,41743,11823907.398893228,11947110,749741,874654,19350,22393,Currency (CNY/RUB),-1.0834813499111862,1.0834813499111862,0.125,1.1222840725444425,38.91418920537575,0.4615509158794505,0.03844908412054948,81.05669165271814,5,0,Monday
2025-05-13,CNYRUBF,11.148,11.194,11.103,11.127,11.151084855257185,1176003,28637,11847274.666829625,11915900,570605,605398,14199,14438,Currency (CNY/RUB),-0.09876099838390662,0.09876099838390662,0.09100000000000108,0.8178305023816039,41.06585885393023,0.48520709556013036,0.014792904439869636,80.97663925478496,5,1,Tuesday
2025-05-14,CNYRUBF,11.134,11.232,11.081,11.194,11.133970490517282,1801645,43342,11743018.029717134,11836558,948710,852935,24066,19276,Currency (CNY/RUB),0.6021389413139122,0.6021389413139122,0.1509999999999998,1.3489369304984793,41.56810945503207,0.5265798756136753,0.026579875613675252,81.46423113310532,5,2,Wednesday
2025-05-15,CNYRUBF,11.178,11.184,11.097,11.141,11.131010822734636,1162406,29013,11663428.918002276,11716190,542418,619988,14094,14919,Currency (CNY/RUB),-0.4734679292478172,0.4734679292478172,0.08699999999999974,0.7808993806660061,40.065005342432706,0.46663386114662175,0.03336613885337825,81.07852412488174,5,3,Thursday
2025-05-16,CNYRUBF,11.145,11.212,11.13,11.176,11.1779050490326,1721650,30184,11712930.224953618,11872202,848821,872829,15888,14296,Currency (CNY/RUB),0.3141549232564378,0.3141549232564378,0.08199999999999896,0.7337151037938348,57.038497217068645,0.4930276188540063,0.006972381145993689,81.33323630012373,5,4,Friday
2025-05-19,CNYRUBF,11.16,11.178,11.075,11.114,11.122609081208374,1044987,27177,11658569.102697134,11739452,484040,560947,12045,15132,Currency (CNY/RUB),-0.5547602004294827,0.5547602004294827,0.10300000000000153,0.9267590426489251,38.45115354895684,0.46320193456952097,0.03679806543047903,80.88203187540937,5,0,Monday
2025-05-20,CNYRUBF,11.121,11.245,11.098,11.218,11.184682934754354,1379116,30776,11600423.49304653,11659180,744354,634762,17452,13324,Currency (CNY/RUB),0.9357567032571401,0.9357567032571401,0.14699999999999847,1.310394009627371,44.81141148947231,0.5397326983371957,0.039732698337195727,81.63889091041409,5,1,Tuesday
2025-05-21,CNYRUBF,11.218,11.218,11.026,11.062,11.086977554322226,2381977,48829,11783774.447357103,11895176,1153537,1228440,22184,26645,Currency (CNY/RUB),-1.3906222142984537,1.3906222142984537,0.19200000000000017,1.7356716687759917,48.78201478629503,0.4842771361772175,0.015722863822782485,80.50360235790698,5,2,Wednesday
2025-05-22,CNYRUBF,11.065,11.111,10.967,11.073,11.04405528219971,1797612,41460,11762953.147563918,11844108,888436,909176,21711,19749,Currency (CNY/RUB),0.09943952269029221,0.09943952269029221,0.14400000000000013,1.3004605797886764,43.35774240231549,0.4942312356615332,0.005768764338466792,80.5836547558402,5,3,Thursday
2025-05-23,CNYRUBF,11.07,11.14,11.024,11.032,11.076005465786565,1411766,33481,11575119.03485559,11691650,642816,768950,16431,17050,Currency (CNY/RUB),-0.37027002618983396,0.37027002618983396,0.11600000000000144,1.0514865844815213,42.166183805740566,0.4553275826163826,0.04467241738361738,80.28527763627102,5,4,Friday
2025-05-26,CNYRUBF,11.032,11.121,11.03,11.106,11.086204712110037,1146449,23047,11367520.829435501,11468560,612477,533972,12567,10480,Currency (CNY/RUB),0.6707759245830225,0.6707759245830225,0.09100000000000108,0.8193769133801647,49.74395799887187,0.5342383307063812,0.03423833070638116,80.82381194963976,5,0,Monday
2025-05-27,CNYRUBF,11.105,11.153,11.081,11.126,11.117083208769307,1333244,24084,11333472.74539113,11412270,647115,686129,11503,12581,Currency (CNY/RUB),0.18008283810553305,0.18008283810553305,0.07200000000000095,0.6471328419917397,55.35808005314732,0.4853687697075704,0.014631230292429576,80.96936176406375,5,1,Tuesday
2025-05-28,CNYRUBF,11.126,11.129,11.001,11.014,11.050896261487672,1739999,33623,11577211.148023674,11665284,862424,877575,15882,17741,Currency (CNY/RUB),-1.0066510875426982,1.0066510875426982,0.1280000000000001,1.1621572544034877,51.7502602385272,0.49564626186566774,0.004353738134332263,80.15428280328942,5,2,Wednesday
2025-05-29,CNYRUBF,11.02,11.02,10.853,10.872,10.911386495611074,2661018,51835,11648756.182772258,11754312,1236901,1424117,23740,28095,Currency (CNY/RUB),-1.2892682041038661,1.2892682041038661,0.16699999999999982,1.5360559234731403,51.33631716021993,0.46482248522933706,0.03517751477066294,79.12087912087912,5,3,Thursday
2025-05-30,CNYRUBF,10.87,10.951,10.851,10.915,10.902826339737107,1760423,31648,11341209.05428463,11514664,890793,869630,16604,15044,Currency (CNY/RUB),0.3955114054451814,0.3955114054451814,0.09999999999999964,0.9161704076958284,55.62509479271992,0.5060107712748584,0.006010771274858384,79.43381122189069,5,4,Friday
2025-06-02,CNYRUBF,10.923,10.991,10.89,10.93,10.95021139798944,1633091,41481,11111445.80039054,11157266,904219,728872,22019,19462,Currency (CNY/RUB),0.13742556115436955,0.13742556115436955,0.10099999999999909,0.9240622140896533,39.369615004459874,0.5536856182539736,0.053685618253973555,79.54297358270868,6,0,Monday
2025-06-03,CNYRUBF,10.935,10.962,10.891,10.921,10.924927418284755,1033510,22609,11137341.033659162,11187834,525368,508142,11793,10816,Currency (CNY/RUB),-0.08234217749314432,0.08234217749314432,0.07099999999999973,0.6501236150535641,45.712326949444915,0.508333736490213,0.008333736490212962,79.47747616621788,6,1,Tuesday
2025-06-04,CNYRUBF,10.921,11.095,10.855,11.053,10.967431047091035,3088429,58801,11529785.954524582,11721208,1619867,1468562,30358,28443,Currency (CNY/RUB),1.2086805237615739,1.2086805237615739,0.2400000000000002,2.17135619288881,52.52340946582541,0.52449546355121,0.024495463551210017,80.43810494141621,6,2,Wednesday
2025-06-05,CNYRUBF,11.05,11.084,10.982,11.042,11.033487186890927,1531468,41559,11677390.89010804,11748134,721079,810389,18864,22695,Currency (CNY/RUB),-0.09952049217407666,0.09952049217407666,0.10200000000000031,0.9237456982430747,36.850453572030126,0.4708417022099058,0.029158297790094212,80.35805254348301,6,3,Thursday
2025-06-06,CNYRUBF,11.04,11.086,10.91,11.025,10.99902701312066,3094139,50531,11968775.746373514,12187274,1218047,1876092,22924,27607,Currency (CNY/RUB),-0.15395761637384542,0.15395761637384542,0.17600000000000016,1.5963718820861692,61.23249094615187,0.3936626635067138,0.1063373364932862,80.23433520122263,6,4,Friday
2025-06-09,CNYRUBF,11.026,11.032,10.952,10.975,10.984063358900608,1236235,25032,12113902.61760946,12363990,423186,813049,9797,15235,Currency (CNY/RUB),-0.45351473922903285,0.45351473922903285,0.08000000000000007,0.728929384965832,49.38618568232662,0.34231841033460464,0.15768158966539536,79.87046066516264,6,0,Monday
2025-06-10,CNYRUBF,10.971,10.971,10.792,10.8,10.88838666276689,2648570,54704,12857089.016890904,13352862,1126830,1521740,22798,31906,Currency (CNY/RUB),-1.5945330296127436,1.5945330296127436,0.17900000000000027,1.6574074074074099,48.41638637028371,0.42544844954069555,0.07455155045930445,78.59689978895278,6,1,Tuesday
2025-06-11,CNYRUBF,10.802,11.044,10.802,11.02,10.956191685207779,2674481,55732,12749182.78156176,13151106,1329076,1345405,31740,23992,Currency (CNY/RUB),2.037037037037037,2.037037037037037,0.24200000000000088,2.196007259528139,47.98824732649106,0.4969472581783157,0.0030527418216843016,80.19794774761661,6,2,Wednesday
2025-06-13,CNYRUBF,11.01,11.017,10.866,10.908,10.923833110298272,1184420,33627,12377736.769619651,12429784,566581,617839,16296,17331,Currency (CNY/RUB),-1.0163339382940118,1.0163339382940118,0.1509999999999998,1.3843050971763824,35.2222916109079,0.4783615609327772,0.021638439067222792,79.3828687868423,6,4,Friday
2025-06-16,CNYRUBF,10.892,10.94,10.81,10.9,10.886138536379018,1310240,47280,12395709.79395093,12490876,701352,608888,25603,21677,Currency (CNY/RUB),-0.07334066740006806,0.07334066740006806,0.129999999999999,1.1926605504587064,27.712351945854483,0.5352851386005617,0.035285138600561705,79.32464886107272,6,0,Monday
2025-06-17,CNYRUBF,10.898,10.949,10.862,10.888,10.911590488771468,1224941,26495,12352222.877222117,12409134,552124,672817,12698,13797,Currency (CNY/RUB),-0.11009174311926717,0.11009174311926717,0.08699999999999974,0.7990448199853025,46.23291187016418,0.45073517826572873,0.04926482173427127,79.23731897241831,6,1,Tuesday
2025-06-18,CNYRUBF,10.88,10.909,10.85,10.878,10.879961746685252,1463752,30847,12572620.919959802,12732826,804677,659075,17252,13595,Currency (CNY/RUB),-0.09184423218221438,0.09184423218221438,0.05900000000000105,0.5423791138076949,47.45200505721788,0.5497358842208243,0.04973588422082431,79.16454406520631,6,2,Wednesday
2025-06-19,CNYRUBF,10.876,10.929,10.854,10.899,10.878649422246973,2405799,35915,12764497.071251566,13026782,1158902,1246897,17580,18335,Currency (CNY/RUB),0.19305019305018156,0.19305019305018156,0.07500000000000107,0.6881365262868251,66.98591117917304,0.48171189696229816,0.01828810303770184,79.3173713703515,6,3,Thursday
2025-06-20,CNYRUBF,10.896,10.933,10.87,10.902,10.901595513307985,1143398,26300,12481381.455361217,12666644,585174,558224,13756,12544,Currency (CNY/RUB),0.02752546105146969,0.02752546105146969,0.06300000000000061,0.5778756191524548,43.47520912547529,0.5117850477261636,0.011785047726163622,79.33920384251509,6,4,Friday
2025-06-23,CNYRUBF,10.89,10.91,10.851,10.909,10.878500629634813,969902,21441,12504172.140571801,12641976,473984,495918,10824,10617,Currency (CNY/RUB),0.06420840212806311,0.06420840212806311,0.058999999999999275,0.5408378403153293,45.23585653654214,0.48869267204315486,0.011307327956845137,79.3901462775635,6,0,Monday
2025-06-24,CNYRUBF,10.926,11.017,10.876,10.942,10.95795459674386,2361243,37222,12679966.91085917,12835886,1321199,1040044,19263,17959,Currency (CNY/RUB),0.3025025208543308,0.3025025208543308,0.14100000000000001,1.2886126850667157,63.43675783139004,0.5595353803060507,0.059535380306050656,79.63030347136308,6,1,Tuesday
2025-06-25,CNYRUBF,10.933,10.969,10.887,10.912,10.915845037930882,1317202,22541,12939261.970010204,13065562,523833,793369,9972,12569,Currency (CNY/RUB),-0.2741729117163194,0.2741729117163194,0.08199999999999896,0.7514662756598145,58.43582804667051,0.3976861559578561,0.10231384404214389,79.4119787497271,6,2,Wednesday
2025-06-26,CNYRUBF,10.914,10.977,10.905,10.96,10.945010755926516,1091210,23243,13035080.92500968,13143394,560976,530234,12455,10788,Currency (CNY/RUB),0.4398826979472137,0.4398826979472137,0.07200000000000095,0.6569343065693517,46.94789829195887,0.5140861978904152,0.014086197890415209,79.76129830434468,6,3,Thursday
2025-06-27,CNYRUBF,10.957,10.97,10.931,10.957,10.950199264826905,740788,18227,13104459.505788116,13168136,353821,386967,8429,9798,Currency (CNY/RUB),-0.027372262773728284,0.027372262773728284,0.03900000000000148,0.3559368440266631,40.64234377571734,0.47762787734142564,0.022372122658574356,79.73946583218107,6,4,Friday
2025-06-30,CNYRUBF,10.961,10.998,10.895,10.929,10.932427891042781,1084076,23936,13135213.10828877,13244764,462889,621187,10951,12985,Currency (CNY/RUB),-0.2555444008396468,0.2555444008396468,0.10299999999999976,0.9424467014365427,45.29060828877005,0.42698943616499213,0.07301056383500787,79.53569609198749,6,0,Monday
2025-07-01,CNYRUBF,10.931,10.985,10.907,10.955,10.946566739842373,1213957,27787,13103339.188469429,13212330,604119,609838,14785,13002,Currency (CNY/RUB),0.23789916735290628,0.23789916735290628,0.0779999999999994,0.7120036513007705,43.68794760139634,0.4976444799939372,0.0023555200060628168,79.72491085073867,7,1,Tuesday
2025-07-02,CNYRUBF,10.957,10.985,10.937,10.981,10.961690765492103,552701,18106,13075820.927758753,13176296,325705,226996,9111,8995,Currency (CNY/RUB),0.23733455043359886,0.23733455043359886,0.04800000000000004,0.4371186595027779,30.525847785264553,0.589296925462411,0.08929692546241097,79.91412560948984,7,2,Wednesday
2025-07-03,CNYRUBF,10.982,11.036,10.971,10.998,10.998715078784656,1144632,30082,13193202.631407486,13253214,611979,532653,15239,14843,Currency (CNY/RUB),0.15481285857390503,0.15481285857390503,0.0649999999999995,0.5910165484633525,38.050395585399905,0.53465131151322,0.034651311513219984,80.03784295175024,7,3,Thursday
2025-07-04,CNYRUBF,10.998,11.029,10.964,10.984,10.997509046708114,1310400,25092,13151854.096684203,13241124,598687,711713,11776,13316,Currency (CNY/RUB),-0.1272958719767181,0.1272958719767181,0.0649999999999995,0.5917698470502504,52.22381635581062,0.45687347374847376,0.04312652625152624,79.93595808165345,7,4,Friday
2025-07-07,CNYRUBF,10.98,11.003,10.839,10.857,10.921959495385233,1738674,39872,12918903.211426565,13082588,787414,951260,17878,21994,Currency (CNY/RUB),-1.156227239621277,1.156227239621277,0.1639999999999997,1.5105461913972524,43.6063904494382,0.4528819088569795,0.04711809114302051,79.01171676006112,7,0,Monday
2025-07-08,CNYRUBF,10.859,10.88,10.812,10.871,10.856104494873719,1137988,31992,12921300.770817704,12988996,511762,626226,15751,16241,Currency (CNY/RUB),0.12894906511928816,0.12894906511928816,0.06800000000000139,0.6255174316990285,35.57101775443861,0.4497077297827394,0.050292270217260626,79.11360163015793,7,1,Tuesday
2025-07-09,CNYRUBF,10.874,10.895,10.798,10.868,10.852160746653098,1131211,31447,12891954.30622953,12928696,547524,583687,15265,16182,Currency (CNY/RUB),-0.02759635728083465,0.02759635728083465,0.09699999999999953,0.8925285241074672,35.97198460902471,0.4840158025337448,0.01598419746625518,79.09176915799434,7,2,Wednesday
2025-07-10,CNYRUBF,10.865,10.873,10.792,10.8,10.826251944235386,952350,27903,12782394.272300469,12896976,461572,490778,12961,14942,Currency (CNY/RUB),-0.6256900993743097,0.6256900993743097,0.08099999999999952,0.7499999999999954,34.13073863025481,0.48466635165642885,0.015333648343571149,78.59689978895278,7,3,Thursday
2025-07-11,CNYRUBF,10.801,11.0,10.8,10.975,10.898081971864286,2355763,42295,12492607.467407495,12699996,1233161,1122602,23011,19284,Currency (CNY/RUB),1.6203703703703498,1.6203703703703498,0.1999999999999993,1.8223234624145723,55.69838042321788,0.5234656457377079,0.02346564573770793,79.87046066516264,7,4,Friday
2025-07-14,CNYRUBF,10.984,11.015,10.84,10.869,10.90541889583187,2048086,42729,12948812.65056519,13354552,1027982,1020104,20693,22036,Currency (CNY/RUB),-0.9658314350797226,0.9658314350797226,0.1750000000000007,1.610083724353673,47.93198998338365,0.5019232590818941,0.0019232590818940576,79.09904664871551,7,0,Monday
2025-07-15,CNYRUBF,10.867,10.869,10.832,10.86,10.848202476854635,1246656,24951,13312980.858242154,13495452,628221,618435,12814,12137,Currency (CNY/RUB),-0.08280430582390252,0.08280430582390252,0.036999999999999034,0.3406998158379285,49.9641697727546,0.5039248998921916,0.00392489989219158,79.03354923222473,7,1,Tuesday
2025-07-16,CNYRUBF,10.858,10.864,10.834,10.854,10.849092473633748,911748,20860,13008967.461361457,13085236,459928,451820,10065,10795,Currency (CNY/RUB),-0.055248618784531356,0.055248618784531356,0.030000000000001137,0.276395798783869,43.707957813998085,0.504446404050242,0.004446404050241992,78.98988428789752,7,2,Wednesday
2025-07-17,CNYRUBF,10.851,10.929,10.849,10.875,10.88315374013713,1592493,29023,12933326.806877304,13047794,618977,973516,13467,15556,Currency (CNY/RUB),0.1934770591487167,0.1934770591487167,0.08000000000000007,0.7356321839080466,54.87003411087758,0.388684283070632,0.11131571692936798,79.14271159304272,7,3,Thursday
2025-07-18,CNYRUBF,10.88,10.97,10.88,10.951,10.923423042304231,1454667,26664,12715021.623387339,12866440,586611,868056,14713,11951,Currency (CNY/RUB),0.6988505747126394,0.6988505747126394,0.08999999999999986,0.8218427540863835,54.555468046804684,0.4032613649721895,0.0967386350278105,79.69580088785388,7,4,Friday
2025-07-21,CNYRUBF,10.951,10.953,10.864,10.874,10.8991772372648,872216,21790,12753436.592290042,12851514,357595,514621,9223,12567,Currency (CNY/RUB),-0.7031321340516872,0.7031321340516872,0.08899999999999864,0.8184660658451226,40.02826984855438,0.40998445339227896,0.09001554660772104,79.13543410232153,7,0,Monday
2025-07-22,CNYRUBF,10.877,10.956,10.851,10.944,10.908942711627443,1513510,30041,13032020.56928864,13261730,747424,766086,16238,13803,Currency (CNY/RUB),0.6437373551591019,0.6437373551591019,0.10499999999999865,0.959429824561391,50.38147864585067,0.4938348606880695,0.006165139311930523,79.64485845280548,7,1,Tuesday
2025-07-23,CNYRUBF,10.943,11.003,10.939,10.98,10.978126191053672,4031028,57722,13269890.53286442,13421826,2863380,1167648,37452,20270,Currency (CNY/RUB),0.3289473684210398,0.3289473684210398,0.06400000000000006,0.5828779599271408,69.83521014517862,0.7103349319329958,0.2103349319329958,79.90684811876866,7,2,Wednesday
2025-07-24,CNYRUBF,10.99,11.166,10.978,11.089,11.073995702513821,3086102,47935,12820097.816543236,12905412,1642770,1443332,25643,22292,Currency (CNY/RUB),0.9927140255009181,0.9927140255009181,0.1880000000000006,1.6953737938497664,64.3809742359445,0.5323122826141197,0.03231228261411967,80.70009460737938,7,3,Thursday
2025-07-25,CNYRUBF,11.088,11.12,11.035,11.078,11.081755844359604,1725250,38242,12959159.901312692,13037618,813752,911498,17849,20393,Currency (CNY/RUB),-0.09919740283164113,0.09919740283164113,0.08499999999999908,0.767286513811149,45.11401077349511,0.47167193160411536,0.028328068395884642,80.62004220944618,7,4,Friday
2025-07-28,CNYRUBF,11.078,11.393,11.038,11.385,11.23649830674446,4135950,73527,12948159.040026113,13178548,1854638,2281312,38538,34989,Currency (CNY/RUB),2.771258349882655,2.771258349882655,0.3550000000000004,3.1181379007466004,56.250765025092825,0.44841886386440843,0.051581136135591565,82.85423186085438,7,0,Monday
2025-07-29,CNYRUBF,11.371,11.528,11.35,11.458,11.438517467114572,2849475,81267,12878721.660575634,13053082,1434811,1414664,41145,40122,Currency (CNY/RUB),0.6411945542380337,0.6411945542380337,0.17800000000000082,1.5534997381742086,35.063125253793054,0.5035352126268874,0.003535212626887385,83.38548868350193,7,1,Tuesday
2025-07-30,CNYRUBF,11.457,11.485,11.175,11.233,11.311467196553062,3126823,74733,13194302.305915726,13415766,1443280,1683543,34924,39809,Currency (CNY/RUB),-1.9636934892651392,1.9636934892651392,0.3099999999999987,2.7597258078874627,41.839923460853974,0.4615803324972344,0.0384196675027656,81.7480532712321,7,2,Wednesday
2025-07-31,CNYRUBF,11.231,11.238,11.053,11.125,11.1283056913582,3157246,70159,13452876.816488262,13576370,1555155,1602091,35236,34923,Currency (CNY/RUB),-0.9614528621027407,0.9614528621027407,0.18499999999999872,1.6629213483145955,45.00129705383486,0.49256693966830584,0.0074330603316941635,80.96208427334255,7,3,Thursday
2025-08-01,CNYRUBF,11.12,11.138,11.057,11.09,11.093376333601011,1476420,34868,13451703.620339567,13576326,786835,689585,17696,17172,Currency (CNY/RUB),-0.31460674157303137,0.31460674157303137,0.08099999999999952,0.7303877366997251,42.343122633933696,0.5329343953617535,0.032934395361753466,80.70737209810058,8,4,Friday
2025-08-04,CNYRUBF,11.086,11.118,11.047,11.083,11.078046938544961,893178,17704,13498011.00576141,13585716,455198,437980,9222,8482,Currency (CNY/RUB),-0.0631199278629313,0.0631199278629313,0.07099999999999973,0.6406207705494877,50.45063262539539,0.5096386162668584,0.009638616266858357,80.6564296630522,8,0,Monday
2025-08-05,CNYRUBF,11.083,11.156,11.067,11.117,11.114268637184116,1259039,22160,13489151.37536101,13542184,639189,619850,11412,10748,Currency (CNY/RUB),0.306776143643428,0.306776143643428,0.08900000000000041,0.8005756948817163,56.815839350180504,0.5076800639217689,0.007680063921768898,80.90386434757296,8,1,Tuesday
2025-08-06,CNYRUBF,11.117,11.147,10.922,11.015,11.07286579205837,1963909,42762,13532391.808381272,13619904,919372,1044537,20102,22660,Currency (CNY/RUB),-0.9175137177296011,0.9175137177296011,0.22499999999999964,2.042669087607804,45.92650016369674,0.4681337068061708,0.03186629319382922,80.16156029401064,8,2,Wednesday
2025-08-07,CNYRUBF,11.016,11.058,10.993,11.032,11.02987199503885,1571309,27413,13126915.117863787,13311990,722375,848934,13510,13903,Currency (CNY/RUB),0.1543349977303654,0.1543349977303654,0.0649999999999995,0.5891950688904958,57.319848247181994,0.45972816295203556,0.04027183704796444,80.28527763627102,8,3,Thursday
2025-08-08,CNYRUBF,11.032,11.13,11.0,11.052,11.07599436280009,2320829,35656,13084009.614370653,13328326,1171805,1149024,18583,17073,Currency (CNY/RUB),0.1812907904278349,0.1812907904278349,0.13000000000000078,1.1762576909156786,65.08943796275521,0.5049079445318893,0.004907944531889252,80.43082745069499,8,4,Friday
2025-08-11,CNYRUBF,11.044,11.093,10.968,11.031,11.044606648076838,1138176,22593,12970602.705174169,13100926,535942,602234,10984,11609,Currency (CNY/RUB),-0.19001085776328974,0.19001085776328974,0.125,1.1331701568307495,50.37737352277254,0.47087796614934774,0.029122033850652262,80.27800014554983,8,0,Monday
2025-08-12,CNYRUBF,11.029,11.09,11.027,11.064,11.062392705505673,732748,14367,12773509.7200529,12906554,328111,404637,6624,7743,Currency (CNY/RUB),0.29915692140332073,0.29915692140332073,0.06300000000000061,0.5694143167028255,51.00215772255864,0.4477815019624755,0.052218498037524486,80.5181573393494,8,1,Tuesday
2025-08-13,CNYRUBF,11.063,11.112,11.05,11.106,11.079212654684738,704488,13576,12706347.75500884,12756512,411614,292874,7792,5784,Currency (CNY/RUB),0.3796095444685399,0.3796095444685399,0.06199999999999939,0.558256798127133,51.89216263995286,0.5842739691804545,0.08427396918045449,80.82381194963976,8,2,Wednesday
2025-08-14,CNYRUBF,11.106,11.223,11.066,11.157,11.126959916589435,1313355,25896,12790065.262279889,12897836,579063,734292,12149,13747,Currency (CNY/RUB),0.4592112371690993,0.4592112371690993,0.15700000000000003,1.407188312270324,50.71651992585728,0.44090363991456993,0.059096360085430066,81.19496397642094,8,3,Thursday
2025-08-15,CNYRUBF,11.157,11.177,11.09,11.124,11.122680188679245,808979,15900,12943224.367798742,13007544,389549,419430,7686,8214,Currency (CNY/RUB),-0.2957784350631876,0.2957784350631876,0.08699999999999974,0.7820927723840321,50.87918238993711,0.48153165904182926,0.018468340958170737,80.95480678262136,8,4,Friday
2025-08-18,CNYRUBF,11.126,11.207,11.126,11.166,11.165700648788928,1064112,23120,13096805.957698962,13189018,574803,489309,12419,10701,Currency (CNY/RUB),0.3775620280474623,0.3775620280474623,0.0810000000000013,0.7254164427727144,46.02560553633218,0.5401715232982994,0.04017152329829943,81.26046139291174,8,0,Monday
2025-08-19,CNYRUBF,11.163,11.193,11.15,11.169,11.172402136959688,675557,14413,13094754.39214598,13175536,291723,383834,6355,8058,Currency (CNY/RUB),0.02686727565825997,0.02686727565825997,0.04299999999999926,0.3849941803205234,46.87136612780129,0.4318258858985992,0.06817411410140078,81.28229386507533,8,1,Tuesday
2025-08-20,CNYRUBF,11.167,11.177,11.115,11.162,11.153846518987342,816677,13904,12872836.003596088,13005574,425843,390834,6711,7193,Currency (CNY/RUB),-0.06267347121496902,0.06267347121496902,0.06199999999999939,0.5554560114674734,58.73683831990794,0.5214338104293375,0.021433810429337452,81.23135143002693,8,2,Wednesday
2025-08-21,CNYRUBF,11.158,11.203,11.155,11.185,11.171344593652712,1550113,21521,12981365.734956553,13311972,547406,1002707,9306,12215,Currency (CNY/RUB),0.20605626231857688,0.20605626231857688,0.04800000000000004,0.4291461779168533,72.02792621160727,0.3531394162877158,0.14686058371228422,81.39873371661452,8,3,Thursday
2025-08-22,CNYRUBF,11.185,11.255,11.173,11.234,11.21720187698058,1730632,24614,13298167.401641343,13389578,671525,1059107,11885,12729,Currency (CNY/RUB),0.4380867232901098,0.4380867232901098,0.08200000000000074,0.7299270072992766,70.31087998699927,0.3880229881338147,0.1119770118661853,81.75533076195329,8,4,Friday
2025-08-25,CNYRUBF,11.238,11.298,11.159,11.184,11.232207699164713,1456683,30289,13213034.478721648,13275688,453260,1003423,11645,18644,Currency (CNY/RUB),-0.44507744347517253,0.44507744347517253,0.13899999999999935,1.2428469241773905,48.09280596916372,0.3111589824278858,0.1888410175721142,81.39145622589331,8,0,Monday
2025-08-26,CNYRUBF,11.187,11.249,11.161,11.236,11.203795135433943,976627,18090,13349437.350248756,13427218,531797,444830,9922,8168,Currency (CNY/RUB),0.4649499284692604,0.4649499284692604,0.08800000000000097,0.7831968672125397,53.98711995577667,0.5445241632680645,0.04452416326806452,81.76988574339569,8,1,Tuesday
2025-08-27,CNYRUBF,11.233,11.275,11.18,11.263,11.228915630196209,1821288,30070,13505029.016162287,13677838,823098,998190,14496,15574,Currency (CNY/RUB),0.2402990388038484,0.2402990388038484,0.09500000000000064,0.8434697682677852,60.5682740272697,0.45193181967925994,0.04806818032074006,81.96637799286806,8,2,Wednesday
2025-08-28,CNYRUBF,11.26,11.308,11.214,11.276,11.249203747234514,1606572,28928,13414302.670837943,13525596,852687,753885,14694,14234,Currency (CNY/RUB),0.11542217881559402,0.11542217881559402,0.09399999999999942,0.8336289464349009,55.53691924778761,0.530749322159231,0.030749322159230985,82.06098537224365,8,3,Thursday
2025-08-29,CNYRUBF,11.278,11.32,11.257,11.284,11.281084889569211,1267233,22865,13486431.398381807,13582438,669997,597236,12372,10493,Currency (CNY/RUB),0.07094714437745342,0.07094714437745342,0.06300000000000061,0.558312655086854,55.42239230264597,0.528708611597078,0.02870861159707805,82.11920529801326,8,4,Friday
2025-09-01,CNYRUBF,11.282,11.286,11.221,11.227,11.260140315617091,1015094,26868,13433947.47327676,13491064,366149,648945,8929,17939,Currency (CNY/RUB),-0.5051400212690571,0.5051400212690571,0.0649999999999995,0.578961432261508,37.78078011016823,0.3607045258862726,0.1392954741137274,81.70438832690489,9,0,Monday
2025-09-02,CNYRUBF,11.228,11.29,11.201,11.273,11.258337164516721,714969,16357,13316501.861466039,13405976,422566,292403,8992,7365,Currency (CNY/RUB),0.40972655206199526,0.40972655206199526,0.08899999999999864,0.7894970282976903,43.71027694565018,0.5910270235492727,0.09102702354927272,82.03915290008005,9,1,Tuesday
2025-09-03,CNYRUBF,11.274,11.336,11.265,11.307,11.307458295338732,948028,18643,13267184.29748431,13329792,532936,415092,11010,7633,Currency (CNY/RUB),0.30160560631598,0.30160560631598,0.07099999999999973,0.6279296011320397,50.851686960253176,0.5621521727206369,0.06215217272063689,82.28658758460084,9,2,Wednesday
2025-09-04,CNYRUBF,11.303,11.395,11.303,11.393,11.364701275045537,1260756,20862,13245414.719585849,13407714,642826,617930,10702,10160,Currency (CNY/RUB),0.7605907844697946,0.7605907844697946,0.09199999999999875,0.8075133854120842,60.43313201035375,0.5098734410147562,0.009873441014756179,82.91245178662398,9,3,Thursday
2025-09-05,CNYRUBF,11.395,11.428,11.372,11.42,11.40103827575344,1092212,19046,13333668.20928279,13431164,547981,544231,9481,9565,Currency (CNY/RUB),0.23698762397963424,0.23698762397963424,0.05600000000000094,0.4903677758318821,57.34600441037488,0.5017166996883389,0.001716699688338874,83.10894403609636,9,4,Friday
2025-09-08,CNYRUBF,11.428,11.651,11.423,11.641,11.540880711264668,2393507,33574,13077037.085899804,13239010,1274027,1119480,18145,15429,Currency (CNY/RUB),1.93520140105079,1.93520140105079,0.22799999999999976,1.9585946224551134,71.29049264311669,0.5322846350564255,0.03228463505642554,84.71726948548141,9,0,Monday
2025-09-09,CNYRUBF,11.639,11.789,11.636,11.769,11.721190643991624,2841412,39162,13051937.021142945,13146218,1565623,1275789,20932,18230,Currency (CNY/RUB),1.099561893308132,1.099561893308132,0.15300000000000047,1.3000254906959001,72.55533425259179,0.5510017554652406,0.05100175546524055,85.64878829779492,9,1,Tuesday
2025-09-10,CNYRUBF,11.77,11.959,11.77,11.958,11.898061744266204,3983915,53673,12970986.211801091,13164360,2037356,1946559,27951,25722,Currency (CNY/RUB),1.6059138414478813,1.6059138414478813,0.18900000000000006,1.5805318615153041,74.22568144132059,0.5113954489490865,0.011395448949086506,87.0242340441016,9,2,Wednesday
2025-09-11,CNYRUBF,11.96,12.063,11.851,11.958,11.952094975560785,4684884,60763,12821917.504797326,13058054,2255758,2429126,29750,31013,Currency (CNY/RUB),0.0,0.0,0.21199999999999974,1.7728717176785393,77.10093313365041,0.4814970872277734,0.0185029127722266,87.0242340441016,9,3,Thursday
2025-09-12,CNYRUBF,11.961,11.997,11.738,11.765,11.832241155409916,3827897,49437,12529340.40394846,12643154,1944601,1883296,23906,25531,Currency (CNY/RUB),-1.6139822712828211,1.6139822712828211,0.25900000000000034,2.2014449638759057,77.42979954285252,0.508007660603198,0.008007660603198019,85.61967833491013,9,4,Friday
2025-09-15,CNYRUBF,11.765,11.765,11.531,11.569,11.608590094116408,4509243,57057,12757435.270168427,13022156,2039943,2469300,27934,29123,Currency (CNY/RUB),-1.665958351041219,1.665958351041219,0.23399999999999999,2.022646728325698,79.0304958199695,0.4523914546188795,0.047608545381120526,84.19329015355507,9,0,Monday
2025-09-16,CNYRUBF,11.566,11.7,11.513,11.647,11.612998783957416,2479336,43584,13036893.886655653,13289084,1396436,1082900,26362,17222,Currency (CNY/RUB),0.6742155761085611,0.6742155761085611,0.1869999999999994,1.6055636644629465,56.88638032305433,0.5632298325035413,0.0632298325035413,84.76093442980861,9,1,Tuesday
2025-09-17,CNYRUBF,11.646,11.73,11.636,11.718,11.68428657989228,1837441,26736,13237965.394898264,13469358,938466,898975,14064,12672,Currency (CNY/RUB),0.6095990383789829,0.6095990383789829,0.0940000000000012,0.8021846731524254,68.72535158587672,0.5107461953880424,0.010746195388042445,85.27763627101376,9,2,Wednesday
2025-09-18,CNYRUBF,11.702,11.738,11.633,11.721,11.68452324059713,4016082,41264,13555785.798759209,13904836,2022004,1994078,20561,20703,Currency (CNY/RUB),0.025601638504868518,0.025601638504868518,0.10500000000000043,0.895828001023807,97.32653160139589,0.5034767716396229,0.0034767716396229,85.29946874317736,9,3,Thursday
2025-09-19,CNYRUBF,11.717,11.749,11.68,11.71,11.715402313093763,1663406,26631,13531470.565656565,13671056,878876,784530,13619,13012,Currency (CNY/RUB),-0.0938486477262912,0.0938486477262912,0.06900000000000084,0.5892399658411684,62.46126694453832,0.5283592820994994,0.02835928209949945,85.21941634524417,9,4,Friday
2025-09-22,CNYRUBF,11.718,11.771,11.705,11.739,11.735542541692404,2013828,25904,13071856.185531192,13458188,969040,1044788,12689,13215,Currency (CNY/RUB),0.24765157984627528,0.24765157984627528,0.06600000000000072,0.5622284692052195,77.74197035206917,0.48119303138103153,0.018806968618968467,85.43046357615894,9,0,Monday
2025-09-23,CNYRUBF,11.741,11.8,11.67,11.78,11.729013954281815,2006613,29310,12649052.667894917,12706224,1071550,935063,15593,13717,Currency (CNY/RUB),0.34926313996079816,0.34926313996079816,0.13000000000000078,1.1035653650254738,68.46171954964176,0.5340092982553188,0.03400929825531884,85.72884069572811,9,1,Tuesday
2025-09-24,CNYRUBF,11.777,11.798,11.682,11.699,11.724665250979386,1980975,27313,12888627.14677992,13033636,933081,1047894,12045,15268,Currency (CNY/RUB),-0.6876061120543286,0.6876061120543286,0.11599999999999966,0.9915377382682252,72.5286493611101,0.47102108810055654,0.02897891189944346,85.13936394731097,9,2,Wednesday
2025-09-25,CNYRUBF,11.697,11.749,11.672,11.703,11.718369162375105,1401672,22719,12956307.90994322,13027198,747502,654170,11960,10759,Currency (CNY/RUB),0.034190956491997326,0.034190956491997326,0.07699999999999996,0.6579509527471585,61.69602535322858,0.5332930956743089,0.03329309567430894,85.16847391019576,9,3,Thursday
2025-09-26,CNYRUBF,11.704,11.709,11.605,11.633,11.667355840903797,2986171,34344,13419994.200733753,13626218,1166264,1819907,14345,19999,Currency (CNY/RUB),-0.5981372297701459,0.5981372297701459,0.1039999999999992,0.8940084243101453,86.94884113673422,0.39055499500865826,0.10944500499134174,84.6590495597118,9,4,Friday
2025-09-29,CNYRUBF,11.633,11.669,11.546,11.59,11.60658061365397,2494052,29691,13951885.013707858,14232994,1044750,1449302,13475,16216,Currency (CNY/RUB),-0.3696380985128478,0.3696380985128478,0.12300000000000111,1.061259706643668,84.00026944191842,0.418896638883231,0.08110336111676902,84.34611745870025,9,0,Monday
2025-09-30,CNYRUBF,11.59,11.624,11.461,11.502,11.534652185881233,2656069,39961,13723409.916518606,13978358,1223607,1432462,18536,21425,Currency (CNY/RUB),-0.7592752372735045,0.7592752372735045,0.16300000000000026,1.4171448443748935,66.46652986661995,0.46068343857030825,0.039316561429691754,83.70569827523471,9,1,Tuesday
2025-10-01,CNYRUBF,11.502,11.51,11.315,11.341,11.38540669517298,2940162,43733,13518733.007294264,13632580,1443691,1496471,20739,22994,Currency (CNY/RUB),-1.399756564075827,1.399756564075827,0.19500000000000028,1.719425094788822,67.22982644684792,0.4910243041029712,0.00897569589702879,82.53402226912159,10,2,Wednesday
2025-10-02,CNYRUBF,11.34,11.398,11.26,11.339,11.336387132722676,2153192,36791,13642628.68429779,13774442,1082859,1070333,18786,18005,Currency (CNY/RUB),-0.01763512917730692,0.01763512917730692,0.1379999999999999,1.2170385395537517,58.52496534478541,0.5029087048437854,0.002908704843785359,82.51946728767922,10,3,Thursday
2025-10-03,CNYRUBF,11.344,11.554,11.315,11.524,11.452924157626846,3010152,43419,13839810.074713835,13973994,1704634,1305518,24705,18714,Currency (CNY/RUB),1.6315371725901695,1.6315371725901695,0.23900000000000077,2.073932662270052,69.32799005043874,0.5662949910835068,0.06629499108350678,83.86580307110107,10,4,Friday
2025-10-06,CNYRUBF,11.517,11.6,11.421,11.48,11.53914296475233,2648440,38499,14113031.096288215,14247598,1146546,1501894,17997,20502,Currency (CNY/RUB),-0.38181187087815704,0.38181187087815704,0.17900000000000027,1.5592334494773543,68.79243616717318,0.4329137152436906,0.0670862847563094,83.54559347936832,10,0,Monday
2025-10-07,CNYRUBF,11.482,11.482,11.329,11.412,11.385365808376616,2957683,45245,14577217.069068406,14781600,1446546,1511137,22759,22486,Currency (CNY/RUB),-0.5923344947735165,0.5923344947735165,0.1529999999999987,1.3406940063091366,65.3703834677865,0.4890808108914985,0.010919189108501481,83.05072411032677,10,1,Tuesday
2025-10-08,CNYRUBF,11.412,11.429,11.258,11.282,11.332014413769885,3201985,47524,14672910.188704655,14851932,1548204,1653781,22583,24941,Currency (CNY/RUB),-1.1391517700666043,1.1391517700666043,0.17100000000000115,1.5156887076759542,67.37616783099065,0.48351382033332446,0.016486179666675538,82.10465031657085,10,2,Wednesday
2025-10-09,CNYRUBF,11.292,11.391,11.282,11.373,11.360137144979907,2048804,29611,14572003.347337138,14753920,1046081,1002723,15990,13621,Currency (CNY/RUB),0.8065945754298864,0.8065945754298864,0.10899999999999999,0.9584102699375714,69.19063861402857,0.5105812952337071,0.0105812952337071,82.76690197219997,10,3,Thursday
2025-10-10,CNYRUBF,11.373,11.441,11.315,11.401,11.378253468554123,1658121,28398,14535514.48721741,14674742,767365,890756,14226,14172,Currency (CNY/RUB),0.24619713356195394,0.24619713356195394,0.12600000000000122,1.1051662134900555,58.388654130572576,0.4627919192869519,0.0372080807130481,82.97067171239357,10,4,Friday
2025-10-13,CNYRUBF,11.398,11.399,11.144,11.183,11.255218559716162,2565002,41714,14180630.506640457,14356190,1073522,1491480,17784,23930,Currency (CNY/RUB),-1.9121129725462649,1.9121129725462649,0.254999999999999,2.2802468031833945,61.49019513832287,0.41852676917990705,0.08147323082009295,81.38417873517211,10,0,Monday
2025-10-14,CNYRUBF,11.18,11.19,11.069,11.099,11.121139804968884,2491204,40814,13896237.026363503,14079394,1203059,1288145,19814,21000,Currency (CNY/RUB),-0.7511401234015835,0.7511401234015835,0.12099999999999866,1.0901883052527135,61.03797716469839,0.48292271528144626,0.017077284718553742,80.77286951459138,10,1,Tuesday
2025-10-15,CNYRUBF,11.098,11.113,10.951,10.951,11.015408189221176,3481419,56611,13893398.415855575,14019484,1733882,1747537,26818,29793,Currency (CNY/RUB),-1.3334534642760576,1.3334534642760576,0.16199999999999903,1.4793169573554836,61.49721785518715,0.49803887437852207,0.0019611256214779327,79.69580088785388,10,2,Wednesday
2025-10-16,CNYRUBF,10.956,11.267,10.918,11.22,11.130775775585404,5874791,84130,14176890.264970878,14472426,3068959,2805832,44285,39845,Currency (CNY/RUB),2.4563966761026457,2.4563966761026457,0.3490000000000002,3.1105169340463474,69.82991798407227,0.5223945839094531,0.022394583909453147,81.65344589185649,10,3,Thursday
2025-10-17,CNYRUBF,11.22,11.467,11.183,11.401,11.362526267725762,3839920,58037,14143997.538328998,14272966,2028612,1811308,31319,26718,Currency (CNY/RUB),1.613190730837788,1.613190730837788,0.2840000000000007,2.4910095605648688,66.16330961283319,0.5282953811537741,0.028295381153774057,82.97067171239357,10,4,Friday
2025-10-20,CNYRUBF,11.415,11.424,11.273,11.305,11.337882635068416,2257895,35445,13908721.846974185,14018142,977739,1280156,16788,18657,Currency (CNY/RUB),-0.8420314007543173,0.8420314007543173,0.1509999999999998,1.3356921716054826,63.70136831711102,0.43303120827142094,0.06696879172857906,82.27203260315844,10,0,Monday
2025-10-21,CNYRUBF,11.303,11.465,11.294,11.41,11.386689430025326,3192619,43037,14021254.781885354,14254788,1662821,1529798,23322,19715,Currency (CNY/RUB),0.9287925696594534,0.9287925696594534,0.17099999999999937,1.4986853637160331,74.18312150010456,0.5208328961269729,0.020832896126972922,83.03616912888437,10,1,Tuesday
2025-10-22,CNYRUBF,11.411,11.537,11.355,11.427,11.435954308066393,3302605,47295,14308605.297727032,14424370,1656610,1645995,24013,23282,Currency (CNY/RUB),0.14899211218228903,0.14899211218228903,0.18200000000000038,1.592718998862347,69.82989745216196,0.5016070647261782,0.00160706472617822,83.15988647114474,10,2,Wednesday
2025-10-23,CNYRUBF,11.441,11.498,11.339,11.399,11.39660056848151,2609603,34126,14257395.597667467,14462238,1318166,1291437,16633,17493,Currency (CNY/RUB),-0.2450336921326679,0.2450336921326679,0.15899999999999892,1.3948591981752692,76.46964191525522,0.5051212770678145,0.005121277067814511,82.95611673095117,10,3,Thursday
2025-10-24,CNYRUBF,11.399,11.439,11.122,11.151,11.263143572458718,4891056,61711,13987469.52083097,14129102,2394275,2496781,29703,32008,Currency (CNY/RUB),-2.17562944117905,2.17562944117905,0.31700000000000017,2.8427943682180987,79.2574419471407,0.4895210768390303,0.010478923160969711,81.15129903209373,10,4,Friday
2025-10-27,CNYRUBF,11.151,11.2,11.024,11.183,11.096203425459237,2685422,41863,14056127.435109762,14307390,1508178,1177244,22296,19567,Currency (CNY/RUB),0.2869697784952052,0.2869697784952052,0.17600000000000016,1.57381740141286,64.14786326827986,0.5616167589302538,0.06161675893025376,81.38417873517211,10,0,Monday
2025-10-28,CNYRUBF,11.178,11.269,11.121,11.178,11.186722162887161,2470571,40261,14271043.297434242,14496346,1245558,1225013,19770,20491,Currency (CNY/RUB),-0.044710721631036066,0.044710721631036066,0.1479999999999997,1.324029343353012,61.363875710985816,0.5041579456732876,0.004157945673287644,81.34779128156613,10,1,Tuesday
2025-10-29,CNYRUBF,11.179,11.239,11.123,11.225,11.190857086514352,2291441,35497,14611925.157168211,14736608,1194734,1096707,18520,16977,Currency (CNY/RUB),0.42046877795669513,0.42046877795669513,0.11600000000000144,1.0334075723830862,64.55308899343606,0.5213898154043678,0.021389815404367796,81.68983334546247,10,2,Wednesday
2025-10-30,CNYRUBF,11.221,11.354,11.22,11.315,11.291421625507008,2541612,38954,14622968.75560918,14753986,1165870,1375742,19816,19138,Currency (CNY/RUB),0.801781737193763,0.801781737193763,0.13399999999999856,1.1842686699071903,65.24649586691996,0.45871281690517673,0.041287183094823265,82.34480751037042,10,3,Thursday
2025-10-31,CNYRUBF,11.315,11.38,11.26,11.271,11.32407000896199,2960317,37938,14271819.819494965,14506724,1245655,1714662,16791,21147,Currency (CNY/RUB),-0.38886433937250775,0.38886433937250775,0.120000000000001,1.0646792653713157,78.03039169170752,0.42078432816485534,0.07921567183514466,82.02459791863767,10,4,Friday
2025-11-01,CNYRUBF,11.271,11.326,11.204,11.308,11.26833257986739,1079737,19908,13974675.377637131,14014954,555811,523926,10343,9565,Currency (CNY/RUB),0.3282761068228002,0.3282761068228002,0.12199999999999989,1.0788822072868756,54.236337150894116,0.5147651696663169,0.014765169666316913,82.29386507532203,11,5,Saturday
2025-11-03,CNYRUBF,11.307,11.339,11.156,11.207,11.234678604257823,1410037,27197,14090187.272125602,14205612,637539,772498,12625,14572,Currency (CNY/RUB),-0.8931729748850259,0.8931729748850259,0.18299999999999983,1.632908003926116,51.84531382137736,0.45214345439162235,0.047856545608377654,81.5588385124809,11,0,Monday
2025-11-05,CNYRUBF,11.203,11.428,11.188,11.408,11.346691014319214,2359701,40086,13962958.444993265,14108720,1300814,1058887,22322,17764,Currency (CNY/RUB),1.7935219059516339,1.7935219059516339,0.2400000000000002,2.1037868162692868,58.865963179164794,0.5512622150009684,0.05126221500096839,83.02161414744195,11,2,Wednesday
2025-11-06,CNYRUBF,11.424,11.446,11.313,11.373,11.373102485251664,1732767,31868,14130526.744194804,14202860,791914,940853,14378,17490,Currency (CNY/RUB),-0.3068022440392726,0.3068022440392726,0.13299999999999912,1.1694363844192308,54.37325844106941,0.45702278494454246,0.04297721505545754,82.76690197219997,11,3,Thursday
2025-11-07,CNYRUBF,11.373,11.415,11.29,11.331,11.349880980639417,1447508,26962,14129868.465544099,14194368,699015,748493,12460,14502,Currency (CNY/RUB),-0.3692957003429198,0.3692957003429198,0.125,1.1031682993557497,53.68696684222239,0.4829092481699583,0.017090751830041717,82.46124736190961,11,4,Friday
2025-11-10,CNYRUBF,11.331,11.42,11.301,11.388,11.366658132862502,1613252,27186,14077888.417273596,14154368,864780,748472,15144,12042,Currency (CNY/RUB),0.5030447445062203,0.5030447445062203,0.11899999999999977,1.0449596066034401,59.34127859927904,0.5360476850485851,0.03604768504858513,82.87606433301798,11,0,Monday
2025-11-11,CNYRUBF,11.383,11.462,11.325,11.365,11.392900610713662,1864927,28655,14110082.930797417,14185320,846885,1018042,13232,15423,Currency (CNY/RUB),-0.20196698278889258,0.20196698278889258,0.13700000000000045,1.205455345358561,65.08207991624498,0.4541116086581405,0.045888391341859514,82.7086820464304,11,1,Tuesday
2025-11-12,CNYRUBF,11.369,11.406,11.347,11.369,11.37580813547486,1499815,22912,14206876.05734986,14320564,703411,796404,11348,11564,Currency (CNY/RUB),0.03519577650681338,0.03519577650681338,0.05900000000000105,0.5189550532148918,65.45980272346368,0.46899850981621066,0.031001490183789338,82.73779200931519,11,2,Wednesday
2025-11-13,CNYRUBF,11.373,11.381,11.297,11.381,11.337213696429874,1927986,27394,14219774.675184347,14391142,948506,979480,13451,13943,Currency (CNY/RUB),0.10555018031490615,0.10555018031490615,0.08399999999999963,0.73807222563922,70.37986420384026,0.49196726532246604,0.00803273467753396,82.8251218979696,11,3,Thursday
2025-11-14,CNYRUBF,11.367,11.48,11.367,11.396,11.412894408754356,2325340,36736,13921393.221635453,14102504,1170920,1154420,18712,18024,Currency (CNY/RUB),0.13179861172130103,0.13179861172130103,0.11299999999999955,0.9915759915759875,63.29867160278746,0.5035478682687263,0.0035478682687263285,82.93428425878759,11,4,Friday
2025-11-17,CNYRUBF,11.39,11.441,11.36,11.402,11.401120580670474,1269117,22939,13790889.40520511,13896152,631244,637873,11165,11774,Currency (CNY/RUB),0.05265005265004952,0.05265005265004952,0.0810000000000013,0.710401683915114,55.32573346702123,0.49738834165801893,0.0026116583419810713,82.97794920311476,11,0,Monday
2025-11-18,CNYRUBF,11.404,11.417,11.352,11.385,11.385768301278825,1139759,19862,13688877.270365521,13737828,565882,573877,9290,10572,Currency (CNY/RUB),-0.14909664971056724,0.14909664971056724,0.0649999999999995,0.5709266578831753,57.38389890242674,0.4964926795927911,0.0035073204072089137,82.85423186085438,11,1,Tuesday
2025-11-19,CNYRUBF,11.39,11.4,11.261,11.308,11.32887333688132,1573480,28185,13715128.471740287,13819606,694011,879469,12636,15549,Currency (CNY/RUB),-0.6763285024154575,0.6763285024154575,0.13900000000000112,1.2292182525645658,55.82685825793862,0.44106756997229074,0.05893243002770926,82.29386507532203,11,2,Wednesday
2025-11-20,CNYRUBF,11.318,11.337,11.147,11.153,11.246998602883648,2005856,35788,13733620.388901308,13838266,954010,1051846,16726,19062,Currency (CNY/RUB),-1.3707110010611867,1.3707110010611867,0.1899999999999995,1.7035775127768267,56.04828434111993,0.4756124068726768,0.024387593127323193,81.16585401353615,11,3,Thursday
2025-11-21,CNYRUBF,11.164,11.179,11.025,11.109,11.09033120394423,2361326,37726,13714493.51015215,13830972,1106254,1255072,19487,18239,Currency (CNY/RUB),-0.3945126871693794,0.3945126871693794,0.15399999999999991,1.3862633900441077,62.591475375072896,0.46848846792014315,0.03151153207985685,80.84564442180337,11,4,Friday
2025-11-24,CNYRUBF,11.06,11.131,11.01,11.041,11.056735416203393,1535908,26982,13511123.932399377,13558292,700590,835318,12273,14709,Currency (CNY/RUB),-0.6121163020973985,0.6121163020973985,0.12100000000000044,1.095915225070197,56.92343043510488,0.4561406021714842,0.04385939782851578,80.35077505276182,11,0,Monday
2025-11-25,CNYRUBF,11.05,11.174,11.025,11.105,11.105060587079691,2196969,35123,13446743.810323719,13533658,1182822,1014147,19275,15848,Currency (CNY/RUB),0.5796576397065545,0.5796576397065545,0.14899999999999913,1.3417379558757239,62.550721749281095,0.5383881156265746,0.038388115626574626,80.81653445891857,11,1,Tuesday
2025-11-26,CNYRUBF,11.107,11.13,11.06,11.091,11.087717097832517,1081902,18593,13417956.721346743,13494944,468446,613456,7708,10885,Currency (CNY/RUB),-0.1260693381359812,0.1260693381359812,0.07000000000000028,0.6311423676855134,58.1886731565643,0.43298376377897446,0.06701623622102554,80.71464958882177,11,2,Wednesday
2025-11-27,CNYRUBF,11.091,11.098,11.004,11.029,11.0389097779328,1911057,25803,13671042.84866101,14032110,991705,919352,13030,12773,Currency (CNY/RUB),-0.5590118113785847,0.5590118113785847,0.0940000000000012,0.8522984858101478,74.06336472503197,0.5189300999394576,0.0189300999394576,80.26344516410742,11,3,Thursday
2025-11-28,CNYRUBF,11.031,11.081,10.901,10.916,10.991056912081197,2421192,37637,14098753.395913595,14228570,1051375,1369817,16823,20814,Currency (CNY/RUB),-1.0245715840057956,1.0245715840057956,0.17999999999999972,1.648955661414435,64.33010069878046,0.43423858991769343,0.06576141008230657,79.4410887126119,11,4,Friday
2025-12-01,CNYRUBF,10.932,10.993,10.919,10.94,10.960264280943509,1866598,28447,13864954.73132492,14226342,863976,1002622,13554,14893,Currency (CNY/RUB),0.21986075485525003,0.21986075485525003,0.07399999999999984,0.6764168190127957,65.616690687946,0.4628613123982775,0.03713868760172251,79.61574848992068,12,0,Monday
2025-12-02,CNYRUBF,10.946,11.034,10.901,10.969,10.947227741935485,1874277,29450,13789723.001833616,13904594,826871,1047406,13743,15707,Currency (CNY/RUB),0.26508226691042136,0.26508226691042136,0.1330000000000009,1.2125079770261729,63.642682512733444,0.44116798104015575,0.058832018959844246,79.82679572083545,12,1,Tuesday
2025-12-03,CNYRUBF,10.983,11.062,10.835,10.869,10.949412500231555,3409282,53983,14077239.20345294,14692602,1243306,2165976,20666,33317,Currency (CNY/RUB),-0.9116601331023766,0.9116601331023766,0.22699999999999854,2.088508602447314,63.15473389770854,0.3646826516550992,0.13531734834490078,79.09904664871551,12,2,Wednesday
2025-12-04,CNYRUBF,10.874,10.89,10.65,10.675,10.792124560209652,3905165,69067,14851066.0840633,15114024,1665085,2240080,30419,38648,Currency (CNY/RUB),-1.784892814426342,1.784892814426342,0.2400000000000002,2.248243559718971,56.54169140110328,0.4263801913619527,0.07361980863804729,77.68721344880286,12,3,Thursday
2025-12-05,CNYRUBF,10.667,10.881,10.603,10.84,10.759832620717177,4053876,70164,14850982.468473861,15157716,2008644,2045232,36187,33977,Currency (CNY/RUB),1.5456674473067755,1.5456674473067755,0.27800000000000047,2.564575645756462,57.777150675560115,0.4954872818014167,0.004512718198583288,78.88799941780074,12,4,Friday
2025-12-08,CNYRUBF,10.844,10.93,10.765,10.84,10.830511637044399,2302773,43267,14690710.65079622,14851108,1102973,1199800,20889,22378,Currency (CNY/RUB),0.0,0.0,0.16499999999999915,1.5221402214022062,53.2223865763746,0.47897599980545197,0.02102400019454803,78.88799941780074,12,0,Monday
2025-12-09,CNYRUBF,10.843,11.0,10.799,10.952,10.899342786584878,2550197,50212,14664638.19055206,14792226,1304254,1245943,27418,22794,Currency (CNY/RUB),1.0332103321033292,1.0332103321033292,0.2010000000000005,1.8352812271731238,50.78859635146977,0.5114326461838046,0.011432646183804573,79.70307837857507,12,1,Tuesday
2025-12-10,CNYRUBF,10.951,11.19,10.921,11.161,11.045850281713255,3243679,54843,14577068.965009209,14659778,1735023,1508656,29163,25680,Currency (CNY/RUB),1.9083272461650758,1.9083272461650758,0.26900000000000013,2.4101782994355356,59.14481337636526,0.5348935575930911,0.034893557593091096,81.22407393930573,12,2,Wednesday
2025-12-11,CNYRUBF,11.149,11.301,11.096,11.24,11.221063629952557,3742022,62392,14582744.190120528,14830794,1900821,1841201,31135,31257,Currency (CNY/RUB),0.7078218797598845,0.7078218797598845,0.20500000000000007,1.8238434163701074,59.97599051160405,0.507966281331323,0.007966281331323044,81.79899570628048,12,3,Thursday
2025-12-12,CNYRUBF,11.24,11.305,11.181,11.248,11.2523746501782,2265339,41807,14316138.649508456,14443238,1056968,1208371,19219,22588,Currency (CNY/RUB),0.0711743772241924,0.0711743772241924,0.12400000000000055,1.1024182076813704,54.185638768627264,0.4665827057230728,0.03341729427692719,81.85721563205006,12,4,Friday
2025-12-15,CNYRUBF,11.244,11.296,11.187,11.259,11.240347121105899,2804866,55629,14311675.272861278,14477570,1462126,1342740,28035,27594,Currency (CNY/RUB),0.09779516358463525,0.09779516358463525,0.10899999999999999,0.9681143973709919,50.4209315285193,0.5212819435937404,0.02128194359374036,81.93726802998327,12,0,Monday
2025-12-16,CNYRUBF,11.266,11.288,11.24,11.273,11.267709290823316,1402400,26284,14496815.049231471,14539626,501386,901014,11998,14286,Currency (CNY/RUB),0.12434496846966958,0.12434496846966958,0.04800000000000004,0.4257961500931433,53.35565362958454,0.35751996577296064,0.14248003422703936,82.03915290008005,12,1,Tuesday
2025-12-17,CNYRUBF,11.27,11.453,11.264,11.38,11.376298014065744,3408631,64554,15033066.680267682,15245470,1673237,1735394,31771,32783,Currency (CNY/RUB),0.949170584582637,0.949170584582637,0.18900000000000006,1.660808435852373,52.802785265049415,0.4908824099763219,0.009117590023678124,82.81784440724839,12,2,Wednesday
2025-12-18,CNYRUBF,11.39,11.468,11.298,11.433,11.36396179783215,3378277,56646,15653531.456448823,16134604,1775009,1603268,30565,26081,Currency (CNY/RUB),0.4657293497363657,0.4657293497363657,0.16999999999999993,1.4869238170209038,59.63840341771705,0.5254184307562701,0.02541843075627015,83.20355141547195,12,3,Thursday
2025-12-19,CNYRUBF,11.429,11.536,11.285,11.318,11.408613000190247,4585158,78845,15841664.857758895,15933148,2163803,2421355,36378,42467,Currency (CNY/RUB),-1.005860229161204,1.005860229161204,0.25099999999999945,2.217706308535072,58.154074449869995,0.4719145992351845,0.028085400764815527,82.36663998253402,12,4,Friday
2025-12-22,CNYRUBF,11.323,11.323,11.1,11.125,11.202761742296746,4269332,65362,15649728.24589211,15952108,1885831,2383501,30195,35167,Currency (CNY/RUB),-1.7052482770807509,1.7052482770807509,0.22300000000000075,2.0044943820224788,65.31825831522903,0.4417157063446928,0.058284293655307184,80.96208427334255,12,0,Monday
2025-12-23,CNYRUBF,11.135,11.195,11.079,11.136,11.139937543067147,2747291,52244,15618638.893576296,15823776,1368470,1378821,26367,25877,Currency (CNY/RUB),0.09887640449437463,0.09887640449437463,0.11599999999999966,1.0416666666666636,52.585770614807444,0.49811614423080774,0.0018838557691922553,81.04213667127574,12,1,Tuesday
2025-12-24,CNYRUBF,11.135,11.268,11.113,11.157,11.182543641887927,3613084,57926,16161218.693194766,16374532,2043756,1569328,31698,26228,Currency (CNY/RUB),0.18857758620689502,0.18857758620689502,0.15500000000000114,1.3892623465089282,62.37413251389704,0.5656541613757111,0.06565416137571112,81.19496397642094,12,2,Wednesday
2025-12-25,CNYRUBF,11.146,11.178,11.008,11.043,11.076521739130435,2496579,47794,16271703.83006235,16416492,1109619,1386960,21283,26511,Currency (CNY/RUB),-1.0217800484001116,1.0217800484001116,0.1700000000000017,1.5394367472607238,52.2362430430598,0.4444557933075621,0.055544206692437925,80.3653300342042,12,3,Thursday
2025-12-26,CNYRUBF,11.045,11.144,10.973,11.045,11.05438979772068,2889886,47558,15892302.667311493,16142324,1355804,1534082,24231,23327,Currency (CNY/RUB),0.018111020556021984,0.018111020556021984,0.17099999999999937,1.5482118605703883,60.76550738046175,0.4691548386337731,0.030845161366226892,80.37988501564661,12,4,Friday
2025-12-29,CNYRUBF,11.044,11.188,11.014,11.144,11.093379066686294,2320091,40758,15837787.808381177,16045360,1137944,1182147,20025,20733,Currency (CNY/RUB),0.8963331824354936,0.8963331824354936,0.17400000000000126,1.5613783201723015,56.923573286226016,0.4904738650337422,0.009526134966257815,81.10035659704535,12,0,Monday
2025-12-30,CNYRUBF,11.142,11.258,11.108,11.218,11.18392233502538,2780165,41370,15623691.703166546,16018868,1305597,1474568,20767,20603,Currency (CNY/RUB),0.6640344580043145,0.6640344580043145,0.14999999999999858,1.3371367445177267,67.20244138264442,0.4696113360178263,0.030388663982173714,81.63889091041409,12,1,Tuesday
2024-12-30,EURRUBF,106.78,107.24,106.75,107.08,106.99415094339622,255,106,82528.98113207547,82610,89,166,46,60,Currency (EUR/RUB),,,0.4899999999999949,0.457601793051919,2.4056603773584904,0.34901960784313724,0.15098039215686276,100.0,12,0,Monday
2025-01-03,EURRUBF,106.69,107.18,106.3,106.95,106.77128805620607,4019,854,80825.77049180328,82488,1374,2645,380,474,Currency (EUR/RUB),-0.12140455734029887,0.12140455734029887,0.8800000000000097,0.8228143992519958,4.706088992974239,0.34187608857924856,0.15812391142075144,99.8785954426597,1,4,Friday
2025-01-06,EURRUBF,106.85,107.09,105.6,106.74,106.2158014755198,5176,1491,78502.5754527163,79140,2877,2299,866,625,Currency (EUR/RUB),-0.19635343618513712,0.19635343618513712,1.490000000000009,1.3959153082256035,3.471495640509725,0.5558346213292118,0.0558346213292118,99.68248038849458,1,0,Monday
2025-01-08,EURRUBF,106.69,106.69,105.39,106.01,105.86161728395062,8192,1620,78666.33950617284,79232,3166,5026,685,935,Currency (EUR/RUB),-0.6839048154393734,0.6839048154393734,1.2999999999999972,1.2262994057164391,5.05679012345679,0.386474609375,0.113525390625,99.00074710496826,1,2,Wednesday
2025-01-09,EURRUBF,106.0,106.4,105.51,105.69,105.94914923291492,11713,2151,72974.36448163645,78568,2933,8780,813,1338,Currency (EUR/RUB),-0.30185831525328943,0.30185831525328943,0.8900000000000006,0.8420853439303629,5.445374244537424,0.25040553231452234,0.24959446768547766,98.70190511766903,1,3,Thursday
2025-01-10,EURRUBF,105.6,106.33,105.4,105.8,105.8229604822505,6727,1493,70722.61085063631,71680,2756,3971,722,771,Currency (EUR/RUB),0.10407796385656365,0.10407796385656365,0.9299999999999926,0.8790170132325072,4.5056932350971195,0.40969228482235764,0.09030771517764236,98.80463205080314,1,4,Friday
2025-01-13,EURRUBF,105.96,106.31,104.56,106.03,105.59593632958801,4472,1602,69616.88014981273,69852,2095,2377,735,867,Currency (EUR/RUB),0.21739130434783593,0.21739130434783593,1.75,1.6504762802980288,2.791510611735331,0.4684704830053667,0.0315295169946333,99.01942472917446,1,0,Monday
2025-01-14,EURRUBF,106.06,106.95,105.76,106.66,106.51612862547289,6218,2379,69661.79823455233,71104,3314,2904,955,1424,Currency (EUR/RUB),0.5941714609072779,0.5941714609072779,1.1899999999999977,1.1156947309206804,2.6137032366540565,0.5329688002573174,0.03296880025731741,99.60776989166978,1,1,Tuesday
2025-01-15,EURRUBF,106.62,107.16,105.99,106.5,106.83336560934892,5999,2995,70799.66143572622,71142,3259,2740,1611,1384,Currency (EUR/RUB),-0.15000937558596883,0.15000937558596883,1.1700000000000017,1.0985915492957763,2.0030050083472455,0.5432572095349225,0.043257209534922514,99.45834889802018,1,2,Wednesday
2025-01-16,EURRUBF,106.45,106.71,106.2,106.56,106.38922141119221,2265,1644,70196.62895377129,70332,1167,1098,866,778,Currency (EUR/RUB),0.05633802816902289,0.05633802816902289,0.5099999999999909,0.47860360360359505,1.3777372262773722,0.5152317880794702,0.015231788079470232,99.51438177063878,1,3,Thursday
2025-01-17,EURRUBF,106.51,106.71,105.56,105.79,106.09125843780134,3511,2074,70517.45323047251,70874,1774,1737,904,1170,Currency (EUR/RUB),-0.7225975975975962,0.7225975975975962,1.1499999999999915,1.0870592683618407,1.692864030858245,0.5052691540871547,0.0052691540871546705,98.79529323870004,1,4,Friday
2025-01-20,EURRUBF,105.83,106.2,104.83,105.74,105.51919328641038,9177,5541,70126.28586897672,71770,5268,3909,3269,2272,Currency (EUR/RUB),-0.04726344645052949,0.04726344645052949,1.3700000000000045,1.2956307925099344,1.656199242014077,0.5740438051650867,0.07404380516508668,98.74859917818452,1,0,Monday
2025-01-21,EURRUBF,105.57,105.78,104.05,104.24,104.75159982563208,9983,4588,71634.28727114211,72676,4437,5546,2183,2405,Currency (EUR/RUB),-1.418573860412331,1.418573860412331,1.730000000000004,1.6596316193399887,2.1758936355710548,0.4444555744766102,0.055544425523389784,97.34777736271946,1,1,Tuesday
2025-01-22,EURRUBF,104.21,104.56,103.6,104.38,103.98473577235772,5088,3444,72358.81591173055,72802,2698,2390,1667,1777,Currency (EUR/RUB),0.13430544896393393,0.13430544896393393,0.960000000000008,0.9197164207702702,1.4773519163763067,0.5302672955974843,0.03026729559748431,97.47852073216286,1,2,Wednesday
2025-01-23,EURRUBF,104.31,105.46,104.15,105.03,104.53519695922598,6651,2894,70721.01313061507,71806,4289,2362,1585,1309,Currency (EUR/RUB),0.6227246598965452,0.6227246598965452,1.309999999999988,1.2472626868513643,2.298203178991016,0.644865433769358,0.144865433769358,98.0855435188644,1,3,Thursday
2025-01-24,EURRUBF,105.18,105.28,104.21,104.88,104.77340105342363,7884,3987,70914.0687233509,72696,3835,4049,1938,2049,Currency (EUR/RUB),-0.142816338189089,0.142816338189089,1.0700000000000074,1.0202135774218226,1.9774266365688487,0.48642820903094874,0.013571790969051256,97.94546133731788,1,4,Friday
2025-01-27,EURRUBF,104.71,104.84,103.5,104.1,103.93576315219744,8287,4619,73887.5176445118,74742,4816,3471,2565,2054,Currency (EUR/RUB),-0.7437070938215107,0.7437070938215107,1.3400000000000034,1.2872238232468813,1.7941112794977268,0.5811512006757572,0.0811512006757572,97.21703399327605,1,0,Monday
2025-01-28,EURRUBF,104.03,104.61,102.98,103.43,103.61319158878506,6775,4280,74402.96682242991,75422,3072,3703,2088,2192,Currency (EUR/RUB),-0.6436119116234318,0.6436119116234318,1.6299999999999955,1.575945083631437,1.5829439252336448,0.4534317343173432,0.04656826568265682,96.59133358236834,1,1,Tuesday
2025-01-29,EURRUBF,103.46,103.8,102.51,102.93,102.99188757233398,5048,3629,74080.92697712869,74608,2489,2559,1779,1850,Currency (EUR/RUB),-0.4834187373102594,0.4834187373102594,1.289999999999992,1.2532789274263985,1.3910168090383026,0.49306656101426305,0.0069334389857369505,96.1243929772133,1,2,Wednesday
2025-01-30,EURRUBF,102.96,103.45,101.71,102.03,102.51244979121097,8399,5029,75090.27560151124,75828,4380,4019,2533,2496,Currency (EUR/RUB),-0.8743806470416837,0.8743806470416837,1.740000000000009,1.7053807703616672,1.6701133426128454,0.521490653649244,0.021490653649243963,95.28389988793425,1,3,Thursday
2025-01-31,EURRUBF,101.82,102.96,101.62,102.86,102.17677224371373,7428,4136,75693.10203094778,76000,3282,4146,1986,2150,Currency (EUR/RUB),0.8134862295403389,0.8134862295403389,1.3399999999999892,1.3027415905113642,1.7959381044487428,0.4418416801292407,0.05815831987075931,96.0590212924916,1,4,Friday
2025-02-03,EURRUBF,102.19,103.12,101.73,102.79,102.46064491538344,17494,6559,73671.74630279007,75550,7952,9542,3331,3228,Currency (EUR/RUB),-0.06805366517596001,0.06805366517596001,1.3900000000000006,1.3522716217530892,2.667174874218631,0.45455584771921803,0.04544415228078197,95.99364960776991,2,0,Monday
2025-02-04,EURRUBF,102.79,103.6,102.24,103.48,102.66412209757371,9935,3833,70265.98643360293,73358,3185,6750,1754,2079,Currency (EUR/RUB),0.6712715244673539,0.6712715244673539,1.3599999999999994,1.3142636258214142,2.591964518653796,0.3205837946653246,0.1794162053346754,96.63802764288383,2,1,Tuesday
2025-02-05,EURRUBF,103.5,103.83,101.74,102.03,102.53806798866856,19602,7060,66453.93994334278,69536,7810,11792,3324,3736,Currency (EUR/RUB),-1.401236954000773,1.401236954000773,2.0900000000000034,2.0484171322160183,2.776487252124646,0.3984287317620651,0.10157126823793489,95.28389988793425,2,2,Wednesday
2025-02-06,EURRUBF,101.8,102.84,101.14,102.6,101.83055103884372,13923,4428,63971.0352303523,68386,4712,9211,1956,2472,Currency (EUR/RUB),0.5586592178770777,0.5586592178770777,1.7000000000000028,1.6569200779727127,3.144308943089431,0.33843280902104433,0.16156719097895567,95.81621217781098,2,3,Thursday
2025-02-07,EURRUBF,102.62,102.94,101.85,102.35,102.40339217191097,5322,2606,58285.24481964697,58848,2858,2464,1317,1289,Currency (EUR/RUB),-0.2436647173489237,0.2436647173489237,1.0900000000000034,1.0649731314118256,2.042210283960092,0.5370161593385945,0.03701615933859448,95.58274187523347,2,4,Friday
2025-02-10,EURRUBF,102.35,102.68,100.86,101.18,101.53435067774377,5077,2287,57892.3078268474,58456,1705,3372,931,1356,Currency (EUR/RUB),-1.1431362970200198,1.1431362970200198,1.8200000000000074,1.7987744613560064,2.219938784433756,0.33582824502659053,0.16417175497340947,94.49010085917072,2,0,Monday
2025-02-11,EURRUBF,101.17,101.33,100.34,100.63,100.70414150129422,7903,3477,56733.972965199886,57546,3047,4856,1582,1895,Currency (EUR/RUB),-0.5435856888713286,0.5435856888713286,0.9899999999999949,0.9838020471032445,2.272936439459304,0.3855497912185246,0.11445020878147538,93.97646619350019,2,1,Tuesday
2025-02-12,EURRUBF,100.52,100.8,95.2,95.74,98.52268536061639,23564,7917,54782.6148793735,56582,10961,12603,3612,4305,Currency (EUR/RUB),-4.859385869025146,4.859385869025146,5.599999999999994,5.849174848548146,2.9763799418971835,0.4651587166864709,0.03484128331352909,89.40978707508404,2,2,Wednesday
2025-02-13,EURRUBF,95.64,97.99,95.64,96.2,96.59158110282287,20877,6837,55941.79318414509,58202,10861,10016,3504,3333,Currency (EUR/RUB),0.48046793398788257,0.48046793398788257,2.3499999999999943,2.442827442827437,3.053532250987275,0.5202375820280691,0.020237582028069134,89.83937243182667,2,3,Thursday
2025-02-14,EURRUBF,96.15,98.7,95.07,98.12,97.09367989918084,11867,4761,56092.67800882168,57956,6121,5746,2421,2340,Currency (EUR/RUB),1.995841995841996,1.995841995841996,3.6300000000000097,3.6995515695067365,2.492543583280823,0.5158001179742142,0.01580011797421421,91.63242435562196,2,4,Friday
2025-02-17,EURRUBF,97.93,98.03,96.07,96.2,96.95289888378201,8399,3046,56949.93893630992,58024,2731,5668,1237,1809,Currency (EUR/RUB),-1.9567876070118229,1.9567876070118229,1.960000000000008,2.0374220374220453,2.757386736703874,0.32515775687581855,0.17484224312418145,89.83937243182667,2,0,Monday
2025-02-18,EURRUBF,96.2,97.02,96.1,96.52,96.60317737998373,6200,2458,56424.92921074044,56750,3526,2674,1314,1144,Currency (EUR/RUB),0.33264033264033266,0.33264033264033266,0.9200000000000017,0.9531703273932882,2.5223759153783565,0.5687096774193549,0.06870967741935485,90.13821441912589,2,1,Tuesday
2025-02-19,EURRUBF,96.65,96.81,94.86,95.36,95.70078758046193,6700,2641,57666.68004543734,58584,2642,4058,1227,1414,Currency (EUR/RUB),-1.2018234562784835,1.2018234562784835,1.9500000000000028,2.0448825503355734,2.5369178341537295,0.39432835820895523,0.10567164179104477,89.05491221516623,2,2,Wednesday
2025-02-20,EURRUBF,95.21,95.48,92.51,93.31,93.82450737265417,7507,2984,58774.34517426274,60448,4344,3163,1650,1334,Currency (EUR/RUB),-2.1497483221476488,2.1497483221476488,2.969999999999999,3.1829385917908035,2.515750670241287,0.5786599174104169,0.07865991741041689,87.14045573403062,2,3,Thursday
2025-02-21,EURRUBF,93.14,94.42,92.65,93.22,93.54955597014926,6349,2680,60360.009701492534,60830,3173,3176,1329,1351,Currency (EUR/RUB),-0.09645268459972378,0.09645268459972378,1.769999999999996,1.8987341772151858,2.369029850746269,0.49976374232162546,0.0002362576783745407,87.05640642510272,2,4,Friday
2025-02-24,EURRUBF,93.45,94.15,92.02,92.12,92.97461356932153,3846,1695,60746.925073746315,61376,1770,2076,763,932,Currency (EUR/RUB),-1.1800042909246855,1.1800042909246855,2.1300000000000097,2.3122014763352254,2.2690265486725663,0.46021840873634945,0.03978159126365055,86.02913709376168,2,0,Monday
2025-02-25,EURRUBF,92.01,92.37,91.13,91.38,91.58985539990962,5724,2213,61650.95345684591,62006,3245,2479,1212,1001,Currency (EUR/RUB),-0.8033000434216286,0.8033000434216286,1.240000000000009,1.35697089078574,2.586534116583823,0.566911250873515,0.06691125087351502,85.33806499813224,2,1,Tuesday
2025-02-26,EURRUBF,91.22,93.93,90.49,93.54,92.2247487745098,8641,3264,63237.78370098039,64326,4404,4237,1622,1642,Currency (EUR/RUB),2.3637557452396596,2.3637557452396596,3.440000000000012,3.6775710925807266,2.6473651960784315,0.5096632334220577,0.00966323342205766,87.35524841240195,2,2,Wednesday
2025-02-27,EURRUBF,93.54,94.51,92.23,94.33,93.41097243491578,6180,2612,63774.03139356815,64272,3394,2786,1334,1278,Currency (EUR/RUB),0.8445584776566095,0.8445584776566095,2.280000000000001,2.4170465387469533,2.3660030627871365,0.5491909385113268,0.04919093851132683,88.09301456854688,2,3,Thursday
2025-02-28,EURRUBF,94.33,94.33,92.23,92.4,93.4659246740705,5667,2071,64225.69193626267,64830,2597,3070,957,1114,Currency (EUR/RUB),-2.0460086928866694,2.0460086928866694,2.0999999999999943,2.2727272727272667,2.736359246740705,0.4582671607552497,0.0417328392447503,86.29062383264849,2,4,Friday
2025-03-03,EURRUBF,92.42,94.92,92.42,93.97,94.09735928143712,4914,1670,65099.291017964075,65722,2768,2146,892,778,Currency (EUR/RUB),1.699134199134189,1.699134199134189,2.5,2.660423539427477,2.94251497005988,0.5632885632885632,0.06328856328856325,87.75681733283527,3,0,Monday
2025-03-04,EURRUBF,93.98,94.9,93.77,94.71,94.39584358523726,2955,1138,65774.28471001757,66102,1628,1327,606,532,Currency (EUR/RUB),0.7874853676705262,0.7874853676705262,1.1300000000000097,1.1931158272621791,2.5966608084358525,0.5509306260575296,0.05093062605752963,88.4478894284647,3,1,Tuesday
2025-03-05,EURRUBF,94.8,97.49,94.79,97.49,96.23676817288802,6058,2036,66966.04125736738,67752,3900,2158,1239,797,Currency (EUR/RUB),2.9352761060078114,2.9352761060078114,2.6999999999999886,2.7695148220330172,2.975442043222004,0.6437768240343348,0.14377682403433478,91.04407919312662,3,2,Wednesday
2025-03-06,EURRUBF,97.24,97.86,96.76,96.95,97.1712929623568,2996,1222,67506.1325695581,67844,1899,1097,700,522,Currency (EUR/RUB),-0.553902964406594,0.553902964406594,1.0999999999999943,1.1346054667354248,2.451718494271686,0.6338451268357811,0.1338451268357811,90.53978333955921,3,3,Thursday
2025-03-07,EURRUBF,97.14,97.44,95.65,95.8,96.59428657799275,11264,3308,66692.59492140266,67720,5950,5314,1570,1738,Currency (EUR/RUB),-1.186178442496133,1.186178442496133,1.789999999999992,1.868475991649261,3.405078597339782,0.5282315340909091,0.02823153409090906,89.46581994770266,3,4,Friday
2025-03-10,EURRUBF,95.88,96.46,94.31,94.84,95.61397178281317,7304,2339,66561.43480119709,67068,3225,4079,1109,1230,Currency (EUR/RUB),-1.0020876826722258,1.0020876826722258,2.1499999999999915,2.266975959510746,3.122702009405729,0.44153888280394304,0.058461117196056955,88.569293985805,3,0,Monday
2025-03-11,EURRUBF,94.8,95.97,93.53,95.17,94.38794102694459,11608,3934,64850.566344687344,66502,5011,6597,1940,1994,Currency (EUR/RUB),0.3479544495993192,0.3479544495993192,2.4399999999999977,2.563833140695595,2.9506863243518047,0.43168504479669195,0.06831495520330805,88.87747478520733,3,1,Tuesday
2025-03-12,EURRUBF,94.94,95.93,94.56,95.4,95.3358568019093,5085,2095,64945.94176610978,66154,2787,2298,1190,905,Currency (EUR/RUB),0.241672796049186,0.241672796049186,1.3700000000000045,1.436058700209648,2.4272076372315037,0.5480825958702065,0.04808259587020647,89.09226746357865,3,2,Wednesday
2025-03-13,EURRUBF,95.39,95.69,92.89,93.45,94.10725847243297,5474,1977,65834.48963075367,66612,2132,3342,774,1203,Currency (EUR/RUB),-2.0440251572327095,2.0440251572327095,2.799999999999997,2.996254681647937,2.768841679312089,0.38947753014249176,0.11052246985750824,87.27119910347405,3,3,Thursday
2025-03-14,EURRUBF,93.68,94.1,93.24,93.54,93.68466175485598,3531,1493,65350.24782317482,65916,1562,1969,706,787,Currency (EUR/RUB),0.09630818619583703,0.09630818619583703,0.8599999999999994,0.9193927731451779,2.36503683858004,0.4423676012461059,0.05763239875389409,87.35524841240195,3,4,Friday
2025-03-17,EURRUBF,93.39,93.46,90.87,91.12,92.25631858407078,5178,2260,65275.407079646015,65704,2219,2959,1067,1193,Currency (EUR/RUB),-2.5871285011759726,2.5871285011759726,2.589999999999989,2.8424056189639915,2.291150442477876,0.42854383932020085,0.07145616067979915,85.09525588345163,3,0,Monday
2025-03-18,EURRUBF,91.01,92.72,89.82,92.26,91.04595884003743,7972,3207,65870.02369816028,66836,3749,4223,1490,1717,Currency (EUR/RUB),1.2510974539069464,1.2510974539069464,2.9000000000000057,3.1432907001951067,2.4858122856251947,0.4702709483191169,0.02972905168088308,86.15988046320508,3,1,Tuesday
2025-03-19,EURRUBF,92.17,93.77,91.64,93.19,92.4941091635234,16467,4507,65032.33769691591,66194,5910,10557,1732,2775,Currency (EUR/RUB),1.0080208107522193,1.0080208107522193,2.1299999999999955,2.2856529670565466,3.653649877967606,0.3588996174166515,0.1411003825833485,87.02838998879342,3,2,Wednesday
2025-03-20,EURRUBF,93.3,93.99,92.78,93.6,93.48083780630105,13137,4285,61233.164060676776,65976,4326,8811,1951,2334,Currency (EUR/RUB),0.4399613692456228,0.4399613692456228,1.2099999999999937,1.2927350427350361,3.065810968494749,0.3292989266955926,0.17070107330440742,87.41128128502054,3,3,Thursday
2025-03-21,EURRUBF,93.53,94.04,92.62,92.76,93.28444444444445,5742,1827,58129.246852764096,59092,2105,3637,814,1013,Currency (EUR/RUB),-0.8974358974358831,0.8974358974358831,1.4200000000000017,1.5308322552824511,3.142857142857143,0.366597004528039,0.133402995471961,86.62682106836012,3,4,Friday
2025-03-24,EURRUBF,92.7,93.5,91.52,93.06,92.20158206987476,11358,4551,60051.53592617007,62114,5429,5929,2394,2157,Currency (EUR/RUB),0.3234152652005218,0.3234152652005218,1.980000000000004,2.127659574468089,2.4957152274225445,0.47798908258496214,0.022010917415037856,86.90698543145312,3,0,Monday
2025-03-25,EURRUBF,92.94,93.2,91.7,91.89,92.32393660531697,5824,1956,59636.15337423313,60290,3018,2806,924,1032,Currency (EUR/RUB),-1.2572533849129597,1.2572533849129597,1.5,1.632386549134835,2.9775051124744376,0.5182005494505495,0.018200549450549497,85.81434441539037,3,1,Tuesday
2025-03-26,EURRUBF,91.89,92.28,91.11,91.61,91.72017723880597,5386,2144,59250.40671641791,60120,2467,2919,1078,1066,Currency (EUR/RUB),-0.30471215583850464,0.30471215583850464,1.1700000000000017,1.2771531492195194,2.512126865671642,0.45803936130709244,0.04196063869290756,85.55285767650355,3,2,Wednesday
2025-03-27,EURRUBF,91.6,92.1,90.75,91.39,91.37030373831776,3268,1284,59342.32398753894,59536,1711,1557,612,672,Currency (EUR/RUB),-0.24014845540879515,0.24014845540879515,1.3499999999999943,1.477185687711997,2.545171339563863,0.523561811505508,0.023561811505507957,85.34740381023535,3,3,Thursday
2025-03-28,EURRUBF,91.38,94.32,90.81,93.97,92.79116843702579,6877,2636,60028.96358118361,60570,4549,2328,1568,1068,Currency (EUR/RUB),2.823065980960715,2.823065980960715,3.509999999999991,3.735234649356168,2.608877086494689,0.6614802966409772,0.16148029664097718,87.75681733283527,3,4,Friday
2025-03-31,EURRUBF,94.1,94.8,93.05,93.45,93.71311330049261,7131,3045,61340.126765188834,62378,3094,4037,1465,1580,Currency (EUR/RUB),-0.5533680962009124,0.5533680962009124,1.75,1.8726591760299627,2.341871921182266,0.43388024120039265,0.06611975879960735,87.27119910347405,3,0,Monday
2025-04-01,EURRUBF,93.47,93.48,91.81,92.41,92.50000464900047,5356,2151,61088.950255695025,62084,2290,3066,966,1185,Currency (EUR/RUB),-1.11289459604067,1.11289459604067,1.6700000000000017,1.8071637268693885,2.490004649000465,0.4275578790141897,0.07244212098581032,86.29996264475159,4,1,Tuesday
2025-04-02,EURRUBF,92.45,93.09,91.99,92.44,92.46185623293904,6099,2198,60029.62693357598,60730,2830,3269,1110,1088,Currency (EUR/RUB),0.03246401904555274,0.03246401904555274,1.1000000000000085,1.1899610558200007,2.7747952684258417,0.46401049352352847,0.03598950647647153,86.32797908106089,4,2,Wednesday
2025-04-03,EURRUBF,93.04,94.94,92.56,94.61,94.1307497467072,9138,3948,60902.89361702128,61656,5583,3555,2303,1645,Currency (EUR/RUB),2.347468628299443,2.347468628299443,2.3799999999999955,2.5155903181481825,2.314589665653495,0.6109652002626396,0.11096520026263956,88.3545013074337,4,3,Thursday
2025-04-04,EURRUBF,94.62,96.42,93.18,95.56,95.00152839506171,10145,4050,61332.58074074074,62500,5462,4683,2029,2021,Currency (EUR/RUB),1.004122185815448,1.004122185815448,3.239999999999995,3.390539974884884,2.504938271604938,0.5383932971907344,0.038393297190734366,89.24168845722824,4,4,Friday
2025-04-07,EURRUBF,96.1,97.2,94.69,95.2,96.02011251758087,8141,3555,64082.627285513365,64824,4627,3514,1997,1558,Currency (EUR/RUB),-0.37672666387610354,0.37672666387610354,2.510000000000005,2.636554621848745,2.290014064697609,0.5683576956147893,0.06835769561478933,88.90549122151663,4,0,Monday
2025-04-08,EURRUBF,95.2,96.95,95.01,96.91,95.6995357474466,4549,2154,64200.208913649025,64832,2555,1994,1135,1019,Currency (EUR/RUB),1.7962184873949516,1.7962184873949516,1.9399999999999977,2.001857393457845,2.1118848653667595,0.5616619037151023,0.06166190371510227,90.5024280911468,4,1,Tuesday
2025-04-09,EURRUBF,97.01,97.7,93.93,94.29,96.14764972419228,11013,5076,65206.043735224586,66052,4500,6513,2270,2806,Currency (EUR/RUB),-2.703539366422447,2.703539366422447,3.769999999999996,3.998303107434506,2.1696217494089836,0.40860800871697084,0.09139199128302916,88.05565932013448,4,2,Wednesday
2025-04-10,EURRUBF,94.37,96.78,94.37,96.29,95.8084311868687,5472,3168,65069.94255050505,65522,3361,2111,1998,1170,Currency (EUR/RUB),2.1211157068618203,2.1211157068618203,2.4099999999999966,2.502855955966348,1.7272727272727273,0.61421783625731,0.11421783625730997,89.92342174075458,4,3,Thursday
2025-04-11,EURRUBF,96.85,98.1,94.89,95.61,96.51090845724906,10096,4304,65443.90381040892,66552,4707,5389,1921,2383,Currency (EUR/RUB),-0.7062000207705976,0.7062000207705976,3.2099999999999937,3.357389394414804,2.345724907063197,0.4662242472266244,0.03377575277337558,89.28838251774374,4,4,Friday
2025-04-14,EURRUBF,95.96,96.36,94.76,95.29,95.36836689741976,7319,3178,62899.76651982379,63890,3509,3810,1674,1504,Currency (EUR/RUB),-0.33469302374228294,0.33469302374228294,1.5999999999999943,1.6790848987301858,2.303020767778477,0.4794370815685203,0.020562918431479726,88.98954053044453,4,0,Monday
2025-04-15,EURRUBF,95.1,95.46,93.95,94.22,94.55087677725119,7122,3376,62873.30450236967,63218,3282,3840,1335,2041,Currency (EUR/RUB),-1.1228880260258256,1.1228880260258256,1.509999999999991,1.6026321375504045,2.109597156398104,0.46082561078348777,0.03917438921651223,87.99028763541278,4,1,Tuesday
2025-04-16,EURRUBF,94.33,96.09,94.33,95.59,95.41327402135231,2789,1405,62665.55587188612,63080,1527,1262,761,644,Currency (EUR/RUB),1.4540437274463969,1.4540437274463969,1.7600000000000051,1.841196777905644,1.985053380782918,0.547508067407673,0.047508067407672994,89.26970489353755,4,2,Wednesday
2025-04-17,EURRUBF,95.36,95.48,92.65,92.9,93.77809208231601,8066,2867,64270.01604464597,66370,2112,5954,921,1946,Currency (EUR/RUB),-2.8141018935035067,2.8141018935035067,2.8299999999999983,3.046286329386435,2.8133937914196023,0.261839821472849,0.238160178527151,86.75756443780351,4,3,Thursday
2025-04-18,EURRUBF,93.03,94.45,92.14,93.59,93.47770533141211,9082,2776,66954.14985590779,68416,4368,4714,1354,1422,Currency (EUR/RUB),0.7427341227125961,0.7427341227125961,2.3100000000000023,2.4682124158563976,3.271613832853026,0.48095133230565956,0.019048667694340438,87.40194247291745,4,4,Friday
2025-04-21,EURRUBF,93.67,94.59,93.31,94.06,94.12751626256653,3585,1691,67480.3903015967,67922,1656,1929,831,860,Currency (EUR/RUB),0.502190404957803,0.502190404957803,1.2800000000000011,1.3608335105251979,2.120047309284447,0.4619246861924686,0.038075313807531375,87.84086664176317,4,0,Monday
2025-04-22,EURRUBF,94.28,94.45,92.55,93.78,93.7003557431414,18192,6634,71772.36267711788,75376,10548,7644,3261,3373,Currency (EUR/RUB),-0.29768233042738457,0.29768233042738457,1.9000000000000057,2.0260183407976173,2.742236961109436,0.5798153034300791,0.07981530343007914,87.57937990287635,4,1,Tuesday
2025-04-23,EURRUBF,93.7,95.45,93.39,95.03,94.72120214752567,12707,4284,72465.75770308124,75100,5518,7189,2446,1838,Currency (EUR/RUB),1.3329068031563196,1.3329068031563196,2.0600000000000023,2.1677365042618146,2.966153127917834,0.4342488392224758,0.06575116077752419,88.74673141576392,4,2,Wednesday
2025-04-24,EURRUBF,95.17,95.33,94.4,95.17,94.91949779735683,6796,2270,66970.70484581498,67970,2743,4053,961,1309,Currency (EUR/RUB),0.14732189834789633,0.14732189834789633,0.9299999999999926,0.9771986970683962,2.9938325991189427,0.40361977633902296,0.09638022366097704,88.87747478520733,4,3,Thursday
2025-04-25,EURRUBF,94.95,94.97,94.08,94.68,94.53375000000001,4616,1656,65847.95652173914,66690,2444,2172,779,877,Currency (EUR/RUB),-0.5148681307134528,0.5148681307134528,0.8900000000000006,0.9400084495141535,2.78743961352657,0.5294627383015598,0.029462738301559765,88.4198729921554,4,4,Friday
2025-04-28,EURRUBF,94.67,95.05,93.5,94.14,94.04983993260319,10049,3561,61694.89356922213,64698,4637,5412,1711,1850,Currency (EUR/RUB),-0.5703422053232043,0.5703422053232043,1.5499999999999972,1.646483960059483,2.8219601235607974,0.46143894914916905,0.03856105085083095,87.91557713858798,4,0,Monday
2025-04-29,EURRUBF,94.1,94.14,93.08,93.41,93.52553326293558,7761,2841,59499.48328053502,60692,4098,3663,1495,1346,Currency (EUR/RUB),-0.77544083280221,0.77544083280221,1.0600000000000023,1.1347821432394842,2.7317845828933476,0.5280247390800155,0.02802473908001546,87.23384385506164,4,1,Tuesday
2025-04-30,EURRUBF,93.41,93.8,92.27,92.95,92.89979055041404,5753,2053,60181.877252800776,60826,2242,3511,893,1160,Currency (EUR/RUB),-0.49245262819825886,0.49245262819825886,1.5300000000000011,1.646046261430878,2.802240623477837,0.3897097166695637,0.11029028333043628,86.80425849831902,4,2,Wednesday
2025-05-02,EURRUBF,92.84,94.78,92.64,94.01,94.18471340046476,7248,2582,58713.72966692487,59704,3593,3655,1356,1226,Currency (EUR/RUB),1.14039806347499,1.14039806347499,2.1400000000000006,2.2763535794064467,2.807126258714175,0.49572295805739514,0.0042770419426048645,87.79417258124768,5,4,Friday
2025-05-05,EURRUBF,94.45,94.79,92.54,92.96,93.39940869565217,9371,2875,55925.80869565217,58006,3587,5784,1237,1638,Currency (EUR/RUB),-1.1169024571854202,1.1169024571854202,2.25,2.4203958691910503,3.259478260869565,0.3827766513712517,0.11722334862874828,86.81359731042211,5,0,Monday
2025-05-06,EURRUBF,92.97,93.16,92.29,92.79,92.56493577981651,8542,2180,57605.46880733945,61612,5816,2726,1216,964,Currency (EUR/RUB),-0.18287435456109113,0.18287435456109113,0.8699999999999903,0.9376010345942346,3.918348623853211,0.6808709904003746,0.18087099040037458,86.65483750466942,5,1,Tuesday
2025-05-07,EURRUBF,92.69,93.38,91.76,92.91,92.61385126964933,3774,1654,61812.97702539299,62096,1656,2118,718,936,Currency (EUR/RUB),0.1293242806336803,0.1293242806336803,1.6199999999999903,1.743622860833054,2.2817412333736398,0.43879173290937995,0.06120826709062005,86.76690324990662,5,2,Wednesday
2025-05-08,EURRUBF,92.95,93.67,92.31,92.45,93.00841791044776,2394,1340,62058.63731343284,62598,1037,1357,603,737,Currency (EUR/RUB),-0.4951027876439529,0.4951027876439529,1.3599999999999994,1.4710654407787986,1.7865671641791045,0.43316624895572264,0.06683375104427736,86.33731789316398,5,3,Thursday
2025-05-12,EURRUBF,92.46,92.46,89.61,89.9,90.6720462464365,10288,3157,61069.47291732657,63486,3671,6617,1328,1829,Currency (EUR/RUB),-2.758247701460248,2.758247701460248,2.8499999999999943,3.170189098998881,3.2587899904973074,0.3568234836702955,0.14317651632970452,83.95592080687338,5,0,Monday
2025-05-13,EURRUBF,89.9,90.56,89.64,90.13,89.94463893510816,10897,3005,62986.25557404326,67028,6540,4357,1650,1355,Currency (EUR/RUB),0.25583982202446176,0.25583982202446176,0.9200000000000017,1.0207478087207387,3.626289517470882,0.6001651830779113,0.10016518307791134,84.17071348524468,5,1,Tuesday
2025-05-14,EURRUBF,89.9,90.89,89.89,90.8,90.35535187526338,8220,2373,71848.58912768647,73116,5554,2666,1420,953,Currency (EUR/RUB),0.7433706867857603,0.7433706867857603,1.0,1.1013215859030838,3.463969658659924,0.675669099756691,0.17566909975669098,84.79641389615242,5,2,Wednesday
2025-05-15,EURRUBF,90.6,90.85,89.75,90.12,90.17595997034842,4032,1349,71482.89399555227,72656,1860,2172,634,715,Currency (EUR/RUB),-0.7488986784140894,0.7488986784140894,1.0999999999999943,1.2205947625388307,2.988880652335063,0.46130952380952384,0.038690476190476164,84.16137467314158,5,3,Thursday
2025-05-16,EURRUBF,90.12,91.21,90.12,90.65,90.79742051786299,10362,3051,70217.75090134382,70762,5278,5084,1458,1593,Currency (EUR/RUB),0.5881047492232616,0.5881047492232616,1.0899999999999892,1.202426916712619,3.3962635201573255,0.5093611271955221,0.009361127195522068,84.6563317146059,5,4,Friday
2025-05-19,EURRUBF,90.62,91.07,90.34,90.74,90.74355532786885,9341,1952,68605.79508196721,70780,4772,4569,1100,852,Currency (EUR/RUB),0.09928295642580576,0.09928295642580576,0.7299999999999898,0.804496363235607,4.785348360655738,0.5108660742961139,0.010866074296113859,84.7403810235338,5,0,Monday
2025-05-20,EURRUBF,90.63,91.74,90.63,91.58,91.35998080614203,8390,2084,65917.84644913628,67876,3377,5013,1060,1024,Currency (EUR/RUB),0.9257218426272917,0.9257218426272917,1.1099999999999994,1.212055033850185,4.025911708253359,0.4025029797377831,0.0974970202622169,85.52484124019425,5,1,Tuesday
2025-05-21,EURRUBF,91.7,91.9,90.36,90.48,90.73180719656284,14153,3724,64857.6589688507,67378,6583,7570,1762,1962,Currency (EUR/RUB),-1.201135619130811,1.201135619130811,1.5400000000000063,1.7020335985853297,3.800483351235231,0.4651310676181728,0.0348689323818272,84.4975719088532,5,2,Wednesday
2025-05-22,EURRUBF,90.59,90.7,89.64,90.27,90.25636283961437,7256,2282,63624.43558282209,65440,2862,4394,1047,1235,Currency (EUR/RUB),-0.23209549071618873,0.23209549071618873,1.0600000000000023,1.1742550127395617,3.1796669588080633,0.39443219404630653,0.10556780595369347,84.30145685468808,5,3,Thursday
2025-05-23,EURRUBF,90.4,91.17,90.02,90.23,90.55922972972974,3814,1480,62552.4972972973,63288,2009,1805,781,699,Currency (EUR/RUB),-0.044311509914696234,0.044311509914696234,1.1500000000000057,1.2745206694004274,2.577027027027027,0.5267435762978501,0.02674357629785007,84.26410160627569,5,4,Friday
2025-05-26,EURRUBF,90.4,91.29,90.4,91.24,91.01560353287536,3698,1019,61533.71344455348,61940,2026,1672,544,475,Currency (EUR/RUB),1.1193616313864396,1.1193616313864396,0.8900000000000006,0.9754493643138981,3.629048086359176,0.5478637101135749,0.04786371011357493,85.20732162868883,5,0,Monday
2025-05-27,EURRUBF,91.14,91.43,90.71,91.11,91.14946784922394,7720,1353,61070.19955654102,61430,1334,6386,471,882,Currency (EUR/RUB),-0.14248136782112342,0.14248136782112342,0.7200000000000131,0.7902535396773275,5.705838876570584,0.1727979274611399,0.32720207253886013,85.08591707134853,5,1,Tuesday
2025-05-28,EURRUBF,90.9,90.9,89.7,90.01,90.28585059171597,4262,1352,61843.347633136094,62094,1934,2328,552,800,Currency (EUR/RUB),-1.2073317967292274,1.2073317967292274,1.2000000000000028,1.3331852016442647,3.1523668639053253,0.45377756921633033,0.046222430783669666,84.05864774000747,5,2,Wednesday
2025-05-29,EURRUBF,89.9,89.9,88.65,89.39,89.26152589827345,7372,2143,62754.08119458703,63630,3430,3942,953,1190,Currency (EUR/RUB),-0.6888123541828772,0.6888123541828772,1.25,1.3983667076854234,3.44003733084461,0.46527400976668476,0.03472599023331524,83.47964138961524,5,3,Thursday
2025-05-30,EURRUBF,89.3,90.02,89.08,89.92,89.63867337602929,6830,2186,62943.805123513266,63370,3693,3137,1233,953,Currency (EUR/RUB),0.5929074840586246,0.5929074840586246,0.9399999999999977,1.0453736654804247,3.1244281793229645,0.5407027818448024,0.04070278184480236,83.97459843107957,5,4,Friday
2025-06-02,EURRUBF,89.92,91.44,89.92,90.95,90.74015584415584,5363,1540,62913.27662337662,63474,3084,2279,832,708,Currency (EUR/RUB),1.1454626334519658,1.1454626334519658,1.519999999999996,1.6712479384277033,3.4824675324675325,0.5750512772701846,0.07505127727018457,84.93649607769892,6,0,Monday
2025-06-03,EURRUBF,90.9,90.9,90.08,90.24,90.33583994232156,3691,1387,63722.59120403749,64062,1760,1931,574,813,Currency (EUR/RUB),-0.7806487080813773,0.7806487080813773,0.8200000000000074,0.9086879432624196,2.6611391492429703,0.4768355459225142,0.023164454077485797,84.27344041837877,6,1,Tuesday
2025-06-04,EURRUBF,90.13,91.59,89.68,91.2,90.62753734721593,9484,2209,64703.52557718425,65616,6107,3377,1280,929,Currency (EUR/RUB),1.0638297872340496,1.0638297872340496,1.9099999999999966,2.094298245614031,4.293345405160706,0.6439266132433572,0.1439266132433572,85.16996638027643,6,2,Wednesday
2025-06-05,EURRUBF,91.3,91.46,90.67,91.31,91.06506656804734,5089,1352,65337.17159763313,66114,3095,1994,723,629,Currency (EUR/RUB),0.12061403508771829,0.12061403508771829,0.789999999999992,0.8651845361953696,3.76405325443787,0.6081744940066811,0.10817449400668111,85.27269331341054,6,3,Thursday
2025-06-06,EURRUBF,91.31,91.45,89.89,90.77,90.7408033964729,6301,1531,64569.38340953625,65324,2920,3381,694,837,Currency (EUR/RUB),-0.5913919614500163,0.5913919614500163,1.5600000000000023,1.7186295031398064,4.115610711952972,0.46341850499920645,0.03658149500079355,84.7683974598431,6,4,Friday
2025-06-09,EURRUBF,90.8,90.9,90.19,90.49,90.52848314606742,3860,890,63493.17752808989,63820,1972,1888,432,458,Currency (EUR/RUB),-0.3084719621020193,0.3084719621020193,0.710000000000008,0.7846170847607559,4.337078651685394,0.510880829015544,0.010880829015543991,84.5069107209563,6,0,Monday
2025-06-10,EURRUBF,90.41,90.41,88.97,88.99,89.66887116564418,5971,1630,64494.62944785276,65718,2327,3644,516,1114,Currency (EUR/RUB),-1.6576417283677758,1.6576417283677758,1.4399999999999977,1.618159343746486,3.6631901840490797,0.3897169653324401,0.1102830346675599,83.10608890549122,6,1,Tuesday
2025-06-11,EURRUBF,89.0,91.51,88.96,91.38,90.7254051724138,8165,2320,64805.019827586206,65708,3840,4325,1273,1047,Currency (EUR/RUB),2.685695021912582,2.685695021912582,2.5500000000000114,2.790544977019054,3.519396551724138,0.47030006123698714,0.029699938763012856,85.33806499813224,6,2,Wednesday
2025-06-13,EURRUBF,91.46,91.47,90.23,90.89,90.76227328431372,4644,1632,64501.700980392154,64932,2208,2436,825,807,Currency (EUR/RUB),-0.5362223681330658,0.5362223681330658,1.2399999999999949,1.364286500165029,2.8455882352941178,0.4754521963824289,0.024547803617571085,84.88046320508032,6,4,Friday
2025-06-16,EURRUBF,90.68,91.44,90.16,90.96,90.95932929904185,7451,1983,65988.92486132123,66742,4473,2978,978,1005,Currency (EUR/RUB),0.07701617339641587,0.07701617339641587,1.2800000000000011,1.4072119613016723,3.7574382249117497,0.6003221044155147,0.1003221044155147,84.945834889802,6,0,Monday
2025-06-17,EURRUBF,91.01,91.22,90.09,90.16,90.73122096486004,5800,1679,65578.86360929125,66480,1727,4073,555,1124,Currency (EUR/RUB),-0.8795074758135457,0.8795074758135457,1.1299999999999955,1.2533274179236862,3.4544371649791543,0.2977586206896552,0.2022413793103448,84.19872992155398,6,1,Tuesday
2025-06-18,EURRUBF,90.23,90.52,90.03,90.15,90.35388260635433,5660,1857,65853.15347334411,66900,3297,2363,1056,801,Currency (EUR/RUB),-0.011091393078965783,0.011091393078965783,0.4899999999999949,0.5435385468663282,3.0479267635971996,0.5825088339222615,0.08250883392226149,84.18939110945088,6,2,Wednesday
2025-06-19,EURRUBF,90.09,90.76,89.96,90.69,90.19051660516605,5973,1626,68688.17958179582,70840,2949,3024,782,844,Currency (EUR/RUB),0.5990016638935058,0.5990016638935058,0.8000000000000114,0.8821259234755886,3.6734317343173433,0.4937217478653943,0.0062782521346057,84.6936869630183,6,3,Thursday
2025-06-20,EURRUBF,90.79,90.98,90.3,90.69,90.66833469387755,5048,1225,70835.72081632653,71194,2605,2443,746,479,Currency (EUR/RUB),0.0,0.0,0.6800000000000068,0.7498070349542473,4.120816326530612,0.5160459587955626,0.016045958795562587,84.6936869630183,6,4,Friday
2025-06-23,EURRUBF,90.66,91.03,90.05,90.98,90.37341600901917,6476,1774,69424.21420518601,70594,3258,3218,757,1017,Currency (EUR/RUB),0.31977064725989823,0.31977064725989823,0.980000000000004,1.077159815344036,3.650507328072153,0.5030883261272391,0.0030883261272390827,84.96451251400823,6,0,Monday
2025-06-24,EURRUBF,91.0,91.9,90.96,91.29,91.45663760424563,14060,2638,69391.78923426839,72584,7707,6353,1509,1129,Currency (EUR/RUB),0.340734227302697,0.340734227302697,0.9400000000000119,1.0296856172636781,5.3297952994692945,0.5481507823613087,0.04815078236130865,85.25401568920434,6,1,Tuesday
2025-06-25,EURRUBF,91.38,91.55,90.86,91.29,91.04686970552642,7239,2479,68497.82977006858,71754,1727,5512,580,1899,Currency (EUR/RUB),0.0,0.0,0.6899999999999977,0.7558330594807731,2.9201290843081886,0.23856886310263847,0.2614311368973615,85.25401568920434,6,2,Wednesday
2025-06-26,EURRUBF,91.37,92.13,91.37,91.86,91.84853998532648,9677,2726,68333.89288334556,70022,6341,3336,2018,708,Currency (EUR/RUB),0.6243838317449901,0.6243838317449901,0.7599999999999909,0.8273459612453635,3.5498899486427,0.6552650614859977,0.15526506148599772,85.78632797908105,6,3,Thursday
2025-06-27,EURRUBF,91.84,92.26,91.72,92.17,92.07459637561779,9651,1214,70569.39538714991,74472,6527,3124,633,581,Currency (EUR/RUB),0.3374700631395555,0.3374700631395555,0.5400000000000063,0.5858739286101836,7.949752883031302,0.6763029737851,0.17630297378509996,86.07583115427718,6,4,Friday
2025-06-30,EURRUBF,92.0,92.46,91.58,92.37,92.10537720706259,12262,2492,76753.27929373996,81844,7679,4583,1331,1161,Currency (EUR/RUB),0.21699034392970162,0.21699034392970162,0.8799999999999955,0.9526902674028315,4.920545746388443,0.6262436796607405,0.12624367966074046,86.26260739633919,6,0,Monday
2025-07-01,EURRUBF,92.46,92.98,92.31,92.84,92.62883024691357,11728,3240,80774.87839506172,83478,5901,5827,1092,2148,Currency (EUR/RUB),0.5088232109992319,0.5088232109992319,0.6700000000000017,0.7216716932356761,3.619753086419753,0.5031548431105047,0.0031548431105047348,86.70153156518491,7,1,Tuesday
2025-07-02,EURRUBF,92.97,93.19,92.59,93.12,92.81998768472906,9983,2436,83353.47783251232,84538,4698,5285,1733,703,Currency (EUR/RUB),0.30159414045669575,0.30159414045669575,0.5999999999999943,0.6443298969072104,4.098111658456486,0.4706000200340579,0.029399979965942125,86.96301830407172,7,2,Wednesday
2025-07-03,EURRUBF,93.1,93.57,92.81,93.21,93.14716084716659,8954,1747,85237.71837435605,87400,4420,4534,877,870,Currency (EUR/RUB),0.09664948453607103,0.09664948453607103,0.7599999999999909,0.8153631584593831,5.125357756153406,0.49363412999776635,0.006365870002233653,87.04706761299961,7,3,Thursday
2025-07-04,EURRUBF,93.28,93.49,93.01,93.18,93.23551380368099,6923,1304,88311.11196319018,90162,3459,3464,667,637,Currency (EUR/RUB),-0.03218538783390512,0.03218538783390512,0.47999999999998977,0.515132002575649,5.309049079754601,0.4996388848764986,0.00036111512350139874,87.01905117669033,7,4,Friday
2025-07-07,EURRUBF,93.14,93.22,91.66,91.83,92.37465555068012,9851,2279,87967.48486178149,89298,4208,5643,914,1365,Currency (EUR/RUB),-1.4488087572440578,1.4488087572440578,1.5600000000000023,1.6987912446912798,4.322509872751207,0.4271647548472236,0.0728352451527764,85.75831154277176,7,0,Monday
2025-07-08,EURRUBF,91.89,92.2,91.59,92.05,91.85275480059084,5480,1354,88527.93205317577,88800,2088,3392,602,752,Currency (EUR/RUB),0.23957312425133548,0.23957312425133548,0.6099999999999994,0.6626833242802819,4.0472673559822745,0.381021897810219,0.118978102189781,85.96376540903996,7,1,Tuesday
2025-07-09,EURRUBF,91.91,92.18,91.59,91.93,91.87912433155081,5620,1496,89082.85294117648,89520,3683,1937,945,551,Currency (EUR/RUB),-0.13036393264529433,0.13036393264529433,0.5900000000000034,0.6417926683346061,3.7566844919786098,0.6553380782918149,0.1553380782918149,85.85169966380278,7,2,Wednesday
2025-07-10,EURRUBF,92.14,92.22,90.96,91.25,91.60426527455529,9595,2586,90787.08739365816,92766,3495,6100,1220,1366,Currency (EUR/RUB),-0.7396932448602289,0.7396932448602289,1.2600000000000051,1.3808219178082248,3.7103634957463263,0.36425221469515373,0.13574778530484627,85.21666044079194,7,3,Thursday
2025-07-11,EURRUBF,91.07,92.68,90.93,92.54,91.84286341195832,8994,1823,87987.84201865058,90028,4174,4820,952,871,Currency (EUR/RUB),1.4136986301369836,1.4136986301369836,1.75,1.8910741301059,4.933625891387822,0.46408716922392707,0.035912830776072935,86.4213672020919,7,4,Friday
2025-07-14,EURRUBF,92.51,92.6,91.37,91.72,91.8861928721174,6827,2385,90526.15513626834,92714,4333,2494,1823,562,Currency (EUR/RUB),-0.8861033066781987,0.8861033066781987,1.2299999999999898,1.3410379415612623,2.8624737945492664,0.6346858063571115,0.13468580635711147,85.65558460963766,7,0,Monday
2025-07-15,EURRUBF,91.74,91.81,90.82,91.04,91.37439168110919,7485,2885,88678.43050259966,91204,2540,4945,1422,1463,Currency (EUR/RUB),-0.7413868294810166,0.7413868294810166,0.9900000000000091,1.087434094903349,2.5944540727902945,0.3393453573814295,0.1606546426185705,85.02054538662684,7,1,Tuesday
2025-07-16,EURRUBF,91.09,91.47,90.5,91.15,90.90933673469388,9467,2940,82059.56190476191,85518,3523,5944,725,2215,Currency (EUR/RUB),0.12082601054481668,0.12082601054481668,0.9699999999999989,1.0641799232035094,3.220068027210884,0.37213478398647937,0.12786521601352063,85.12327231976093,7,2,Wednesday
2025-07-17,EURRUBF,91.03,91.21,90.55,90.78,90.85229079008882,5483,2139,78289.03599812997,79186,2206,3277,422,1717,Currency (EUR/RUB),-0.4059243006034108,0.4059243006034108,0.6599999999999966,0.7270323859880993,2.563347358578775,0.40233448841874886,0.09766551158125114,84.77773627194621,7,3,Thursday
2025-07-18,EURRUBF,90.86,92.03,90.86,91.63,91.56289026915114,11377,2415,81303.43354037267,84424,4205,7172,853,1562,Currency (EUR/RUB),0.9363295880149725,0.9363295880149725,1.1700000000000017,1.2768743861180856,4.710973084886128,0.36960534411532037,0.13039465588467963,85.57153530070974,7,4,Friday
2025-07-21,EURRUBF,91.52,91.74,91.07,91.42,91.39929806181247,13065,1909,84735.59874279727,86762,7879,5186,864,1045,Currency (EUR/RUB),-0.22918258212375475,0.22918258212375475,0.6700000000000017,0.7328812076132156,6.8438973284442115,0.6030616150019135,0.10306161500191346,85.37542024654464,7,0,Monday
2025-07-22,EURRUBF,91.39,92.39,91.38,92.25,91.86483786152498,6633,1141,84702.42068361086,86820,3693,2940,673,468,Currency (EUR/RUB),0.9078976154014429,0.9078976154014429,1.0100000000000051,1.0948509485094906,5.813321647677476,0.5567616463138851,0.05676164631388514,86.15054165110199,7,1,Tuesday
2025-07-23,EURRUBF,92.2,92.55,91.77,92.35,92.19121996303143,6891,1623,83670.65927295132,84388,3156,3735,828,795,Currency (EUR/RUB),0.10840108401082293,0.10840108401082293,0.7800000000000011,0.8446128857606943,4.245841035120148,0.45798868088811495,0.04201131911188505,86.24392977213297,7,2,Wednesday
2025-07-24,EURRUBF,92.51,93.79,92.22,93.27,93.17325725154541,9996,2103,81845.14312886352,82892,6076,3920,1261,842,Currency (EUR/RUB),0.9962100703844179,0.9962100703844179,1.5700000000000074,1.6832850863085744,4.75320970042796,0.6078431372549019,0.10784313725490191,87.10310048561823,7,3,Thursday
2025-07-25,EURRUBF,93.35,93.75,92.91,93.47,93.34382327209099,5131,1143,81788.48993875766,82106,2055,3076,380,763,Currency (EUR/RUB),0.21443122118580682,0.21443122118580682,0.8400000000000034,0.8986840697550051,4.489063867016623,0.40050672383550967,0.09949327616449033,87.28987672768024,7,4,Friday
2025-07-28,EURRUBF,93.63,95.02,92.91,94.84,93.88590014402305,10398,2083,79480.98223715795,82346,5868,4530,1223,860,Currency (EUR/RUB),1.4657109232909082,1.4657109232909082,2.1099999999999994,2.224799662589624,4.99183869419107,0.5643392960184651,0.06433929601846511,88.569293985805,7,0,Monday
2025-07-29,EURRUBF,94.68,95.71,94.47,95.2,94.99635988200589,6389,1695,75724.95221238938,76350,3598,2791,933,762,Currency (EUR/RUB),0.3795866722901664,0.3795866722901664,1.2399999999999949,1.3025210084033558,3.769321533923304,0.5631554233839412,0.0631554233839412,88.90549122151663,7,1,Tuesday
2025-07-30,EURRUBF,95.0,95.43,92.92,92.99,93.64271731843574,16549,4475,82462.24134078213,88086,9376,7173,2908,1567,Currency (EUR/RUB),-2.3214285714285743,2.3214285714285743,2.510000000000005,2.699214969351549,3.6981005586592177,0.5665599129856789,0.06655991298567887,86.84161374673141,7,2,Wednesday
2025-07-31,EURRUBF,92.92,93.15,91.42,91.86,91.91563041385949,21187,4156,80329.44369586141,86906,9688,11499,2073,2083,Currency (EUR/RUB),-1.215184428433158,1.215184428433158,1.730000000000004,1.8833006749401309,5.097930702598653,0.457261528295653,0.042738471704347025,85.78632797908105,7,3,Thursday
2025-08-01,EURRUBF,91.9,92.86,91.47,92.78,92.17292084168336,8401,1996,76966.00801603206,78102,4826,3575,1110,886,Currency (EUR/RUB),1.0015240583496565,1.0015240583496565,1.3900000000000006,1.4981677085578795,4.208917835671342,0.5744554219735746,0.07445542197357458,86.6454986925663,8,4,Friday
2025-08-04,EURRUBF,92.51,93.96,92.12,92.46,92.4158309037901,5515,1372,77898.91982507288,78476,2347,3168,644,728,Currency (EUR/RUB),-0.34490191851692664,0.34490191851692664,1.8399999999999892,1.9900497512437696,4.019679300291545,0.4255666364460562,0.07443336355394381,86.3466567052671,8,0,Monday
2025-08-05,EURRUBF,92.33,93.0,92.26,92.82,92.57163427561836,3985,1132,77891.07243816255,78236,1773,2212,500,632,Currency (EUR/RUB),0.3893575600259602,0.3893575600259602,0.7399999999999949,0.7972419737125566,3.5203180212014136,0.4449184441656211,0.055081555834378904,86.6828539409787,8,1,Tuesday
2025-08-06,EURRUBF,92.83,93.51,92.28,92.85,93.0733445945946,8053,1776,80299.62837837837,81386,4043,4010,847,929,Currency (EUR/RUB),0.03232062055591456,0.03232062055591456,1.230000000000004,1.324717285945077,4.534346846846847,0.5020489258661368,0.002048925866136808,86.710870377288,8,2,Wednesday
2025-08-07,EURRUBF,93.06,93.35,92.35,92.8,92.8536338028169,7613,1775,81220.59943661971,82610,3452,4161,800,975,Currency (EUR/RUB),-0.0538502961766274,0.0538502961766274,1.0,1.0775862068965518,4.289014084507042,0.4534349139629581,0.0465650860370419,86.6641763167725,8,3,Thursday
2025-08-08,EURRUBF,92.66,93.7,92.66,93.08,93.29028008298755,5948,1928,81718.03423236514,82550,3056,2892,1046,882,Currency (EUR/RUB),0.3017241379310365,0.3017241379310365,1.0400000000000063,1.1173184357541968,3.0850622406639006,0.5137861466039004,0.013786146603900429,86.92566305565931,8,4,Friday
2025-08-11,EURRUBF,93.08,93.29,92.53,92.72,92.88115194346291,7632,1415,81611.66784452296,86666,4627,3005,789,626,Currency (EUR/RUB),-0.38676407391491363,0.38676407391491363,0.7600000000000051,0.8196721311475466,5.393639575971731,0.6062631027253669,0.10626310272536688,86.58946581994769,8,0,Monday
2025-08-12,EURRUBF,92.82,93.56,92.72,93.25,93.01404912836767,5534,1262,84368.49920760698,86640,1296,4238,441,821,Currency (EUR/RUB),0.5716134598792166,0.5716134598792166,0.8400000000000034,0.9008042895442396,4.385103011093502,0.23418865196964223,0.2658113480303578,87.08442286141202,8,1,Tuesday
2025-08-13,EURRUBF,93.24,93.8,93.23,93.76,93.6229589270746,3095,1193,84864.51466890193,85212,2050,1045,761,432,Currency (EUR/RUB),0.54691689008044,0.54691689008044,0.5699999999999932,0.6079351535836104,2.5943000838222967,0.6623586429725363,0.16235864297253633,87.56070227867015,8,2,Wednesday
2025-08-14,EURRUBF,93.72,94.13,93.06,93.74,93.48634200743494,4720,1345,84493.93605947956,84882,2161,2559,647,698,Currency (EUR/RUB),-0.021331058020490623,0.021331058020490623,1.0699999999999932,1.1414550885427708,3.509293680297398,0.45783898305084747,0.04216101694915253,87.54202465446394,8,3,Thursday
2025-08-15,EURRUBF,93.64,94.2,93.64,93.98,93.940984375,4618,1280,83886.096875,84362,2085,2533,617,663,Currency (EUR/RUB),0.2560273095796983,0.2560273095796983,0.5600000000000023,0.5958714620131967,3.6078125,0.45149415331312254,0.04850584668687746,87.76615614493836,8,4,Friday
2025-08-18,EURRUBF,94.2,94.68,94.02,94.4,94.37015125324115,8282,2314,83880.41400172861,84284,3304,4978,1305,1009,Currency (EUR/RUB),0.44690359650989553,0.44690359650989553,0.6600000000000108,0.6991525423728927,3.5790838375108036,0.3989374547210819,0.10106254527891811,88.15838625326859,8,0,Monday
2025-08-19,EURRUBF,94.15,94.6,93.98,94.14,94.26832448824867,4298,1319,83414.56709628507,83928,1589,2709,427,892,Currency (EUR/RUB),-0.2754237288135619,0.2754237288135619,0.6199999999999903,0.6585935840237841,3.258529188779378,0.3697068403908795,0.13029315960912052,87.91557713858798,8,1,Tuesday
2025-08-20,EURRUBF,94.03,94.07,93.52,93.83,93.76714776632303,5337,1164,81817.04810996563,82656,1563,3774,445,719,Currency (EUR/RUB),-0.32929679201190165,0.32929679201190165,0.5499999999999972,0.5861664712778398,4.585051546391752,0.2928611579539067,0.20713884204609329,87.62607396339186,8,2,Wednesday
2025-08-21,EURRUBF,93.84,94.06,93.54,93.77,93.80211987381702,4975,1585,81773.31482649842,82126,2491,2484,763,822,Currency (EUR/RUB),-0.06394543323031687,0.06394543323031687,0.519999999999996,0.5545483630158857,3.138801261829653,0.5007035175879397,0.0007035175879397393,87.57004109077326,8,3,Thursday
2025-08-22,EURRUBF,93.72,94.83,93.38,94.54,93.91333717446416,21265,4339,87405.77552431436,92070,6648,14617,2026,2313,Currency (EUR/RUB),0.8211581529273815,0.8211581529273815,1.4500000000000028,1.5337423312883465,4.900898824613966,0.3126263813778509,0.18737361862214907,88.28912962271201,8,4,Friday
2025-08-25,EURRUBF,94.54,94.72,92.89,93.03,93.83536798254313,33250,5041,104225.46359849237,120182,10874,22376,1774,3267,Currency (EUR/RUB),-1.597207531203726,1.597207531203726,1.8299999999999983,1.9671073847146063,6.59591350922436,0.3270375939849624,0.1729624060150376,86.87896899514382,8,0,Monday
2025-08-26,EURRUBF,93.05,93.74,92.93,93.56,93.41030601659752,11058,1928,120836.84543568465,122202,3844,7214,891,1037,Currency (EUR/RUB),0.5697086961195419,0.5697086961195419,0.8099999999999881,0.8657545959811757,5.735477178423237,0.34762163139808283,0.15237836860191717,87.37392603660815,8,1,Tuesday
2025-08-27,EURRUBF,93.56,93.81,92.95,93.71,93.39670721816707,12508,2466,122445.53203568532,125770,6098,6410,1093,1373,Currency (EUR/RUB),0.1603249251816985,0.1603249251816985,0.8599999999999994,0.9177248959556072,5.072181670721816,0.4875279820914615,0.012472017908538524,87.51400821815464,8,2,Wednesday
2025-08-28,EURRUBF,93.77,94.02,93.37,93.73,93.60098414795246,6812,1514,125458.54161162484,126326,3196,3616,744,770,Currency (EUR/RUB),0.02134243944083014,0.02134243944083014,0.6499999999999915,0.6934812760055387,4.499339498018494,0.46917204932472106,0.030827950675278937,87.53268584236086,8,3,Thursday
2025-08-29,EURRUBF,93.74,94.07,93.7,93.94,93.90808054563169,9078,3079,124187.88567716791,125614,3940,5138,803,2276,Currency (EUR/RUB),0.22404779686331366,0.22404779686331366,0.36999999999999034,0.39386842665530164,2.94835985709646,0.4340163031504737,0.06598369684952632,87.72880089652595,8,4,Friday
2025-09-01,EURRUBF,93.96,94.32,93.61,93.77,94.07289931869796,10715,2642,126662.37017411052,129176,5442,5273,820,1822,Currency (EUR/RUB),-0.1809665744092026,0.1809665744092026,0.7099999999999937,0.7571718033486123,4.055639666919001,0.5078861409239384,0.007886140923938356,87.57004109077326,9,0,Monday
2025-09-02,EURRUBF,93.62,93.99,93.53,93.77,93.74359137055838,8894,1576,126640.70812182741,128498,3041,5853,649,927,Currency (EUR/RUB),0.0,0.0,0.45999999999999375,0.4905620134371268,5.643401015228426,0.3419158983584439,0.15808410164155612,87.57004109077326,9,1,Tuesday
2025-09-03,EURRUBF,93.66,94.43,93.57,94.37,94.19053613053613,6635,1287,126600.79875679876,127282,3042,3593,674,613,Currency (EUR/RUB),0.6398634957875737,0.6398634957875737,0.8600000000000136,0.9113065592879237,5.155400155400155,0.4584777694046722,0.04152223059532778,88.13036981695929,9,2,Wednesday
2025-09-04,EURRUBF,94.28,94.88,94.24,94.85,94.67931134820562,13375,2062,128787.09699321048,130722,6870,6505,1171,891,Currency (EUR/RUB),0.5086362191374372,0.5086362191374372,0.6400000000000006,0.6747496046389041,6.4864209505334625,0.5136448598130842,0.013644859813084165,88.5786327979081,9,3,Thursday
2025-09-05,EURRUBF,94.91,96.15,94.9,95.84,95.6093328576525,18083,2803,135157.95219407778,140718,6513,11570,1276,1527,Currency (EUR/RUB),1.0437532946758088,1.0437532946758088,1.25,1.3042570951585977,6.451302176239743,0.3601725377426312,0.1398274622573688,89.50317519611505,9,4,Friday
2025-09-08,EURRUBF,95.98,97.81,95.84,97.8,96.9567119073471,32778,5526,145400.59790083242,151812,19344,13434,2772,2754,Currency (EUR/RUB),2.045075125208684,2.045075125208684,1.9699999999999989,2.0143149284253568,5.931596091205212,0.590151931173348,0.09015193117334797,91.33358236832275,9,0,Monday
2025-09-09,EURRUBF,97.8,98.91,97.8,98.64,98.52366508247135,20486,3577,141489.26251048365,148940,10188,10298,2121,1456,Currency (EUR/RUB),0.8588957055214674,0.8588957055214674,1.1099999999999994,1.125304136253041,5.727145652781661,0.4973152396758762,0.0026847603241237916,92.1180425849832,9,1,Tuesday
2025-09-10,EURRUBF,98.64,100.27,98.64,100.0,99.67880453922912,29426,5111,144114.9927607122,152040,15946,13480,2653,2458,Currency (EUR/RUB),1.3787510137875048,1.3787510137875048,1.6299999999999955,1.6299999999999955,5.75738603013109,0.5419017195677293,0.041901719567729256,93.38812103100486,9,2,Wednesday
2025-09-11,EURRUBF,99.96,100.83,99.39,100.46,100.12458201393287,33125,6316,152317.88315389486,158228,16207,16918,3553,2763,Currency (EUR/RUB),0.45999999999999375,0.45999999999999375,1.4399999999999977,1.4334063308779592,5.24461684610513,0.48926792452830187,0.010732075471698133,93.81770638774748,9,3,Thursday
2025-09-12,EURRUBF,100.5,100.7,97.05,99.02,99.38927346355408,23958,4198,155586.09099571223,157818,10705,13253,1835,2363,Currency (EUR/RUB),-1.433406330877962,1.433406330877962,3.6500000000000057,3.68612401535044,5.707003334921391,0.44682360798063275,0.05317639201936725,92.472917444901,9,4,Friday
2025-09-15,EURRUBF,99.04,99.04,97.34,97.55,97.82930985915495,22008,4260,160364.7056338028,163520,10354,11654,2121,2139,Currency (EUR/RUB),-1.4845485760452415,1.4845485760452415,1.7000000000000028,1.7426960533059996,5.166197183098592,0.4704652853507815,0.029534714649218474,91.10011206574524,9,0,Monday
2025-09-16,EURRUBF,97.8,99.12,97.27,98.83,98.39482515657619,16081,3832,163490.88517745302,165318,8465,7616,2083,1749,Currency (EUR/RUB),1.3121476166068735,1.3121476166068735,1.8500000000000085,1.8719012445613767,4.1965031315240084,0.5263976120888004,0.026397612088800426,92.2954800149421,9,1,Tuesday
2025-09-17,EURRUBF,98.83,99.63,98.56,99.24,98.9818679481822,14574,2393,163120.2674467196,164718,8801,5773,1141,1252,Currency (EUR/RUB),0.4148537893352122,0.4148537893352122,1.0699999999999932,1.0781942765014039,6.090263267864605,0.6038836283793056,0.10388362837930565,92.67837131116922,9,2,Wednesday
2025-09-18,EURRUBF,99.19,99.28,98.25,98.79,98.790791015625,16757,3072,162158.24869791666,163976,8334,8423,1611,1461,Currency (EUR/RUB),-0.45344619105198714,0.45344619105198714,1.0300000000000011,1.0426156493572234,5.454752604166667,0.4973443933878379,0.002655606612162076,92.2581247665297,9,3,Thursday
2025-09-19,EURRUBF,98.8,99.02,98.41,98.71,98.75525761564498,15554,2659,163476.1669800677,167550,8198,7356,1531,1128,Currency (EUR/RUB),-0.08097985626076554,0.08097985626076554,0.6099999999999994,0.6179718366933435,5.849567506581422,0.5270669924135271,0.027066992413527058,92.18341426970488,9,4,Friday
2025-09-22,EURRUBF,98.87,99.28,98.71,99.2,98.96178179824562,14230,1824,166460.99890350876,168118,5446,8784,668,1156,Currency (EUR/RUB),0.49640360652416504,0.49640360652416504,0.5700000000000074,0.5745967741935558,7.801535087719298,0.38271257905832745,0.11728742094167255,92.64101606275682,9,0,Monday
2025-09-23,EURRUBF,99.25,99.91,98.66,99.76,99.24214116251483,10552,1686,168656.0296559905,170198,6390,4162,950,736,Currency (EUR/RUB),0.5645161290322553,0.5645161290322553,1.25,1.2530072173215718,6.258600237247924,0.6055724033358605,0.10557240333586049,93.16398954053045,9,1,Tuesday
2025-09-24,EURRUBF,99.6,99.8,98.68,98.86,99.02250145772595,31834,3430,180760.1947521866,192646,10168,21666,1296,2134,Currency (EUR/RUB),-0.9021651964715383,0.9021651964715383,1.1199999999999903,1.1329152336637571,9.281049562682215,0.3194069234152164,0.18059307658478357,92.3234964512514,9,2,Wednesday
2025-09-25,EURRUBF,98.92,99.25,98.2,98.48,98.78730960264902,13643,2416,188963.81705298013,192366,7563,6080,1296,1120,Currency (EUR/RUB),-0.3843819542787785,0.3843819542787785,1.0499999999999972,1.0662063363119387,5.6469370860927155,0.5543502162281023,0.05435021622810232,91.96862159133359,9,3,Thursday
2025-09-26,EURRUBF,98.4,98.54,97.67,97.99,98.10575731862536,16716,2357,183797.39669070853,186284,7911,8805,1112,1245,Currency (EUR/RUB),-0.4975629569455853,0.4975629569455853,0.8700000000000045,0.8878456985406722,7.092066185829444,0.4732591529073941,0.02674084709260588,91.51101979828165,9,4,Friday
2025-09-29,EURRUBF,97.97,98.22,97.23,97.58,97.6806821787414,15795,1891,173017.0163934426,179442,9906,5889,912,979,Currency (EUR/RUB),-0.4184100418409997,0.4184100418409997,0.9899999999999949,1.0145521623283407,8.35272342675833,0.6271604938271605,0.12716049382716055,91.12812850205454,9,0,Monday
2025-09-30,EURRUBF,97.54,98.04,96.42,96.86,97.04022568093387,17642,2570,166637.5027237354,170510,6777,10865,1107,1463,Currency (EUR/RUB),-0.7378561180569787,0.7378561180569787,1.6200000000000045,1.6725170348957306,6.8645914396887155,0.38414012016778143,0.11585987983221857,90.4557340306313,9,1,Tuesday
2025-10-01,EURRUBF,96.88,97.04,95.15,95.4,95.79977372262773,15220,2740,164696.31532846714,166154,7493,7727,1301,1439,Currency (EUR/RUB),-1.507330167251697,1.507330167251697,1.8900000000000006,1.9811320754716988,5.554744525547445,0.49231274638633377,0.007687253613666234,89.09226746357865,10,2,Wednesday
2025-10-02,EURRUBF,95.15,95.81,94.83,95.39,95.39231027535259,18868,2978,160379.94828744125,163708,12240,6628,1416,1562,Currency (EUR/RUB),-0.010482180293502896,0.010482180293502896,0.980000000000004,1.0273613586329844,6.3357958361316316,0.6487174051303795,0.14871740513037945,89.08292865147554,10,3,Thursday
2025-10-03,EURRUBF,95.48,97.6,95.26,97.39,96.62596672212977,21615,3005,154865.58801996673,158436,11374,10241,1901,1104,Currency (EUR/RUB),2.0966558339448493,2.0966558339448493,2.339999999999989,2.4027107505903986,7.1930116472545755,0.5262086513994911,0.026208651399491134,90.95069107209564,10,4,Friday
2025-10-06,EURRUBF,97.45,97.67,96.62,96.77,97.03991414369635,10296,2213,153350.05512878444,154074,4622,5674,1016,1197,Currency (EUR/RUB),-0.6366156689598612,0.6366156689598612,1.0499999999999972,1.085047018704141,4.6525079078174425,0.4489121989121989,0.05108780108780109,90.37168472170339,10,0,Monday
2025-10-07,EURRUBF,96.8,96.8,95.02,95.65,95.77861009174312,10581,2180,154430.94403669724,155800,4820,5761,1039,1141,Currency (EUR/RUB),-1.1573834866177468,1.1573834866177468,1.7800000000000011,1.8609513852587571,4.853669724770643,0.45553350344957944,0.044466496550420564,89.32573776615615,10,1,Tuesday
2025-10-08,EURRUBF,95.4,95.5,93.74,94.51,94.77261042722665,13994,2762,150180.74076755974,152828,7392,6602,1535,1227,Currency (EUR/RUB),-1.1918452692106674,1.1918452692106674,1.7600000000000051,1.8622368003385938,5.066618392469225,0.5282263827354581,0.028226382735458078,88.2611131864027,10,2,Wednesday
2025-10-09,EURRUBF,94.56,95.22,93.83,94.59,94.71395000000001,12404,2400,146903.87333333332,148220,5949,6455,1365,1035,Currency (EUR/RUB),0.08464712728810664,0.08464712728810664,1.3900000000000006,1.46949994714029,5.168333333333333,0.47960335375685265,0.020396646243147354,88.3358236832275,10,3,Thursday
2025-10-10,EURRUBF,94.66,95.28,94.03,94.99,94.71438433797012,9076,1941,144905.86501803194,146034,3636,5440,889,1052,Currency (EUR/RUB),0.422877682630296,0.422877682630296,1.25,1.315927992420255,4.6759402369912415,0.4006170118995152,0.09938298810048479,88.70937616735151,10,4,Friday
2025-10-13,EURRUBF,95.07,95.14,92.72,92.89,93.61698135198135,13439,2574,144138.39937839936,145120,5863,7576,1163,1411,Currency (EUR/RUB),-2.2107590272660183,2.2107590272660183,2.4200000000000017,2.6052319948325997,5.221056721056721,0.43626757943299355,0.06373242056700645,86.74822562570041,10,0,Monday
2025-10-14,EURRUBF,93.06,93.25,92.05,92.58,92.6357082856052,14280,2619,144699.33715158456,147588,7408,6872,1295,1324,Currency (EUR/RUB),-0.33372806545376443,0.33372806545376443,1.2000000000000028,1.2961762799740797,5.452462772050401,0.5187675070028012,0.018767507002801165,86.4587224505043,10,1,Tuesday
2025-10-15,EURRUBF,92.6,92.72,91.31,91.55,91.85038196834137,19564,2906,143406.8644184446,147242,9416,10148,1258,1648,Currency (EUR/RUB),-1.1125513069777493,1.1125513069777493,1.4099999999999966,1.540141998907697,6.7322780454232625,0.48129216929053364,0.018707830709466355,85.49682480388495,10,2,Wednesday
2025-10-16,EURRUBF,91.54,94.13,91.23,93.8,93.016123504688,17086,3093,137067.39864209507,141074,10350,6736,1878,1215,Currency (EUR/RUB),2.4576734025122837,2.4576734025122837,2.8999999999999915,3.0916844349680077,5.524086647268025,0.6057591010183776,0.1057591010183776,87.59805752708255,10,3,Thursday
2025-10-17,EURRUBF,93.9,95.78,93.74,95.26,95.11078156312625,12301,2495,136405.8765531062,137932,5743,6558,1145,1350,Currency (EUR/RUB),1.5565031982942568,1.5565031982942568,2.0400000000000063,2.1415074532857505,4.930260521042084,0.46687261198276564,0.03312738801723436,88.96152409413524,10,4,Friday
2025-10-20,EURRUBF,95.48,95.49,93.2,94.35,94.5119184526921,9551,1913,137260.7297438578,138094,4261,5290,988,925,Currency (EUR/RUB),-0.9552802855343434,0.9552802855343434,2.289999999999992,2.4271330153683013,4.992681651855724,0.44613129515234007,0.05386870484765993,88.11169219275308,10,0,Monday
2025-10-21,EURRUBF,94.37,95.28,94.01,95.08,94.72105756929638,13991,2345,139064.66695095948,141106,6868,7123,1167,1178,Currency (EUR/RUB),0.773714891361954,0.773714891361954,1.269999999999996,1.3357172907025623,5.966311300639659,0.4908869987849332,0.009113001215066807,88.79342547627942,10,1,Tuesday
2025-10-22,EURRUBF,95.17,96.0,94.38,95.05,94.9721043000915,9913,2186,139035.01921317476,140346,5210,4703,1084,1102,Currency (EUR/RUB),-0.03155237694573154,0.03155237694573154,1.6200000000000045,1.7043661230931137,4.53476669716377,0.5255724805810552,0.025572480581055212,88.76540903997011,10,2,Wednesday
2025-10-23,EURRUBF,95.14,95.31,94.14,94.81,94.60811350919265,6195,1251,136871.31574740208,138090,2880,3315,570,681,Currency (EUR/RUB),-0.25249868490268,0.25249868490268,1.1700000000000017,1.2340470414513254,4.952038369304557,0.4648910411622276,0.035108958837772375,88.54127754949572,10,3,Thursday
2025-10-24,EURRUBF,94.66,95.05,92.65,92.95,93.55444355484387,16438,2498,135991.18494795836,140250,7654,8784,1063,1435,Currency (EUR/RUB),-1.9618183735892858,1.9618183735892858,2.3999999999999915,2.582033351264111,6.5804643714971975,0.4656284219491422,0.034371578050857776,86.80425849831902,10,4,Friday
2025-10-27,EURRUBF,92.9,93.39,91.79,93.06,92.47571103526734,6414,1758,140507.64618885098,141010,3683,2731,972,786,Currency (EUR/RUB),0.11834319526626835,0.11834319526626835,1.5999999999999943,1.7193208682570325,3.6484641638225255,0.5742126598066729,0.07421265980667291,86.90698543145312,10,0,Monday
2025-10-28,EURRUBF,93.2,93.72,92.5,92.95,92.93805540897097,18253,3790,138366.34353562005,140680,9687,8566,2159,1631,Currency (EUR/RUB),-0.11820330969266601,0.11820330969266601,1.2199999999999989,1.3125336202259266,4.8160949868073875,0.5307072809949049,0.03070728099490494,86.80425849831902,10,1,Tuesday
2025-10-29,EURRUBF,92.82,93.45,92.4,92.97,92.96719086600604,9377,2321,134558.98750538562,136934,4410,4967,862,1459,Currency (EUR/RUB),0.021516944593868992,0.021516944593868992,1.0499999999999972,1.1293965795417846,4.040068935803533,0.47029966940386053,0.029700330596139468,86.82293612252522,10,2,Wednesday
2025-10-30,EURRUBF,92.92,94.02,92.81,93.43,93.35238827838828,9702,2730,132952.31794871794,136676,5089,4613,1902,828,Currency (EUR/RUB),0.49478326341831913,0.49478326341831913,1.2099999999999937,1.2950872310820867,3.5538461538461537,0.5245310245310245,0.024531024531024515,87.25252147926784,10,3,Thursday
2025-10-31,EURRUBF,93.39,94.01,92.69,92.85,93.34864305177112,13754,3670,134226.2506811989,136798,4863,8891,1649,2021,Currency (EUR/RUB),-0.6207856148988666,0.6207856148988666,1.3200000000000074,1.4216478190630129,3.747683923705722,0.3535698705831031,0.14643012941689693,86.710870377288,10,4,Friday
2025-11-01,EURRUBF,92.95,93.49,92.44,93.36,93.1601575456053,2754,1206,133252.70812603648,133816,1365,1389,535,671,Currency (EUR/RUB),0.5492730210016283,0.5492730210016283,1.0499999999999972,1.1246786632390715,2.283582089552239,0.49564270152505446,0.004357298474945537,87.18714979454614,11,5,Saturday
2025-11-03,EURRUBF,93.3,93.41,92.01,92.27,92.46004662004663,7113,1287,136509.3783993784,139068,4312,2801,473,814,Currency (EUR/RUB),-1.1675235646958049,1.1675235646958049,1.3999999999999915,1.5172862252086177,5.526806526806527,0.6062139744130466,0.10621397441304659,86.16921927530818,11,0,Monday
2025-11-05,EURRUBF,92.09,93.92,92.08,93.81,93.38431654676259,14193,2641,139361.55395683454,142590,8228,5965,1478,1163,Currency (EUR/RUB),1.6690148477294997,1.6690148477294997,1.8400000000000034,1.9614113633940982,5.374100719424461,0.5797223983653914,0.07972239836539141,87.60739633918566,11,2,Wednesday
2025-11-06,EURRUBF,93.82,94.17,93.25,93.83,93.68608595988539,10888,1745,138281.54727793697,140860,4615,6273,965,780,Currency (EUR/RUB),0.02131968873253509,0.02131968873253509,0.9200000000000017,0.9804966428647572,6.239541547277937,0.42386113152094046,0.07613886847905954,87.62607396339186,11,3,Thursday
2025-11-07,EURRUBF,93.89,94.07,93.4,93.74,93.73327706057597,4381,1007,135878.1251241311,136412,2385,1996,486,521,Currency (EUR/RUB),-0.0959181498454642,0.0959181498454642,0.6699999999999875,0.7147429059099504,4.350546176762661,0.5443962565624286,0.044396256562428627,87.54202465446394,11,4,Friday
2025-11-10,EURRUBF,93.81,94.45,93.44,94.1,94.07474677259185,4811,1007,135655.64647467725,136468,2638,2173,484,523,Currency (EUR/RUB),0.3840409643695253,0.3840409643695253,1.0100000000000051,1.0733262486716315,4.777557100297915,0.5483267511951777,0.04832675119517771,87.87822189017557,11,0,Monday
2025-11-11,EURRUBF,94.03,94.7,93.75,94.09,94.19202033036848,3816,787,134932.21855146124,135594,1569,2247,403,384,Currency (EUR/RUB),-0.010626992561091342,0.010626992561091342,0.9500000000000028,1.009671591029868,4.848792884371029,0.4111635220125786,0.08883647798742139,87.86888307807247,11,1,Tuesday
2025-11-12,EURRUBF,94.02,94.31,93.63,93.93,93.99633519553073,3848,895,133298.92513966482,133878,2018,1830,474,421,Currency (EUR/RUB),-0.17004995217344554,0.17004995217344554,0.6800000000000068,0.7239433620781505,4.299441340782123,0.5244282744282744,0.024428274428274444,87.71946208442287,11,2,Wednesday
2025-11-13,EURRUBF,93.82,94.32,93.26,94.32,93.78085633802816,10176,1775,133229.4704225352,136838,5403,4773,883,892,Currency (EUR/RUB),0.41520281060363207,0.41520281060363207,1.059999999999988,1.1238337574215311,5.732957746478873,0.5309551886792453,0.030955188679245293,88.08367575644378,11,3,Thursday
2025-11-14,EURRUBF,94.38,95.09,94.05,94.26,94.40850824286288,11337,2487,137646.447929232,140388,7266,4071,1367,1120,Currency (EUR/RUB),-0.06361323155215093,0.06361323155215093,1.0400000000000063,1.1033312115425484,4.558504221954162,0.6409102937284996,0.1409102937284996,88.02764288382518,11,4,Friday
2025-11-17,EURRUBF,94.26,94.69,93.87,94.28,94.25964157706095,9490,1674,134465.40740740742,139330,2521,6969,554,1120,Currency (EUR/RUB),0.021217907914272693,0.021217907914272693,0.8199999999999932,0.8697496817988896,5.669056152927121,0.2656480505795574,0.23435194942044257,88.04632050803139,11,0,Monday
2025-11-18,EURRUBF,94.27,94.52,93.95,94.37,94.15506429883649,6676,1633,130182.75076546233,131190,2642,4034,824,809,Currency (EUR/RUB),0.09546033092915351,0.09546033092915351,0.5699999999999932,0.6040055102257,4.088181261481935,0.3957459556620731,0.1042540443379269,88.13036981695929,11,1,Tuesday
2025-11-19,EURRUBF,94.07,94.22,92.9,93.13,93.50557323093801,8986,1823,129504.82830499177,130002,5307,3679,870,953,Currency (EUR/RUB),-1.313976899438385,1.313976899438385,1.3199999999999932,1.4173735638354916,4.929237520570489,0.5905853549966614,0.09058535499666143,86.97235711617482,11,2,Wednesday
2025-11-20,EURRUBF,93.02,93.26,91.76,91.85,92.34703276917537,11725,2777,130957.21209938783,132414,4741,6984,1240,1537,Currency (EUR/RUB),-1.3744228497798772,1.3744228497798772,1.5,1.633097441480675,4.222182211019085,0.4043496801705757,0.09565031982942429,85.77698916697796,11,3,Thursday
2025-11-21,EURRUBF,91.76,92.03,90.56,91.1,91.14210152838427,8872,1832,132374.63973799127,134452,3137,5735,809,1023,Currency (EUR/RUB),-0.8165487207403399,0.8165487207403399,1.4699999999999989,1.6136114160263435,4.842794759825328,0.35358431018935976,0.14641568981064024,85.07657825924542,11,4,Friday
2025-11-24,EURRUBF,90.99,91.32,90.54,90.8,90.81422248803828,17545,2508,136662.32775119616,139834,9163,8382,1016,1492,Currency (EUR/RUB),-0.3293084522502765,0.3293084522502765,0.7799999999999869,0.8590308370043909,6.995614035087719,0.522257053291536,0.022257053291536044,84.79641389615242,11,0,Monday
2025-11-25,EURRUBF,90.56,91.67,90.45,91.26,91.1771526586621,11437,2332,137997.28902229844,139660,5049,6388,1111,1221,Currency (EUR/RUB),0.5066079295154235,0.5066079295154235,1.2199999999999989,1.3368397983782585,4.904373927958834,0.44146192183264843,0.05853807816735157,85.22599925289504,11,1,Tuesday
2025-11-26,EURRUBF,91.35,91.63,90.95,91.3,91.31295671725688,8386,1779,139081.43901068016,142532,4816,3570,704,1075,Currency (EUR/RUB),0.04383081306156278,0.04383081306156278,0.6799999999999926,0.7447973713033873,4.713884204609331,0.5742904841402338,0.07429048414023376,85.26335450130743,11,2,Wednesday
2025-11-27,EURRUBF,91.21,91.45,90.68,90.95,91.00116959064327,6648,1539,140587.95841455492,142064,2585,4063,696,843,Currency (EUR/RUB),-0.3833515881708549,0.3833515881708549,0.769999999999996,0.8466190214403474,4.319688109161794,0.3888387484957882,0.1111612515042118,84.93649607769892,11,3,Thursday
2025-11-28,EURRUBF,90.89,91.29,89.79,89.86,90.39156422018348,9179,2180,137024.49266055046,138204,3565,5614,852,1328,Currency (EUR/RUB),-1.1984606926882968,1.1984606926882968,1.5,1.669263298464278,4.210550458715597,0.3883865344808803,0.11161346551911971,83.91856555846097,11,4,Friday
2025-12-01,EURRUBF,90.25,90.73,89.89,90.21,90.3709727626459,6906,1285,135918.21478599223,136624,2537,4369,721,564,Currency (EUR/RUB),0.38949476964165175,0.38949476964165175,0.8400000000000034,0.9311606252078521,5.3743190661478595,0.36736171445120186,0.13263828554879814,84.24542398206948,12,0,Monday
2025-12-02,EURRUBF,90.06,90.82,89.76,90.43,90.19439749608763,8016,1917,136673.59415753782,137500,3148,4868,1004,913,Currency (EUR/RUB),0.24387540184016565,0.24387540184016565,1.059999999999988,1.1721773747649984,4.181533646322379,0.39271457085828343,0.10728542914171657,84.4508778483377,12,1,Tuesday
2025-12-03,EURRUBF,90.64,91.14,89.44,89.78,90.32211382113822,8211,1968,135245.91158536586,136154,3578,4633,822,1146,Currency (EUR/RUB),-0.7187880128276092,0.7187880128276092,1.7000000000000028,1.8935174871909142,4.172256097560975,0.43575691146023626,0.06424308853976374,83.84385506163616,12,2,Wednesday
2025-12-04,EURRUBF,89.7,90.32,88.25,88.51,89.54369314541961,16315,3122,141479.2536835362,143982,9738,6577,1483,1639,Currency (EUR/RUB),-1.4145689463132105,1.4145689463132105,2.069999999999993,2.338718788837412,5.225816784112748,0.596874042292369,0.09687404229236896,82.65782592454241,12,3,Thursday
2025-12-05,EURRUBF,88.53,90.02,88.0,89.52,89.17210484511517,9774,2518,143181.9610802224,144378,4871,4903,1313,1205,Currency (EUR/RUB),1.1411139984182528,1.1411139984182528,2.019999999999996,2.2564789991063408,3.881652104845115,0.49836300388786575,0.001636996112134248,83.60104594695554,12,4,Friday
2025-12-08,EURRUBF,89.63,90.48,89.02,89.59,89.5947398151318,14758,5842,142718.44299897295,143404,5140,9618,1312,4530,Currency (EUR/RUB),0.07819481680071405,0.07819481680071405,1.460000000000008,1.6296461658667352,2.5261896610749743,0.3482856755657948,0.15171432443420518,83.66641763167726,12,0,Monday
2025-12-09,EURRUBF,89.6,90.68,89.22,90.31,90.03743211334121,7282,1694,142663.266824085,143492,4051,3231,923,771,Currency (EUR/RUB),0.8036611228931845,0.8036611228931845,1.460000000000008,1.6166537482006509,4.298701298701299,0.5563032134029113,0.056303213402911334,84.3388121031005,12,1,Tuesday
2025-12-10,EURRUBF,90.21,92.49,90.15,92.49,91.43030679933665,11249,2412,143527.58872305142,145120,7019,4230,1342,1070,Currency (EUR/RUB),2.413907651422864,2.413907651422864,2.339999999999989,2.5300032435938906,4.663764510779436,0.6239665748066495,0.12396657480664952,86.37467314157638,12,2,Wednesday
2025-12-11,EURRUBF,92.48,94.0,92.01,93.51,93.13000000000001,12311,2540,144761.96456692912,146180,7796,4515,1393,1147,Currency (EUR/RUB),1.102821926694797,1.102821926694797,1.9899999999999949,2.128114640145433,4.846850393700787,0.6332548127690684,0.13325481276906836,87.32723197609265,12,3,Thursday
2025-12-12,EURRUBF,93.46,93.9,92.94,93.43,93.51530120481928,6163,1577,146323.8516169943,146758,3070,3093,781,796,Currency (EUR/RUB),-0.08555234734253236,0.08555234734253236,0.960000000000008,1.027507224660182,3.9080532656943565,0.49813402563686515,0.001865974363134848,87.25252147926784,12,4,Friday
2025-12-15,EURRUBF,93.69,93.85,92.91,93.59,93.37086371284352,5812,1783,145876.5193494111,146288,3322,2490,1082,701,Currency (EUR/RUB),0.17125120411003447,0.17125120411003447,0.9399999999999977,1.0043808099155869,3.2596747055524395,0.5715760495526497,0.07157604955264973,87.40194247291745,12,0,Monday
2025-12-16,EURRUBF,93.66,93.95,93.37,93.63,93.69270696452035,8836,1522,145935.6885676741,147962,6029,2807,830,692,Currency (EUR/RUB),0.04273960893257378,0.04273960893257378,0.5799999999999983,0.6194595749225658,5.805519053876479,0.6823223177908556,0.18232231779085561,87.43929772132985,12,1,Tuesday
2025-12-17,EURRUBF,93.47,94.82,93.39,94.5,94.2380762987013,15360,3696,146318.6720779221,147192,8704,6656,2140,1556,Currency (EUR/RUB),0.9291893623838643,0.9291893623838643,1.4299999999999926,1.5132275132275055,4.1558441558441555,0.5666666666666667,0.06666666666666665,88.25177437429959,12,2,Wednesday
2025-12-18,EURRUBF,94.59,95.07,93.75,94.85,94.38688955499192,21839,4337,154684.02582430252,160326,9702,12137,2290,2047,Currency (EUR/RUB),0.37037037037035425,0.37037037037035425,1.3199999999999932,1.3916710595677313,5.0355084159557295,0.4442511103988278,0.05574888960117219,88.5786327979081,12,3,Thursday
2025-12-19,EURRUBF,94.83,95.5,93.65,93.96,94.59876898297284,16272,4346,158106.5572940635,159876,6805,9467,1951,2395,Currency (EUR/RUB),-0.93832366895098,0.93832366895098,1.8499999999999943,1.9689229459344344,3.7441325356649795,0.4182030481809243,0.0817969518190757,87.74747852073216,12,4,Friday
2025-12-22,EURRUBF,93.85,93.85,92.23,92.67,93.06925771971497,13525,3368,156517.14251781473,158122,5501,8024,1461,1907,Currency (EUR/RUB),-1.3729246487867108,1.3729246487867108,1.6199999999999903,1.7481385561670337,4.015736342042755,0.406728280961183,0.09327171903881698,86.5427717594322,12,0,Monday
2025-12-23,EURRUBF,92.61,93.05,92.07,92.76,92.6831870385562,7968,2438,156462.36751435604,158508,3600,4368,1088,1350,Currency (EUR/RUB),0.09711880867595557,0.09711880867595557,0.980000000000004,1.0564898663216946,3.2682526661197704,0.45180722891566266,0.04819277108433734,86.62682106836012,12,1,Tuesday
2025-12-24,EURRUBF,92.79,93.77,92.51,92.81,93.04046923417442,6659,2259,159452.34174413458,160582,3935,2724,1237,1022,Currency (EUR/RUB),0.05390254420007956,0.05390254420007956,1.259999999999991,1.3576123262579365,2.9477644975652946,0.590929569004355,0.090929569004355,86.67351512887561,12,2,Wednesday
2025-12-25,EURRUBF,92.8,92.8,91.7,91.88,92.08883423180592,4721,1484,160474.9784366577,160876,2349,2372,667,817,Currency (EUR/RUB),-1.0020471931903918,1.0020471931903918,1.0999999999999943,1.1972137570744388,3.181266846361186,0.4975640754077526,0.002435924592247396,85.80500560328726,12,3,Thursday
2025-12-26,EURRUBF,91.94,92.58,91.4,91.78,91.84744278606966,6880,2010,160309.9383084577,160832,3736,3144,1160,850,Currency (EUR/RUB),-0.1088376142794889,0.1088376142794889,1.1799999999999926,1.2856831553715327,3.4228855721393034,0.5430232558139535,0.0430232558139535,85.71161748225626,12,4,Friday
2025-12-29,EURRUBF,91.8,92.41,91.5,92.2,91.90891968060122,10772,2129,158154.56176608737,159928,6270,4502,1106,1023,Currency (EUR/RUB),0.4576160383525929,0.4576160383525929,0.9099999999999966,0.9869848156182175,5.059652418976045,0.5820646119569254,0.08206461195692538,86.10384759058648,12,0,Monday
2025-12-30,EURRUBF,92.21,93.13,92.04,92.76,92.59270051933063,7317,1733,154308.7963069821,155778,2801,4516,850,883,Currency (EUR/RUB),0.6073752711496683,0.6073752711496683,1.0899999999999892,1.1750754635618685,4.222158107328332,0.38280716140494736,0.11719283859505264,86.62682106836012,12,1,Tuesday
2024-12-30,GAZPF,132.43,133.65,132.12,133.26,132.77253164556961,5630,474,124250.75105485233,126050,3886,1744,265,209,Equity (Gazprom),,,1.5300000000000011,1.1481314723097713,11.877637130801688,0.6902309058614565,0.19023090586145652,100.0,12,0,Monday
2025-01-03,GAZPF,133.26,133.26,127.1,128.98,129.48563792640346,18924,3723,122544.40558689229,126108,8548,10376,1599,2124,Equity (Gazprom),-3.211766471559363,3.211766471559363,6.159999999999997,4.775934253372614,5.082997582594682,0.45170154301416193,0.04829845698583807,96.78823352844064,1,4,Friday
2025-01-06,GAZPF,128.78,128.98,126.29,128.49,127.68580431177445,11267,2412,122247.95024875621,124242,6594,4673,1320,1092,Equity (Gazprom),-0.3799038610637129,0.3799038610637129,2.6899999999999835,2.0935481360417025,4.6712271973466,0.5852489571314459,0.08524895713144587,96.42053129221073,1,0,Monday
2025-01-08,GAZPF,128.0,129.92,128.0,129.6,129.44144418872267,9633,1738,124862.5592635213,127758,5340,4293,950,788,Equity (Gazprom),0.8638804576231562,0.8638804576231562,1.9199999999999875,1.4814814814814719,5.542577675489068,0.5543444409841171,0.05434444098411706,97.25348941918055,1,2,Wednesday
2025-01-09,GAZPF,129.76,129.76,123.65,124.17,126.15160144585887,28829,6363,119778.65912305516,123434,13461,15368,2201,4162,Equity (Gazprom),-4.189814814814808,4.189814814814808,6.109999999999985,4.920673270516216,4.530724501021531,0.4669256651288633,0.0330743348711367,93.17874831157137,1,3,Thursday
2025-01-10,GAZPF,124.2,127.42,121.56,126.81,124.9219715402998,32366,9206,119691.3256571801,121030,17329,15037,4884,4322,Equity (Gazprom),2.1261174196665955,2.1261174196665955,5.859999999999999,4.6210866650895035,3.5157505974364547,0.53540752641661,0.03540752641661005,95.15983791085098,1,4,Friday
2025-01-13,GAZPF,127.2,132.74,127.2,131.74,130.25843930635838,39135,8650,117738.63445086706,120670,19718,19417,4232,4418,Equity (Gazprom),3.887706016875647,3.887706016875647,5.540000000000006,4.205252770608779,4.524277456647399,0.5038456624504919,0.0038456624504918935,98.85937265496024,1,0,Monday
2025-01-14,GAZPF,131.8,134.96,130.1,133.2,133.15482788173117,34728,7001,113857.99857163262,116634,18209,16519,3474,3527,Equity (Gazprom),1.108243509943807,1.108243509943807,4.860000000000014,3.6486486486486593,4.960434223682331,0.5243319511633264,0.024331951163326426,99.95497523638001,1,1,Tuesday
2025-01-15,GAZPF,133.24,136.76,131.97,136.55,133.92256340579712,28268,5520,114402.15688405797,115974,15009,13259,2738,2782,Equity (Gazprom),2.515015015015032,2.515015015015032,4.789999999999992,3.5078725741486574,5.121014492753623,0.5309537285977076,0.03095372859770762,102.46885787182951,1,2,Wednesday
2025-01-16,GAZPF,136.99,137.71,134.26,135.56,136.20447122052704,28963,5768,115175.19694868238,118434,11592,17371,2610,3158,Equity (Gazprom),-0.7250091541559978,0.7250091541559978,3.450000000000017,2.544998524638549,5.02132454923717,0.40023478230846254,0.09976521769153746,101.72594927209965,1,3,Thursday
2025-01-17,GAZPF,135.43,139.4,134.91,139.14,137.57852786948922,31074,5149,111596.00271897456,114676,13843,17231,2477,2672,Equity (Gazprom),2.640897019769839,2.640897019769839,4.490000000000009,3.226965646111837,6.034958244319285,0.44548497135869214,0.05451502864130786,104.4124268347591,1,4,Friday
2025-01-20,GAZPF,140.0,141.02,136.72,137.19,138.922648202138,27190,6174,110750.47457078069,113086,13638,13552,2926,3248,Equity (Gazprom),-1.4014661492022351,1.4014661492022351,4.300000000000011,3.134339237553766,4.4039520570132815,0.5015814637734461,0.0015814637734461456,102.94912201710942,1,0,Monday
2025-01-21,GAZPF,137.26,138.93,135.4,138.37,137.06485112563544,22379,4131,111545.77003146938,113054,11122,11257,1779,2352,Equity (Gazprom),0.8601210000728887,0.8601210000728887,3.530000000000001,2.551131025511311,5.417332365044784,0.49698377943607847,0.0030162205639215345,103.83460903496923,1,1,Tuesday
2025-01-22,GAZPF,138.0,139.74,136.17,137.06,137.91793297518547,18379,3909,112843.65208493221,114024,9051,9328,1877,2032,Equity (Gazprom),-0.9467370094673688,0.9467370094673688,3.5700000000000216,2.604698672114418,4.701713993348682,0.49246422547472657,0.007535774525273431,102.85156836259944,1,2,Wednesday
2025-01-23,GAZPF,136.68,138.27,135.71,137.96,136.8440276923077,15758,3250,110310.50215384616,112936,6285,9473,1538,1712,Equity (Gazprom),0.6566467240624485,0.6566467240624485,2.5600000000000023,1.855610321832417,4.8486153846153845,0.39884503109531666,0.10115496890468334,103.52693981689931,1,3,Thursday
2025-01-24,GAZPF,138.1,139.48,137.37,138.55,138.44624026137222,23216,3979,105763.04347826086,107804,12646,10570,2020,1959,Equity (Gazprom),0.42766019135982436,0.42766019135982436,2.109999999999985,1.5229159148321798,5.834631817039457,0.544710544452102,0.044710544452101986,103.96968332582924,1,4,Friday
2025-01-27,GAZPF,138.56,138.56,134.18,134.47,136.45996327748452,22805,4357,110521.98898324535,117982,9522,13283,1741,2616,Equity (Gazprom),-2.944785276073625,2.944785276073625,4.3799999999999955,3.2572320963783707,5.234106036263484,0.4175400131550099,0.08245998684499012,100.90799939966983,1,0,Monday
2025-01-28,GAZPF,134.34,138.88,133.07,137.92,136.1373388305847,25769,5336,119222.65329835082,121636,12557,13212,2785,2551,Equity (Gazprom),2.565628021119948,2.565628021119948,5.810000000000002,4.212587006960558,4.829272863568216,0.48729093096356085,0.012709069036439147,103.4969233078193,1,1,Tuesday
2025-01-29,GAZPF,138.12,138.29,136.23,137.33,137.477085789129,21256,3054,115768.59332023576,119026,9790,11466,1555,1499,Equity (Gazprom),-0.4277842227378037,0.4277842227378037,2.0600000000000023,1.5000364086506968,6.960052390307793,0.4605758374106135,0.039424162589386524,103.05417979888941,1,2,Wednesday
2025-01-30,GAZPF,137.34,140.99,137.34,140.88,138.92443104906937,27514,4728,118102.3062605753,120606,16042,11472,2695,2033,Equity (Gazprom),2.5850141993737585,2.5850141993737585,3.6500000000000057,2.5908574673481017,5.819373942470389,0.5830486297884713,0.08304862978847127,105.71814497973887,1,3,Thursday
2025-01-31,GAZPF,141.21,144.33,139.73,140.94,142.22634254143645,32362,6335,117937.9775848461,119750,17312,15050,3102,3233,Equity (Gazprom),0.04258943781942914,0.04258943781942914,4.600000000000023,3.2638001986661154,5.108445146014207,0.534948396267227,0.03494839626722701,105.76316974335884,1,4,Friday
2025-02-03,GAZPF,140.02,142.3,138.69,139.85,140.5575710190253,20607,3837,120784.84910086005,123230,8965,11642,1798,2039,Equity (Gazprom),-0.7733787427274041,0.7733787427274041,3.6100000000000136,2.5813371469431634,5.370602032838155,0.435046343475518,0.06495365652448198,104.94521987092902,2,0,Monday
2025-02-04,GAZPF,139.99,140.55,136.72,137.02,138.3930206185567,15259,2910,120558.51340206186,122226,5995,9264,1323,1587,Equity (Gazprom),-2.0235967107615216,2.0235967107615216,3.8300000000000125,2.7952123777550812,5.243642611683849,0.3928828887869454,0.10711711121305462,102.82155185351944,2,1,Tuesday
2025-02-05,GAZPF,136.82,140.82,136.14,140.82,138.39812187357887,22676,4398,121852.49749886311,124842,10627,12049,2271,2127,Equity (Gazprom),2.7733177638300743,2.7733177638300743,4.680000000000007,3.3233915636983435,5.155979990904957,0.4686452637149409,0.03135473628505908,105.67312021611887,2,2,Wednesday
2025-02-06,GAZPF,140.95,143.63,139.19,142.28,141.04779106498196,33207,4432,119811.65027075812,123654,17147,16060,2281,2151,Equity (Gazprom),1.036784547649483,1.036784547649483,4.439999999999998,3.1206072533033438,7.492554151624549,0.5163670310476707,0.016367031047670677,106.76872279753866,2,3,Thursday
2025-02-07,GAZPF,142.84,143.1,141.15,142.26,142.14417687595713,23099,2612,114051.58882082695,121814,8305,14794,1233,1379,Equity (Gazprom),-0.014056789429306438,0.014056789429306438,1.9499999999999886,1.3707296499367276,8.843415007656969,0.3595393739988744,0.14046062600112558,106.75371454299865,2,4,Friday
2025-02-10,GAZPF,142.99,144.76,141.0,142.72,143.63002704696336,29775,4067,104975.107450209,112056,16311,13464,2190,1877,Equity (Gazprom),0.3233516097286726,0.3233516097286726,3.759999999999991,2.6345291479820565,7.321121219572166,0.5478085642317381,0.04780856423173807,107.09890439741858,2,0,Monday
2025-02-11,GAZPF,142.99,143.5,141.01,143.0,142.680808982684,20552,3696,99540.10497835498,102004,9618,10934,1896,1800,Equity (Gazprom),0.19618834080716852,0.19618834080716852,2.490000000000009,1.7412587412587475,5.5606060606060606,0.46798365122615804,0.03201634877384196,107.30901996097855,2,1,Tuesday
2025-02-12,GAZPF,143.39,158.96,143.39,158.96,149.60440902578796,77407,11168,99061.86407593123,103192,43026,34381,5920,5248,Equity (Gazprom),11.160839160839163,11.160839160839163,15.570000000000022,9.794916960241583,6.931142550143266,0.5558412029919775,0.05584120299197748,119.28560708389615,2,2,Wednesday
2025-02-13,GAZPF,158.96,176.88,156.05,170.5,164.83531467226499,94143,21435,88516.45439701423,101006,52012,42131,11290,10145,Equity (Gazprom),7.259687971816797,7.259687971816797,20.829999999999984,12.21700879765395,4.392022393282016,0.5524786760566373,0.05247867605663725,127.94536995347443,2,3,Thursday
2025-02-14,GAZPF,170.85,174.34,163.45,168.4,169.6443345855647,53562,12511,82892.61162177284,89720,22390,31172,5801,6710,Equity (Gazprom),-1.2316715542522005,1.2316715542522005,10.890000000000015,6.466745843230412,4.281192550555511,0.4180202382285949,0.08197976177140509,126.36950322677474,2,4,Friday
2025-02-17,GAZPF,172.13,182.49,171.4,181.5,174.86403754045307,36127,7725,85390.75857605178,89488,20489,15638,4252,3473,Equity (Gazprom),7.779097387173395,7.779097387173395,11.090000000000003,6.110192837465567,4.67663430420712,0.5671381515210231,0.06713815152102309,136.19990995047277,2,0,Monday
2025-02-18,GAZPF,180.28,180.28,169.35,171.34,175.40705455132345,47543,12392,85790.79825693996,87834,20976,26567,5700,6692,Equity (Gazprom),-5.597796143250688,5.597796143250688,10.930000000000007,6.3791292167619975,3.836588121368625,0.4412005973539743,0.05879940264602568,128.5757166441543,2,1,Tuesday
2025-02-19,GAZPF,171.56,178.19,169.34,176.35,172.88743485025282,24360,5142,86254.6619992221,88356,13558,10802,2710,2432,Equity (Gazprom),2.924010738881755,2.924010738881755,8.849999999999994,5.018429259994327,4.737456242707118,0.556568144499179,0.05656814449917902,132.33528440642354,2,2,Wednesday
2025-02-20,GAZPF,176.08,176.86,172.47,173.33,174.5536578341014,15651,3472,88712.50518433179,91864,7456,8195,1642,1830,Equity (Gazprom),-1.7125035440884506,1.7125035440884506,4.390000000000015,2.5327410142502824,4.507776497695852,0.4763912849019232,0.023608715098076827,130.069037970884,2,3,Thursday
2025-02-21,GAZPF,173.3,174.64,168.0,171.41,170.93532528641572,25111,4888,92619.69639934534,97946,10369,14742,2308,2580,Equity (Gazprom),-1.1077136098771256,1.1077136098771256,6.639999999999986,3.8737529899072323,5.13727495908347,0.41292660586993746,0.08707339413006254,128.62824553504427,2,4,Friday
2025-02-24,GAZPF,171.62,177.7,169.56,177.7,172.50808605012196,28646,4509,95553.78043912175,100268,16584,12062,2613,1896,Equity (Gazprom),3.6695642027886333,3.6695642027886333,8.139999999999986,4.580754079909953,6.35307163450876,0.578928995322209,0.07892899532220898,133.3483415878733,2,0,Monday
2025-02-25,GAZPF,177.27,179.99,174.1,175.35,176.99441488051244,15958,4059,93968.17738359202,95450,7407,8551,1825,2234,Equity (Gazprom),-1.3224535734383758,1.3224535734383758,5.890000000000015,3.358996293128038,3.931510224193151,0.46415590926181227,0.03584409073818773,131.58487167942369,2,1,Tuesday
2025-02-26,GAZPF,175.08,175.4,169.16,169.65,171.54711811997527,23410,4851,93370.79488765202,95300,10656,12754,2233,2618,Equity (Gazprom),-3.2506415739948613,3.2506415739948613,6.240000000000009,3.678160919540235,4.825809111523397,0.45519008970525415,0.04480991029474585,127.30751913552456,2,2,Wednesday
2025-02-27,GAZPF,168.87,172.58,166.85,169.82,170.15547949204498,30859,6851,106315.94424171654,110080,11323,19536,2866,3985,Equity (Gazprom),0.10020630710285694,0.10020630710285694,5.730000000000018,3.3741608762218926,4.504305940738578,0.36692699050520106,0.13307300949479894,127.43508929911451,2,3,Thursday
2025-02-28,GAZPF,168.19,172.55,164.16,171.04,167.28668945868947,33045,7020,111309.08034188034,113466,19312,13733,3922,3098,Equity (Gazprom),0.7184077258273414,0.7184077258273414,8.390000000000015,4.9052853133769965,4.707264957264957,0.5844151914056589,0.0844151914056589,128.3505928260543,2,4,Friday
2025-03-03,GAZPF,169.95,171.79,163.91,169.6,166.98038361607823,37718,6543,110897.27067094605,115624,17864,19854,3054,3489,Equity (Gazprom),-0.8419083255378879,0.8419083255378879,7.8799999999999955,4.646226415094337,5.764633959957206,0.47362002227053396,0.026379977729466042,127.26999849917455,3,0,Monday
2025-03-04,GAZPF,171.0,175.55,169.99,174.49,172.25857984183074,37172,5943,114976.97694766952,117078,16590,20582,3128,2815,Equity (Gazprom),2.883254716981143,2.883254716981143,5.560000000000002,3.1864290217204436,6.254753491502608,0.44630366942860217,0.05369633057139783,130.93951673420383,3,1,Tuesday
2025-03-05,GAZPF,172.86,178.13,171.29,171.48,174.26786255096098,24459,5151,115963.80430984274,117590,8965,15494,2212,2939,Equity (Gazprom),-1.7250272221903895,1.7250272221903895,6.840000000000003,3.988803358992304,4.748398369248689,0.36653174700519237,0.13346825299480763,128.68077442593426,3,2,Wednesday
2025-03-06,GAZPF,172.5,175.93,170.33,173.2,172.80349286700414,20041,4346,117280.60791532444,118478,9853,10188,2012,2334,Equity (Gazprom),1.0030324236062427,1.0030324236062427,5.599999999999994,3.2332563510392576,4.6113667740450985,0.49164213362606657,0.008357866373933431,129.971484316374,3,3,Thursday
2025-03-07,GAZPF,174.0,174.98,168.41,171.63,171.75129257120096,23418,5021,116723.08982274447,119284,11920,11498,2575,2446,Equity (Gazprom),-0.9064665127020755,0.9064665127020755,6.569999999999993,3.828002097535392,4.664011153156742,0.5090101631223845,0.009010163122384451,128.79333633498425,3,4,Friday
2025-03-10,GAZPF,172.45,172.83,170.39,171.2,171.84652823920266,8587,1806,114197.4584717608,115506,3158,5429,808,998,Equity (Gazprom),-0.2505389500670141,0.2505389500670141,2.440000000000026,1.4252336448598284,4.754706533776301,0.36776522650518223,0.13223477349481777,128.4706588623743,3,0,Monday
2025-03-11,GAZPF,170.73,172.78,169.39,170.81,170.94971166032954,19743,3156,118276.93282636248,120256,10621,9122,1543,1613,Equity (Gazprom),-0.22780373831774448,0.22780373831774448,3.390000000000015,1.9846613195948801,6.255703422053232,0.5379628222661197,0.03796282226611969,128.17799789884435,3,1,Tuesday
2025-03-12,GAZPF,170.14,170.68,167.93,168.49,169.11033971291866,9393,2090,119834.48516746411,120382,4534,4859,928,1162,Equity (Gazprom),-1.3582342954159499,1.3582342954159499,2.75,1.6321443409104397,4.494258373205741,0.48269988289151494,0.017300117108485058,126.43704037220473,3,2,Wednesday
2025-03-13,GAZPF,167.5,172.22,161.1,168.53,165.65155691003048,49610,7547,133105.85027163112,139458,22559,27051,3226,4321,Equity (Gazprom),0.023740281322326418,0.023740281322326418,11.120000000000005,6.598231768824545,6.5734729031403205,0.45472686958274544,0.04527313041725456,126.46705688128472,3,3,Thursday
2025-03-14,GAZPF,166.68,172.0,165.06,170.94,168.4370245139476,26405,3549,137316.03719357564,139632,11936,14469,1907,1642,Equity (Gazprom),1.4300124606895004,1.4300124606895004,6.939999999999998,4.059904059904058,7.440123978585517,0.45203559931831094,0.04796440068168906,128.27555155335435,3,4,Friday
2025-03-17,GAZPF,173.45,175.27,171.8,173.03,173.9927332704995,26657,4244,141692.83883129124,146182,13522,13135,2149,2095,Equity (Gazprom),1.2226512226512165,1.2226512226512165,3.469999999999999,2.00543258394498,6.281102733270499,0.5072588813444874,0.007258881344487378,129.84391415278404,3,0,Monday
2025-03-18,GAZPF,173.6,174.73,168.24,169.02,172.26795865633076,28915,3870,147100.6630490956,150038,13582,15333,1801,2069,Equity (Gazprom),-2.3175171935502448,2.3175171935502448,6.489999999999981,3.839782274287055,7.471576227390181,0.46972159778661593,0.03027840221338407,126.83475911751465,3,1,Tuesday
2025-03-19,GAZPF,169.25,170.0,166.0,168.99,168.19398305084744,35713,2714,133861.66101694916,144972,15113,20600,1366,1348,Equity (Gazprom),-0.017749378771747537,0.017749378771747537,4.0,2.3670039647316408,13.158806190125276,0.42317923445244027,0.07682076554755973,126.81224673570466,3,2,Wednesday
2025-03-20,GAZPF,168.82,169.49,166.23,168.54,167.98500217296828,16938,2301,140747.1195132551,141956,7897,9041,1152,1149,Equity (Gazprom),-0.26628794603231754,0.26628794603231754,3.2600000000000193,1.9342589296309598,7.361147327249022,0.4662297791947101,0.03377022080528991,126.4745610085547,3,3,Thursday
2025-03-21,GAZPF,167.99,169.32,166.0,166.72,167.51433167368825,18411,2611,142519.15204902337,144818,8119,10292,1213,1398,Equity (Gazprom),-1.0798623472172753,1.0798623472172753,3.319999999999993,1.991362763915543,7.051321332822673,0.44098636684590736,0.05901363315409264,125.108809845415,3,4,Friday
2025-03-24,GAZPF,165.99,166.55,163.51,164.81,165.197608040201,18666,1990,142404.232160804,145870,8616,10050,920,1070,Equity (Gazprom),-1.1456333973128618,1.1456333973128618,3.0400000000000205,1.844548267702215,9.379899497487438,0.4615879138540662,0.03841208614593378,123.67552153684527,3,0,Monday
2025-03-25,GAZPF,165.35,166.52,160.44,164.89,163.55138675340038,30020,3382,136984.58013010054,140378,15603,14417,1691,1691,Equity (Gazprom),0.048540743886893445,0.048540743886893445,6.0800000000000125,3.6873066893080315,8.876404494382022,0.5197534976682212,0.01975349766822121,123.73555455500525,3,1,Tuesday
2025-03-26,GAZPF,166.21,166.76,161.44,162.14,163.94790464240904,17250,2391,137897.32998745295,140488,7895,9355,1168,1223,Equity (Gazprom),-1.6677785190126748,1.6677785190126748,5.319999999999993,3.281115085728379,7.214554579673776,0.45768115942028986,0.04231884057971014,121.67191955575566,3,2,Wednesday
2025-03-27,GAZPF,162.21,162.42,155.0,155.47,158.33180339805827,33332,4120,142778.6150485437,145808,13652,19680,1745,2375,Equity (Gazprom),-4.113728876279755,4.113728876279755,7.4199999999999875,4.772624943719038,8.090291262135922,0.40957638305532224,0.09042361694467776,116.66666666666667,3,3,Thursday
2025-03-28,GAZPF,154.0,155.73,145.63,145.87,150.2945026642984,46530,5630,139781.5492007105,145252,20379,26151,2553,3077,Equity (Gazprom),-6.174824725027328,6.174824725027328,10.099999999999994,6.923973400973465,8.264653641207815,0.43797549967762733,0.062024500322372667,109.46270448746812,3,4,Friday
2025-03-31,GAZPF,144.8,147.81,143.41,146.22,145.3483256107835,34449,4748,140105.16175231675,145792,18536,15913,2709,2039,Equity (Gazprom),0.23993967231095148,0.23993967231095148,4.400000000000006,3.0091642730132717,7.25547598989048,0.5380707712850881,0.03807077128508807,109.72534894191806,3,0,Monday
2025-04-01,GAZPF,147.21,148.09,136.94,137.8,141.52501404682275,53564,7475,138959.42903010032,142252,22359,31205,2993,4482,Equity (Gazprom),-5.758446176993559,5.758446176993559,11.150000000000006,8.091436865021775,7.165752508361204,0.4174258830557837,0.08257411694421629,103.40687378057933,4,1,Tuesday
2025-04-02,GAZPF,138.16,140.23,135.62,139.41,138.48515946404981,47228,5299,145853.89431968296,154186,24474,22754,2487,2812,Equity (Gazprom),1.168359941944841,1.168359941944841,4.609999999999985,3.306792912990449,8.912625023589356,0.5182095367155077,0.018209536715507735,104.61503827104907,4,2,Wednesday
2025-04-03,GAZPF,140.73,141.31,131.09,134.8,135.82788543989025,46470,5831,155185.26187617905,160138,21597,24873,3016,2815,Equity (Gazprom),-3.3067929129904527,3.3067929129904527,10.219999999999999,7.581602373887239,7.9694735036871895,0.46475145255003225,0.03524854744996775,101.15563559957978,4,3,Thursday
2025-04-04,GAZPF,134.5,134.8,126.77,126.92,130.0593172578158,54365,7133,162439.87018084957,166066,23398,30967,3054,4079,Equity (Gazprom),-5.845697329376865,5.845697329376865,8.030000000000015,6.326820044122295,7.621617832609,0.430387197645544,0.069612802354456,95.24238331082095,4,4,Friday
2025-04-07,GAZPF,124.5,129.7,118.36,125.94,124.4779552444586,77793,9429,163054.25580655425,166104,40519,37274,4778,4651,Equity (Gazprom),-0.7721399306649834,0.7721399306649834,11.33999999999999,9.004287756074312,8.250397709195036,0.5208566323448125,0.020856632344812498,94.5069788383611,4,0,Monday
2025-04-08,GAZPF,127.33,128.92,121.56,122.45,125.64034559026818,37330,3617,163320.77467514513,165902,19526,17804,1801,1816,Equity (Gazprom),-2.7711608702556734,2.7711608702556734,7.359999999999985,6.01061657819517,10.320707768869228,0.523064559335655,0.02306455933565499,91.88803842113164,4,1,Tuesday
2025-04-09,GAZPF,122.5,130.2,116.81,128.94,122.25575144836986,70149,8803,169051.7707599682,173814,36938,33211,4608,4195,Equity (Gazprom),5.300122498979176,5.300122498979176,13.389999999999986,10.384675042655488,7.968760649778485,0.5265648833197907,0.026564883319790678,96.75821701936064,4,2,Wednesday
2025-04-10,GAZPF,128.5,131.27,124.85,128.29,127.87637717121588,48603,6045,165523.9311827957,167494,24615,23988,3141,2904,Equity (Gazprom),-0.5041104389638673,0.5041104389638673,6.420000000000016,5.004287161898835,8.040198511166253,0.5064502191222764,0.0064502191222763905,96.27044874681074,4,3,Thursday
2025-04-11,GAZPF,128.9,133.91,128.3,133.18,131.50362599526576,34358,4647,163160.8362384334,165444,17739,16619,2479,2168,Equity (Gazprom),3.8116766700444504,3.8116766700444504,5.609999999999985,4.212344195825188,7.393587260598236,0.5162989696722743,0.01629896967227429,99.93996698184003,4,4,Friday
2025-04-14,GAZPF,134.5,135.44,131.01,132.48,133.5732766825289,23651,2942,165704.39836845684,167570,10473,13178,1388,1554,Equity (Gazprom),-0.5256044451118935,0.5256044451118935,4.430000000000007,3.34390096618358,8.039089055064581,0.44281425732527163,0.05718574267472837,99.41467807294012,4,0,Monday
2025-04-15,GAZPF,132.0,134.41,130.0,131.87,132.18399038461538,23526,2912,165555.0048076923,167122,11391,12135,1454,1458,Equity (Gazprom),-0.460446859903374,0.460446859903374,4.409999999999997,3.34420262379616,8.078983516483516,0.48418770721754656,0.01581229278245344,98.95692630947022,4,1,Tuesday
2025-04-16,GAZPF,131.29,134.14,129.21,132.05,131.9260942408377,22948,2865,161265.3277486911,165542,13097,9851,1493,1372,Equity (Gazprom),0.1364980662774018,0.1364980662774018,4.929999999999978,3.733434305187412,8.00977312390925,0.5707251176573122,0.07072511765731215,99.0920006003302,4,2,Wednesday
2025-04-17,GAZPF,133.16,137.41,132.76,136.72,134.57351873884593,26326,3362,162550.08149910768,164044,14977,11349,2012,1350,Equity (Gazprom),3.5365391897008713,3.5365391897008713,4.650000000000006,3.401111761263901,7.8304580606781675,0.5689052647572742,0.06890526475727421,102.59642803541948,4,3,Thursday
2025-04-18,GAZPF,135.21,136.49,133.16,134.88,134.91245139475907,31085,3549,165569.54071569457,170026,16009,15076,1860,1689,Equity (Gazprom),-1.345816266822708,1.345816266822708,3.3300000000000125,2.4688612099644223,8.758805297266836,0.5150072382177899,0.015007238217789931,101.21566861773977,4,4,Friday
2025-04-21,GAZPF,136.0,140.49,135.5,139.78,138.2880369318182,23644,3520,169454.37840909092,171612,14083,9561,2051,1469,Equity (Gazprom),3.6328588374851867,3.6328588374851867,4.990000000000009,3.5698955501502425,6.717045454545454,0.5956267974961935,0.09562679749619352,104.89269098003903,4,0,Monday
2025-04-22,GAZPF,141.0,147.0,138.73,145.76,142.85748802332847,48014,4801,169222.2120391585,172496,26285,21729,2848,1953,Equity (Gazprom),4.278151380741146,4.278151380741146,8.27000000000001,5.673710208562027,10.000833159758384,0.5474444953555213,0.04744449535552131,109.38015908749811,4,1,Tuesday
2025-04-23,GAZPF,143.88,146.37,138.85,143.86,141.77523428016508,31668,4119,165119.05462490895,170116,15781,15887,2074,2045,Equity (Gazprom),-1.3035126234906547,1.3035126234906547,7.52000000000001,5.227304323647998,7.688273852876912,0.49832638625742076,0.0016736137425792386,107.95437490619844,4,2,Wednesday
2025-04-24,GAZPF,144.4,146.98,144.0,144.33,145.30948442906575,17660,2890,173020.57508650518,174998,8626,9034,1403,1487,Equity (Gazprom),0.32670652022799285,0.32670652022799285,2.9799999999999898,2.0647128109194135,6.110726643598616,0.4884484711211778,0.011551528878822215,108.30706888788835,4,3,Thursday
2025-04-25,GAZPF,146.0,150.98,145.44,150.54,148.49278911564627,39283,5439,178563.20573634858,181026,21180,18103,3015,2424,Equity (Gazprom),4.302639783828721,4.302639783828721,5.539999999999992,3.680085027235281,7.222467365324508,0.539164524094392,0.03916452409439197,112.9671319225574,4,4,Friday
2025-04-28,GAZPF,151.51,165.36,149.25,153.3,153.5855952114567,70292,8938,182215.2541955695,188216,38027,32265,4595,4343,Equity (Gazprom),1.833399760860921,1.833399760860921,16.110000000000014,10.508806262230928,7.86439919445066,0.5409861719683605,0.04098617196836052,115.038271049077,4,0,Monday
2025-04-29,GAZPF,153.18,154.68,147.49,149.19,151.68903783783784,31103,4625,180315.1718918919,182494,13586,17517,2204,2421,Equity (Gazprom),-2.6810176125244722,2.6810176125244722,7.189999999999998,4.819357865808699,6.724972972972973,0.4368067388997846,0.06319326110021539,111.95407474110762,4,1,Tuesday
2025-04-30,GAZPF,149.14,154.0,147.87,149.93,150.8058653718238,36074,7517,177186.08753492084,178572,18979,17095,4027,3490,Equity (Gazprom),0.49601179703733234,0.49601179703733234,6.1299999999999955,4.08857466817848,4.798988958361048,0.5261129899650718,0.02611298996507183,112.50938015908751,4,2,Wednesday
2025-05-02,GAZPF,148.25,148.25,137.02,139.39,144.26209322779243,31529,4548,174624.15391380826,177156,10352,21177,1854,2694,Equity (Gazprom),-7.029947308744089,7.029947308744089,11.22999999999999,8.056532032426997,6.93249780123131,0.328332646135304,0.171667353864696,104.60003001650908,5,4,Friday
2025-05-05,GAZPF,140.95,141.04,131.98,135.1,136.9543896991197,51116,7611,164309.48364209695,170658,23542,27574,3959,3652,Equity (Gazprom),-3.077695674008174,3.077695674008174,9.060000000000002,6.706143597335309,6.716068847720405,0.46056029423272554,0.03943970576727446,101.38075941767973,5,0,Monday
2025-05-06,GAZPF,135.43,139.68,132.44,137.75,136.985904103412,45795,6653,162221.98557041935,164860,26414,19381,3542,3111,Equity (Gazprom),1.9615099925980761,1.9615099925980761,7.240000000000009,5.255898366606178,6.883360889824139,0.5767878589365651,0.07678785893656515,103.36935314422932,5,1,Tuesday
2025-05-07,GAZPF,138.0,140.69,136.96,140.22,138.95054817841336,30735,2937,161736.45216207014,163468,15418,15317,1451,1486,Equity (Gazprom),1.7931034482758568,1.7931034482758568,3.7299999999999898,2.660105548423898,10.46475995914198,0.5016430779241907,0.0016430779241907167,105.22287257991896,5,2,Wednesday
2025-05-08,GAZPF,141.26,144.87,141.21,143.09,142.89913916455112,23222,4333,161042.10246942073,162318,12159,11063,2301,2032,Equity (Gazprom),2.046783625731008,2.046783625731008,3.6599999999999966,2.5578307359004797,5.359335333487191,0.5235983119455688,0.02359831194556883,107.37655710640854,5,3,Thursday
2025-05-12,GAZPF,148.12,149.4,144.83,147.05,147.23081326573723,37425,4734,154776.80523869878,160134,16794,20631,2257,2477,Equity (Gazprom),2.7674889929415025,2.7674889929415025,4.569999999999993,3.1077864671880264,7.905576679340938,0.4487374749498998,0.051262525050100205,110.34819150532795,5,0,Monday
2025-05-13,GAZPF,147.11,147.61,145.05,146.0,146.24811854512797,14184,2227,151925.97305792547,156002,6184,8000,1174,1053,Equity (Gazprom),-0.7140428425705614,0.7140428425705614,2.5600000000000023,1.7534246575342483,6.369106421194432,0.43598420755781164,0.06401579244218836,109.5602581419781,5,1,Tuesday
2025-05-14,GAZPF,145.95,146.96,137.1,141.86,145.09648021422197,23386,3361,155916.0547456114,159030,9240,14146,1444,1917,Equity (Gazprom),-2.835616438356159,2.835616438356159,9.860000000000014,6.95051459185113,6.958048199940494,0.3951081843838194,0.1048918156161806,106.45354945219874,5,2,Wednesday
2025-05-15,GAZPF,143.0,143.47,138.2,139.96,140.36452002887046,39029,5542,160724.98267773367,169628,21153,17876,2687,2855,Equity (Gazprom),-1.339348653602146,1.339348653602146,5.27000000000001,3.765361531866255,7.042403464453266,0.5419816034230956,0.04198160342309565,105.02776527089901,5,3,Thursday
2025-05-16,GAZPF,139.99,140.72,133.78,139.26,137.69852883895132,41856,6675,171188.86981273408,173300,20776,21080,3224,3451,Equity (Gazprom),-0.5001428979708566,0.5001428979708566,6.939999999999998,4.983484130403561,6.270561797752809,0.496368501529052,0.0036314984709480136,104.5024763619991,5,4,Friday
2025-05-19,GAZPF,141.8,143.83,139.23,139.87,141.60475889513106,30252,4272,171548.58707865168,173950,15220,15032,2266,2006,Equity (Gazprom),0.438029584949029,0.438029584949029,4.600000000000023,3.288768141846016,7.081460674157303,0.5031072325796642,0.0031072325796641653,104.96022812546902,5,0,Monday
2025-05-20,GAZPF,140.24,140.36,135.28,137.5,138.03534948741844,20974,3219,170503.85585585586,173572,8537,12437,1464,1755,Equity (Gazprom),-1.694430542646752,1.694430542646752,5.0800000000000125,3.6945454545454637,6.515688101894998,0.4070277486411748,0.0929722513588252,103.18174996247937,5,1,Tuesday
2025-05-21,GAZPF,137.63,142.16,135.55,136.76,137.81697588696053,46359,6511,173890.26232529565,178054,25079,21280,3355,3156,Equity (Gazprom),-0.5381818181818265,0.5381818181818265,6.609999999999985,4.833284586136287,7.120104438642298,0.5409737052136586,0.04097370521365862,102.62644454449948,5,2,Wednesday
2025-05-22,GAZPF,136.49,136.83,130.39,131.24,132.69383794969755,44390,6282,180598.61095192615,184970,21540,22850,3101,3181,Equity (Gazprom),-4.036267914594893,4.036267914594893,6.440000000000026,4.907040536421842,7.066220948742439,0.4852444244199144,0.014755575580085611,98.48416629146031,5,3,Thursday
2025-05-23,GAZPF,129.78,131.63,128.52,131.41,130.41728758169936,20216,2754,182150.54829339142,185302,9688,10528,1461,1293,Equity (Gazprom),0.12953367875647714,0.12953367875647714,3.109999999999985,2.3666387641731874,7.340595497458242,0.4792243767313019,0.020775623268698085,98.61173645505028,5,4,Friday
2025-05-26,GAZPF,129.34,129.34,124.3,125.72,126.3829203539823,41202,4859,176057.72051862522,181980,18244,22958,2419,2440,Equity (Gazprom),-4.32995966821399,4.32995966821399,5.040000000000006,4.008908685968825,8.479522535501133,0.44279403912431436,0.057205960875685635,94.34188803842115,5,0,Monday
2025-05-27,GAZPF,123.86,128.05,123.86,127.72,126.33245294117648,24248,3400,175126.54411764705,176580,13697,10551,1955,1445,Equity (Gazprom),1.590836780146354,1.590836780146354,4.190000000000012,3.280613842781093,7.131764705882353,0.5648713295941933,0.06487132959419328,95.84271349242084,5,1,Tuesday
2025-05-28,GAZPF,128.02,132.7,127.21,132.31,129.86778606965174,28693,3618,178268.1133222775,183306,17217,11476,2102,1516,Equity (Gazprom),3.593798935170689,3.593798935170689,5.489999999999995,4.149346232333153,7.930624654505252,0.6000418220471893,0.10004182204718925,99.28710790935014,5,2,Wednesday
2025-05-29,GAZPF,131.48,132.59,129.53,129.81,131.10113466823714,16829,2547,181203.56733411856,182654,6508,10321,1165,1382,Equity (Gazprom),-1.88950192729197,1.88950192729197,3.0600000000000023,2.357291425930207,6.607381232822929,0.3867134113732248,0.11328658862677521,97.41107609185052,5,3,Thursday
2025-05-30,GAZPF,130.8,133.27,128.51,132.49,131.11324225352112,26680,3550,178904.98816901408,181954,11684,14996,1897,1653,Equity (Gazprom),2.0645558893767957,2.0645558893767957,4.760000000000019,3.592723979168253,7.515492957746479,0.4379310344827586,0.06206896551724139,99.42218220021013,5,4,Friday
2025-06-02,GAZPF,129.49,131.96,127.63,130.46,129.70637885673284,26260,4181,176600.73092561588,180154,13301,12959,2091,2090,Equity (Gazprom),-1.5321911087629259,1.5321911087629259,4.3300000000000125,3.3190249885022323,6.2807940684046875,0.5065118050266565,0.006511805026656492,97.89884436440043,6,0,Monday
2025-06-03,GAZPF,130.65,131.31,128.8,130.92,130.2186365573072,14689,2347,180652.88964635704,182052,7735,6954,1256,1091,Equity (Gazprom),0.3525984976237684,0.3525984976237684,2.509999999999991,1.91720134433241,6.2586280357903705,0.526584519027844,0.026584519027843978,98.24403421882036,6,1,Tuesday
2025-06-04,GAZPF,130.8,132.58,129.01,129.84,130.73528033224562,23729,3371,181832.55591812517,183226,10540,13189,1618,1753,Equity (Gazprom),-0.8249312557286781,0.8249312557286781,3.5700000000000216,2.749537892791144,7.039157520023732,0.4441822242825235,0.05581777571747648,97.43358847366052,6,2,Wednesday
2025-06-05,GAZPF,130.2,130.69,129.21,129.64,129.89290827740493,9601,1341,183003.3139448173,185390,6232,3369,664,677,Equity (Gazprom),-0.15403573629083622,0.15403573629083622,1.4799999999999898,1.1416229558778077,7.1595824011931395,0.6490990521820643,0.14909905218206432,97.28350592826054,6,3,Thursday
2025-06-06,GAZPF,129.96,132.55,125.76,125.98,128.69553103964097,33099,5348,187713.80516080777,192084,13664,19435,2229,3119,Equity (Gazprom),-2.823202715211337,2.823202715211337,6.790000000000006,5.389744403873635,6.18904263275991,0.412822139641681,0.08717786035831898,94.5369953474411,6,4,Friday
2025-06-09,GAZPF,125.9,126.59,122.88,123.73,124.1546393659181,29926,3785,190411.88375165124,199352,15346,14580,1812,1973,Equity (Gazprom),-1.7859977774249858,1.7859977774249858,3.710000000000008,2.998464398286598,7.906472919418758,0.5127982356479316,0.012798235647931588,92.84856671169143,6,0,Monday
2025-06-10,GAZPF,123.99,124.55,122.15,123.43,123.16283872995913,17775,3181,200487.82269726502,201644,7916,9859,1490,1691,Equity (Gazprom),-0.24246342843287083,0.24246342843287083,2.3999999999999915,1.9444219395608777,5.587865451116001,0.44534458509142055,0.05465541490857945,92.62344289359149,6,1,Tuesday
2025-06-11,GAZPF,123.3,123.87,122.58,123.46,123.25071913703555,14424,2503,201948.6600079904,203412,7550,6874,1474,1029,Equity (Gazprom),0.024305274244507125,0.024305274244507125,1.2900000000000063,1.0448728333063393,5.762684778266081,0.5234331669439822,0.02343316694398223,92.64595527540148,6,2,Wednesday
2025-06-13,GAZPF,124.13,124.98,123.32,123.55,123.81213301378071,8508,1669,207303.27261833433,209224,3498,5010,637,1032,Equity (Gazprom),0.07289810464927715,0.07289810464927715,1.6600000000000108,1.3435855928773863,5.097663271420012,0.41114245416078987,0.08885754583921013,92.71349242083147,6,4,Friday
2025-06-16,GAZPF,125.05,125.69,123.0,123.35,124.12814530685922,15564,2216,207581.61823104694,208776,6549,9015,952,1264,Equity (Gazprom),-0.16187778227438887,0.16187778227438887,2.6899999999999977,2.1807863802188874,7.0234657039711195,0.4207787201233616,0.0792212798766384,92.56340987543149,6,0,Monday
2025-06-17,GAZPF,123.44,128.42,123.02,127.63,125.88266412213738,53129,5240,223907.46259541984,235672,26500,26629,2812,2428,Equity (Gazprom),3.4698013781921277,3.4698013781921277,5.3999999999999915,4.230980177074349,10.13912213740458,0.4987859737619756,0.0012140262380244127,95.77517634699085,6,1,Tuesday
2025-06-18,GAZPF,127.62,128.27,125.86,126.92,127.07698781195589,25753,3446,238882.6320371445,241086,10624,15129,1588,1858,Equity (Gazprom),-0.5562955418005111,0.5562955418005111,2.410000000000011,1.8988339111251265,7.473302379570517,0.41253446200442667,0.08746553799557333,95.24238331082095,6,2,Wednesday
2025-06-19,GAZPF,127.33,127.69,125.38,126.4,126.53546225614927,16577,2358,243160.32909245123,245216,7231,9346,1025,1333,Equity (Gazprom),-0.409706901985496,0.409706901985496,2.3100000000000023,1.827531645569622,7.0301102629346905,0.4362067925438861,0.06379320745611389,94.85216869278104,6,3,Thursday
2025-06-20,GAZPF,126.32,127.8,123.65,124.46,125.31250521920668,24530,3353,244708.37936176558,246546,9676,14854,1176,2177,Equity (Gazprom),-1.5348101265822867,1.5348101265822867,4.1499999999999915,3.3344046279929227,7.3158365642708025,0.39445576844679986,0.10554423155320014,93.39636800240132,6,4,Friday
2025-06-23,GAZPF,124.73,126.03,123.76,124.8,124.89164761529365,17081,2537,241198.0134016555,243298,8307,8774,1114,1423,Equity (Gazprom),0.2731801381970156,0.2731801381970156,2.269999999999996,1.8189102564102535,6.7327552227039815,0.48632984017329195,0.01367015982670805,93.65150832958128,6,0,Monday
2025-06-24,GAZPF,125.15,125.46,122.0,125.46,124.1423056747735,32847,4194,235091.1416309013,242708,15467,17380,2181,2013,Equity (Gazprom),0.5288461538461409,0.5288461538461409,3.4599999999999937,2.757851107922839,7.831902718168813,0.470880141260998,0.029119858739002025,94.14678072940117,6,1,Tuesday
2025-06-25,GAZPF,125.2,127.19,124.79,126.73,126.15597067261716,24399,3137,238797.8214854957,242810,14308,10091,1769,1368,Equity (Gazprom),1.0122748286306438,1.0122748286306438,2.3999999999999915,1.8937899471316906,7.777813197322282,0.5864174761260708,0.08641747612607076,95.09980489269098,6,2,Wednesday
2025-06-26,GAZPF,126.5,128.31,125.78,126.97,127.05324918032787,19536,3050,241240.80655737704,242658,11326,8210,1975,1075,Equity (Gazprom),0.189378994713163,0.189378994713163,2.530000000000001,1.9925966763802483,6.405245901639344,0.5797502047502048,0.07975020475020478,95.27990394717095,6,3,Thursday
2025-06-27,GAZPF,126.7,128.25,125.8,127.72,126.9363408723748,19024,2476,238471.23747980615,240402,9368,9656,1271,1205,Equity (Gazprom),0.5906907143419682,0.5906907143419682,2.450000000000003,1.918258690886316,7.683360258481422,0.49243061396131205,0.007569386038687953,95.84271349242084,6,4,Friday
2025-06-30,GAZPF,127.08,130.73,126.5,130.09,128.88094481363768,27637,3461,236532.85293267842,239522,14036,13601,1843,1618,Equity (Gazprom),1.855621672408403,1.855621672408403,4.22999999999999,3.2515950495810513,7.985264374458249,0.5078698845750262,0.007869884575026243,97.62119165541048,6,0,Monday
2025-07-01,GAZPF,130.55,130.86,128.2,128.46,129.89225892559224,20442,2997,235451.05038371705,237476,7426,13016,1330,1667,Equity (Gazprom),-1.2529787070489573,1.2529787070489573,2.660000000000025,2.070683481239316,6.8208208208208205,0.3632716955288132,0.13672830447118678,96.39801891040072,7,1,Tuesday
2025-07-02,GAZPF,128.95,129.22,126.61,127.37,127.80685013015992,31897,2689,238277.55373744888,249018,11558,20339,1162,1527,Equity (Gazprom),-0.8485131558461756,0.8485131558461756,2.6099999999999994,2.049148151055978,11.86203049460766,0.3623538263786563,0.13764617362134368,95.5800690379709,7,2,Wednesday
2025-07-03,GAZPF,127.59,129.65,126.67,128.26,128.39751846877098,21785,2978,248556.1840161182,249578,13165,8620,1676,1302,Equity (Gazprom),0.6987516683677475,0.6987516683677475,2.980000000000004,2.3234055824107314,7.315312290127602,0.6043148955703466,0.10431489557034657,96.24793636500075,7,3,Thursday
2025-07-04,GAZPF,127.91,128.93,127.1,127.99,127.89055079006772,16895,2215,247334.78103837473,250030,7326,9569,1071,1144,Equity (Gazprom),-0.21050990176204598,0.21050990176204598,1.8300000000000125,1.429799203062749,7.6275395033860045,0.4336194140278189,0.0663805859721811,96.0453249287108,7,4,Friday
2025-07-07,GAZPF,127.84,127.84,123.47,124.26,125.42321339434277,41807,4808,244799.83153078202,249834,17597,24210,2171,2637,Equity (Gazprom),-2.9142901789202202,2.9142901789202202,4.3700000000000045,3.516819571865447,8.695299500831947,0.4209103738608367,0.07908962613916332,93.24628545700136,7,0,Monday
2025-07-08,GAZPF,124.46,124.9,121.0,121.1,122.93030790568655,29313,3605,245050.81941747572,249310,16268,13045,1707,1898,Equity (Gazprom),-2.5430548849187273,2.5430548849187273,3.9000000000000057,3.2204789430223006,8.13120665742025,0.5549756080919729,0.05497560809197288,90.87498123968183,7,1,Tuesday
2025-07-09,GAZPF,121.65,122.27,118.2,119.77,120.50754977876106,57122,5424,225569.46054572272,234100,30488,26634,3060,2364,Equity (Gazprom),-1.098265895953754,1.098265895953754,4.069999999999993,3.3981798447023404,10.531342182890855,0.5337348132068205,0.03373481320682048,89.87693231277203,7,2,Wednesday
2025-07-10,GAZPF,120.0,121.5,119.55,120.89,120.554521085322,27052,3059,224334.0477280157,225804,12415,14637,1472,1587,Equity (Gazprom),0.9351256575102385,0.9351256575102385,1.9500000000000028,1.6130366448837812,8.843412880026152,0.4589309478042289,0.041069052195771116,90.71739456701187,7,3,Thursday
2025-07-11,GAZPF,119.95,120.34,116.25,116.57,118.19052296624238,34093,3614,230052.74266740453,244976,19880,14213,1643,1971,Equity (Gazprom),-3.5734965671271435,3.5734965671271435,4.090000000000003,3.508621429184184,9.433591588267847,0.5831109025313114,0.08311090253131137,87.47561158637251,7,4,Friday
2025-07-14,GAZPF,116.27,122.65,115.92,122.47,119.57135715608221,56484,5401,249126.17663395667,253820,31534,24950,3122,2279,Equity (Gazprom),5.061336535986971,5.061336535986971,6.730000000000004,5.495223319996737,10.45806332160711,0.5582819913603853,0.058281991360385255,91.90304667567163,7,0,Monday
2025-07-15,GAZPF,122.67,122.93,121.41,121.98,122.10803528190938,22409,2891,254130.1411276375,257060,9866,12543,1253,1638,Equity (Gazprom),-0.40009798317954814,0.40009798317954814,1.5200000000000102,1.2461059190031236,7.7512971290211,0.44026953456200635,0.05973046543799365,91.5353444394417,7,1,Tuesday
2025-07-16,GAZPF,122.19,123.99,121.13,123.26,122.86402322811198,24709,3358,257767.73079213817,260272,12234,12475,1605,1753,Equity (Gazprom),1.0493523528447346,1.0493523528447346,2.8599999999999994,2.320298555898101,7.358248957712925,0.4951232344489862,0.004876765551013795,92.49587273000152,7,2,Wednesday
2025-07-17,GAZPF,123.33,123.8,121.01,121.3,122.25614166996439,18092,2527,256862.25722200237,259014,7576,10516,1199,1328,Equity (Gazprom),-1.5901346746714284,1.5901346746714284,2.789999999999992,2.300082440230826,7.159477641472101,0.41874861817377845,0.08125138182622155,91.0250637850818,7,3,Thursday
2025-07-18,GAZPF,121.44,127.77,120.45,127.15,124.44127496433667,45693,5608,257242.25,261448,26544,19149,3170,2438,Equity (Gazprom),4.82275350370982,4.82275350370982,7.319999999999993,5.756979944946908,8.147824536376605,0.5809204911036702,0.08092049110367017,95.41497823803093,7,4,Friday
2025-07-21,GAZPF,128.75,128.94,126.85,128.45,127.97186046511628,21798,3096,259800.8326873385,262690,9410,12388,1590,1506,Equity (Gazprom),1.0224144710971217,1.0224144710971217,2.0900000000000034,1.6270922537952541,7.040697674418604,0.4316909808239288,0.06830901917607118,96.39051478313073,7,0,Monday
2025-07-22,GAZPF,128.15,129.68,127.48,129.32,128.7015298688684,29864,4118,263791.37348227296,265518,16488,13376,2644,1474,Equity (Gazprom),0.6773063448812788,0.6773063448812788,2.200000000000003,1.701206309928861,7.252064108790675,0.5521028663273506,0.052102866327350617,97.0433738556206,7,1,Tuesday
2025-07-23,GAZPF,129.49,130.5,129.02,129.44,129.69250310045473,36063,4838,250706.01529557668,264042,17469,18594,3042,1796,Equity (Gazprom),0.09279307145066973,0.09279307145066973,1.4799999999999898,1.1433868974041947,7.454113269946259,0.48440229598203144,0.015597704017968561,97.13342338286057,7,2,Wednesday
2025-07-24,GAZPF,129.45,129.95,127.22,128.27,128.42807286673056,24442,3129,240909.83125599232,245960,9041,15401,1233,1896,Equity (Gazprom),-0.9038936959208765,0.9038936959208765,2.7299999999999898,2.128323068527317,7.811441355065516,0.3698960805171426,0.13010391948285738,96.25544049227076,7,3,Thursday
2025-07-25,GAZPF,128.23,129.21,125.78,126.66,127.48209215108493,27796,3733,233857.22743102064,236292,12424,15372,1631,2102,Equity (Gazprom),-1.2551648865674059,1.2551648865674059,3.430000000000007,2.708037265119222,7.446021966246986,0.44697078716362065,0.05302921283637935,95.047276001801,7,4,Friday
2025-07-28,GAZPF,125.88,125.94,122.25,123.14,123.87648954075497,38101,4159,239321.09882183216,243002,18594,19507,1785,2374,Equity (Gazprom),-2.7790936365071794,2.7790936365071794,3.6899999999999977,2.996589248010393,9.16109641740803,0.488018687173565,0.011981312826434998,92.40582320276152,7,0,Monday
2025-07-29,GAZPF,123.16,124.03,121.77,122.77,123.16039304123711,25382,3104,236416.18298969071,238032,13150,12232,1775,1329,Equity (Gazprom),-0.30047100860809417,0.30047100860809417,2.260000000000005,1.8408405962368697,8.177190721649485,0.5180836813489875,0.018083681348987524,92.12817049377158,7,1,Tuesday
2025-07-30,GAZPF,122.73,122.85,121.16,121.63,121.88694406548431,13920,2199,236792.7776261937,238614,8289,5631,1099,1100,Equity (Gazprom),-0.928565610491161,0.928565610491161,1.6899999999999977,1.3894598372112126,6.330150068212824,0.5954741379310344,0.09547413793103443,91.27269998499175,7,2,Wednesday
2025-07-31,GAZPF,121.65,123.03,120.9,122.8,122.0658780741254,24827,2887,239017.22133702805,242508,15496,9331,1657,1230,Equity (Gazprom),0.9619337334539235,0.9619337334539235,2.1299999999999955,1.734527687296413,8.599584343609283,0.6241591815362307,0.12415918153623073,92.15068287558157,7,3,Thursday
2025-08-01,GAZPF,124.0,124.5,120.26,121.79,122.91294348252205,22612,3061,237041.2152891212,239724,10497,12115,1375,1686,Equity (Gazprom),-0.8224755700325659,0.8224755700325659,4.239999999999995,3.481402413991292,7.387128389415224,0.4642225367061737,0.035777463293826306,91.39276602131173,8,4,Friday
2025-08-04,GAZPF,122.36,126.18,121.78,126.05,124.33597218948857,26231,4243,234293.23968889937,238228,17140,9091,2837,1406,Equity (Gazprom),3.4978241234912444,3.4978241234912444,4.400000000000006,3.4906783022610117,6.182182418100401,0.6534253364339904,0.15342533643399037,94.5895242383311,8,0,Monday
2025-08-05,GAZPF,125.75,126.9,124.93,126.32,125.88984574310295,20805,3371,230961.46603381785,233498,10677,10128,1853,1518,Equity (Gazprom),0.21420071400237717,0.21420071400237717,1.9699999999999989,1.559531348955034,6.171759121922278,0.5131939437635183,0.013193943763518345,94.79213567462105,8,1,Tuesday
2025-08-06,GAZPF,126.22,132.95,123.96,130.3,127.31494529540483,63860,7769,235125.8609859699,240592,35004,28856,4198,3571,Equity (Gazprom),3.150728309056383,3.150728309056383,8.989999999999995,6.899462778204139,8.219848114300424,0.5481365487002818,0.048136548700281834,97.77877832808046,8,2,Wednesday
2025-08-07,GAZPF,130.4,136.3,129.71,134.7,134.1284419923848,119528,12869,241664.8633149429,251452,71236,48292,7374,5495,Equity (Gazprom),3.3768227168073484,3.3768227168073484,6.590000000000003,4.892353377876766,9.288056570052063,0.595977511545412,0.09597751154541201,101.08059432687979,8,3,Thursday
2025-08-08,GAZPF,134.6,143.55,132.74,141.49,136.27145839698542,65744,9819,247268.77523169367,257448,39058,26686,5593,4226,Equity (Gazprom),5.0408314773570995,5.0408314773570995,10.810000000000002,7.640115909251538,6.6955901822996235,0.5940922365539061,0.09409223655390608,106.17589674320878,8,4,Friday
2025-08-11,GAZPF,143.0,143.65,138.12,140.35,141.6408460441128,63164,9113,253109.51761220235,258066,27881,35283,4309,4804,Equity (Gazprom),-0.8057106509294032,0.8057106509294032,5.530000000000001,3.940149625935163,6.931197190826292,0.4414064973719207,0.058593502628079275,105.32042623442894,8,0,Monday
2025-08-12,GAZPF,139.49,141.61,139.14,141.02,140.30512143362415,23370,4241,258676.16458382457,264952,12459,10911,2266,1975,Equity (Gazprom),0.4773779836124037,0.4773779836124037,2.4700000000000273,1.7515246064388221,5.510492808299929,0.5331193838254172,0.03311938382541724,105.82320276151884,8,1,Tuesday
2025-08-13,GAZPF,141.58,142.05,139.25,139.71,140.316464830412,27988,4393,262979.0070566811,265144,13970,14018,2098,2295,Equity (Gazprom),-0.9289462487590439,0.9289462487590439,2.8000000000000114,2.004151456588656,6.371044844070112,0.49914248963841645,0.0008575103615835467,104.84016208914903,8,2,Wednesday
2025-08-14,GAZPF,138.7,141.05,137.45,140.51,139.17176021382207,29577,5238,265335.9018709431,267894,15109,14468,2682,2556,Equity (Gazprom),0.5726147018824568,0.5726147018824568,3.6000000000000227,2.562095224539195,5.646620847651776,0.5108361226628799,0.010836122662879921,105.44049227074892,8,3,Thursday
2025-08-15,GAZPF,140.55,143.62,139.83,142.83,141.881006987995,35250,5581,263785.58107865974,267594,19660,15590,3193,2388,Equity (Gazprom),1.651128033591931,1.651128033591931,3.789999999999992,2.6535041657914946,6.316072388460849,0.5577304964539007,0.057730496453900715,107.18144979738857,8,4,Friday
2025-08-16,GAZPF,139.03,139.37,138.63,138.63,138.72975609756097,11202,1599,259776.12382739212,264524,6528,4674,789,810,Equity (Gazprom),-2.940558706154184,2.940558706154184,0.7400000000000091,0.5337949938685775,7.00562851782364,0.5827530798071773,0.08275307980717728,104.0297163439892,8,5,Saturday
2025-08-17,GAZPF,138.63,138.63,138.63,138.63,138.63,112,35,264628.5142857143,264716,112,0,35,0,Equity (Gazprom),0.0,0.0,0.0,0.0,3.2,1.0,0.5,104.0297163439892,8,6,Sunday
2025-08-18,GAZPF,138.63,141.95,136.71,139.63,138.30986944444444,61255,7200,264930.9972222222,269472,29859,31396,3510,3690,Equity (Gazprom),0.7213445863088808,0.7213445863088808,5.239999999999981,3.752775191577727,8.50763888888889,0.4874540853807852,0.012545914619214782,104.78012907098906,8,0,Monday
2025-08-19,GAZPF,140.25,140.95,137.12,138.23,139.33189594519533,37117,5401,262451.54489909275,266512,17475,19642,2618,2783,Equity (Gazprom),-1.002649860345206,1.002649860345206,3.829999999999984,2.7707444114880886,6.87224588039252,0.47080852439582943,0.02919147560417057,103.72955125318926,8,1,Tuesday
2025-08-20,GAZPF,138.03,138.57,133.87,135.53,136.4132488074316,27653,3983,261596.51970876224,263418,11403,16250,1651,2332,Equity (Gazprom),-1.953266295304923,1.953266295304923,4.699999999999989,3.467866892938824,6.942756716043183,0.41236032256897986,0.08763967743102014,101.70343689028967,8,2,Wednesday
2025-08-21,GAZPF,135.35,135.42,130.67,131.27,133.03979648154535,42879,5798,256434.39358399448,260788,17231,25648,2641,3157,Equity (Gazprom),-3.1432155242381743,3.1432155242381743,4.75,3.618496229146034,7.395481200413935,0.40185172228829963,0.09814827771170037,98.50667867327032,8,3,Thursday
2025-08-22,GAZPF,131.0,132.8,130.89,132.62,131.8742677579655,25797,3421,260927.13884828996,263340,14212,11585,1872,1549,Equity (Gazprom),1.0284147177572978,1.0284147177572978,1.910000000000025,1.4402050972704155,7.540777550423853,0.5509167732682095,0.050916773268209536,99.51973585472011,8,4,Friday
2025-08-23,GAZPF,132.73,133.2,132.47,132.9,132.81835820895523,3299,335,257557.81492537312,258618,1165,2134,202,133,Equity (Gazprom),0.21112954305535503,0.21112954305535503,0.7299999999999898,0.5492851768246725,9.84776119402985,0.3531373143376781,0.1468626856623219,99.72985141828006,8,5,Saturday
2025-08-24,GAZPF,132.84,133.1,131.91,132.18,132.35221910112358,3046,356,255367.11235955055,255886,1895,1151,165,191,Equity (Gazprom),-0.5417607223476284,0.5417607223476284,1.1899999999999977,0.9002874867604763,8.5561797752809,0.6221273801707157,0.12212738017071567,99.18955425484017,8,6,Sunday
2025-08-25,GAZPF,132.18,132.92,129.87,132.56,131.27196315789473,26656,3800,255366.24368421052,257698,12375,14281,1824,1976,Equity (Gazprom),0.2874867604781395,0.2874867604781395,3.049999999999983,2.3008449004224376,7.014736842105263,0.4642481992797119,0.03575180072028811,99.4747110911001,8,0,Monday
2025-08-26,GAZPF,132.99,134.62,132.31,133.7,133.61656065088758,29658,4056,260414.75246548324,262688,13532,16126,2174,1882,Equity (Gazprom),0.859987929993955,0.859987929993955,2.3100000000000023,1.7277486910994782,7.312130177514793,0.4562681232719671,0.043731876728032915,100.33018159987994,8,1,Tuesday
2025-08-27,GAZPF,133.79,136.35,133.01,135.87,135.058734408275,24916,3287,261623.22360815332,264072,12774,12142,1864,1423,Equity (Gazprom),1.623036649214682,1.623036649214682,3.3400000000000034,2.458232133657175,7.580164283541223,0.5126826135816343,0.01268261358163425,101.95857721746961,8,2,Wednesday
2025-08-28,GAZPF,135.91,136.08,131.85,133.58,134.31381559942224,35165,4154,258289.72412132885,262000,16099,19066,1734,2420,Equity (Gazprom),-1.6854346066092485,1.6854346066092485,4.230000000000018,3.166641712831275,8.4653346172364,0.457813166500782,0.04218683349921798,100.24013207263998,8,3,Thursday
2025-08-29,GAZPF,133.59,136.54,132.03,136.08,134.425294921875,37699,5120,256332.91953125,259150,20813,16886,2623,2497,Equity (Gazprom),1.8715376553376295,1.8715376553376295,4.509999999999991,3.31422692533803,7.3630859375,0.5520836096448182,0.052083609644818174,102.1161638901396,8,4,Friday
2025-08-30,GAZPF,135.83,136.43,135.5,135.75,136.11792607802874,2991,487,258061.5154004107,258992,899,2092,237,250,Equity (Gazprom),-0.24250440917108484,0.24250440917108484,0.9300000000000068,0.6850828729281818,6.1416837782340865,0.3005683717820127,0.19943162821798732,101.86852769022963,8,5,Saturday
2025-08-31,GAZPF,136.15,136.67,135.87,136.47,136.3841204437401,3274,631,258737.03645007923,259466,1830,1444,288,343,Equity (Gazprom),0.530386740331501,0.530386740331501,0.799999999999983,0.5862094233164673,5.188589540412044,0.5589492974954184,0.05894929749541844,102.40882485366953,8,6,Sunday
2025-09-01,GAZPF,136.95,137.65,134.15,135.12,135.76606514084506,20845,3408,263467.90082159627,265700,7643,13202,1337,2071,Equity (Gazprom),-0.9892284018465536,0.9892284018465536,3.5,2.590290112492599,6.116490610328638,0.3666586711441593,0.1333413288558407,101.39576767221973,9,0,Monday
2025-09-02,GAZPF,135.7,135.98,130.62,132.41,133.0800520416333,28056,4996,263330.52441953565,266560,11519,16537,2051,2945,Equity (Gazprom),-2.005624629958558,2.005624629958558,5.359999999999985,4.048032625934586,5.6156925540432345,0.4105717137154263,0.08942828628457372,99.36214918205013,9,1,Tuesday
2025-09-03,GAZPF,131.82,132.89,130.85,132.34,131.70633073929963,16529,2570,266207.7058365759,269804,9034,7495,1385,1185,Equity (Gazprom),-0.05286609772675588,0.05286609772675588,2.039999999999992,1.5414840562188243,6.431517509727627,0.5465545405045678,0.046554540504567754,99.30962029116014,9,2,Wednesday
2025-09-04,GAZPF,132.57,132.75,130.14,131.1,131.47706627393225,23482,3395,269065.42268041236,270660,8464,15018,1507,1888,Equity (Gazprom),-0.9369805047604762,0.9369805047604762,2.6100000000000136,1.9908466819222073,6.916642120765832,0.36044629929307553,0.13955370070692447,98.37910850968032,9,3,Thursday
2025-09-05,GAZPF,131.46,132.63,131.21,132.19,132.0223401420959,11310,2252,268116.90674955596,270668,5833,5477,1140,1112,Equity (Gazprom),0.831426392067125,0.831426392067125,1.4199999999999875,1.0742113624328524,5.022202486678508,0.5157382847038019,0.015738284703801897,99.19705838211017,9,4,Friday
2025-09-06,GAZPF,132.23,132.43,131.83,132.34,132.174,1690,245,270989.9428571428,272838,1380,310,123,122,Equity (Gazprom),0.11347303124291663,0.11347303124291663,0.5999999999999943,0.4533776635937693,6.8979591836734695,0.8165680473372781,0.31656804733727806,99.30962029116014,9,5,Saturday
2025-09-07,GAZPF,132.26,132.86,132.14,132.66,132.46691176470588,923,272,272855.79411764705,273062,296,627,116,156,Equity (Gazprom),0.24180142058334297,0.24180142058334297,0.7200000000000273,0.5427408412483246,3.3933823529411766,0.3206933911159263,0.17930660888407368,99.5497523638001,9,6,Sunday
2025-09-08,GAZPF,132.7,134.26,132.7,133.7,133.49001947040497,15728,2568,274415.55373831774,276568,8407,7321,1334,1234,Equity (Gazprom),0.7839589929142132,0.7839589929142132,1.5600000000000023,1.1667913238593886,6.1246105919003115,0.5345244150559512,0.03452441505595116,100.33018159987994,9,0,Monday
2025-09-09,GAZPF,134.15,134.26,132.74,133.83,133.39641315519012,12633,1946,279887.27646454267,282616,7158,5475,1008,938,Equity (Gazprom),0.09723261032164032,0.09723261032164032,1.5199999999999818,1.1357692595083178,6.491778006166496,0.5666112562336737,0.0666112562336737,100.42773525438993,9,1,Tuesday
2025-09-10,GAZPF,132.76,132.95,130.2,130.96,131.64109711794623,25616,4129,285607.1101961734,287836,11673,13943,1854,2275,Equity (Gazprom),-2.1445116939400766,2.1445116939400766,2.75,2.099877825290165,6.2039234681520945,0.45569175515302934,0.04430824484697066,98.27405072790036,9,2,Wednesday
2025-09-11,GAZPF,131.22,131.37,129.19,130.37,130.25174603174602,19435,3339,289583.20575022465,292004,8008,11427,1468,1871,Equity (Gazprom),-0.4505192425168003,0.4505192425168003,2.180000000000007,1.6721638413745545,5.820604971548367,0.41204013377926424,0.08795986622073576,97.83130721897044,9,3,Thursday
2025-09-12,GAZPF,130.44,130.95,125.04,125.74,127.5247295059343,77374,7246,296344.3094120894,302574,35732,41642,3403,3843,Equity (Gazprom),-3.5514305438367755,3.5514305438367755,5.909999999999982,4.700174964211852,10.678167264697764,0.4618088763667382,0.038191123633261825,94.35689629296114,9,4,Friday
2025-09-13,GAZPF,125.59,125.99,125.09,125.24,125.4704024767802,970,323,299292.8544891641,299612,396,574,125,198,Equity (Gazprom),-0.3976459360585327,0.3976459360585327,0.8999999999999915,0.7186202491216795,3.003095975232198,0.40824742268041236,0.09175257731958764,93.98168992946121,9,5,Saturday
2025-09-14,GAZPF,125.28,126.81,125.19,126.18,126.03616379310344,9038,696,299350.8017241379,301142,5528,3510,361,335,Equity (Gazprom),0.7505589268604451,0.7505589268604451,1.6200000000000045,1.2838801711840264,12.985632183908047,0.6116397433060412,0.1116397433060412,94.68707789284107,9,6,Sunday
2025-09-15,GAZPF,125.94,126.08,123.63,124.36,124.50566362170876,58196,5583,301959.4640874082,305620,27255,30941,2786,2797,Equity (Gazprom),-1.4423838960215596,1.4423838960215596,2.450000000000003,1.9700868446445825,10.423786494716103,0.4683311567805347,0.03166884321946528,93.32132672970134,9,0,Monday
2025-09-16,GAZPF,125.05,125.55,122.0,122.95,123.44008744656043,54296,5146,297234.5771472989,304216,25362,28934,2323,2823,Equity (Gazprom),-1.1338050820199341,1.1338050820199341,3.549999999999997,2.8873525823505464,10.55110765643218,0.4671062325033152,0.03289376749668482,92.26324478463155,9,1,Tuesday
2025-09-17,GAZPF,122.98,125.67,122.11,125.3,123.44391553701773,37400,5754,308710.41327771987,312300,18686,18714,2764,2990,Equity (Gazprom),1.9113460756404965,1.9113460756404965,3.5600000000000023,2.8411811652035133,6.4998262078554045,0.49962566844919787,0.00037433155080213165,94.0267146930812,9,2,Wednesday
2025-09-18,GAZPF,125.05,125.05,122.52,123.1,123.59444035733051,53281,5709,338832.95743562793,351654,20094,33187,2214,3495,Equity (Gazprom),-1.7557861133280173,1.7557861133280173,2.530000000000001,2.05523964256702,9.332807847258714,0.3771325613258009,0.12286743867419908,92.37580669368153,9,3,Thursday
2025-09-19,GAZPF,122.6,123.98,118.6,120.47,122.01461877667141,78161,7030,342903.7399715505,352820,35278,42883,3476,3554,Equity (Gazprom),-2.1364744110479283,2.1364744110479283,5.38000000000001,4.465842118369727,11.118207681365575,0.45135041772751117,0.048649582272488834,90.40222122167194,9,4,Friday
2025-09-22,GAZPF,120.85,120.94,117.92,119.89,119.52030886138007,81421,8159,316823.39085672266,332606,36070,45351,3993,4166,Equity (Gazprom),-0.4814476633186682,0.4814476633186682,3.019999999999996,2.5189757277504348,9.979286677288883,0.44300610407634394,0.05699389592365606,89.96698184001201,9,0,Monday
2025-09-23,GAZPF,119.49,121.65,116.87,117.45,119.6703708460427,57724,6229,310807.8060683898,314274,26565,31159,2949,3280,Equity (Gazprom),-2.0351989323546538,2.0351989323546538,4.780000000000001,4.069816943380163,9.266977042864022,0.4602071928487284,0.03979280715127159,88.13597478613238,9,1,Tuesday
2025-09-24,GAZPF,117.65,119.73,116.14,119.08,118.0056556704415,46949,6093,309727.8857705564,312918,23973,22976,3173,2920,Equity (Gazprom),1.3878246062154043,1.3878246062154043,3.5900000000000034,3.014779979845485,7.7053996389299195,0.5106179045347079,0.0106179045347079,89.35914753114214,9,2,Wednesday
2025-09-25,GAZPF,119.07,119.6,117.05,117.93,118.35520352297073,28094,4201,310269.02213758626,313274,13137,14957,2053,2148,Equity (Gazprom),-0.9657373194491004,0.9657373194491004,2.549999999999997,2.1622996692953422,6.687455367769578,0.46760874208015946,0.032391257919840544,88.4961728950923,9,3,Thursday
2025-09-26,GAZPF,117.42,120.71,117.31,120.36,118.90706732844194,40712,4634,313481.0392749245,315560,21131,19581,2466,2168,Equity (Gazprom),2.06054439074026,2.06054439074026,3.3999999999999915,2.82485875706214,8.785498489425981,0.5190361564157988,0.01903615641579881,90.31967582170194,9,4,Friday
2025-09-27,GAZPF,120.31,120.45,119.84,120.37,120.15441696113074,1432,283,314801.3639575972,314886,513,919,120,163,Equity (Gazprom),0.008308408109014565,0.008308408109014565,0.6099999999999994,0.5067707900639689,5.060070671378092,0.35824022346368717,0.14175977653631283,90.32717994897195,9,5,Saturday
2025-09-28,GAZPF,120.24,120.46,119.52,119.84,119.95190082644628,1221,242,314616.37190082646,314882,235,986,71,171,Equity (Gazprom),-0.4403090471047588,0.4403090471047588,0.9399999999999977,0.7843791722296376,5.045454545454546,0.19246519246519248,0.30753480753480755,89.92946120366202,9,6,Sunday
2025-09-29,GAZPF,119.71,120.87,116.62,117.23,118.66343616805358,37046,4927,313668.1692713619,315572,17341,19705,2339,2588,Equity (Gazprom),-2.177903871829101,2.177903871829101,4.25,3.625351872387614,7.518977065151208,0.4680937213194407,0.031906278680559286,87.97088398619242,9,0,Monday
2025-09-30,GAZPF,117.36,118.58,116.2,118.38,117.43015690607734,29745,4525,312316.3509392265,314310,14561,15184,2233,2292,Equity (Gazprom),0.9809775654695763,0.9809775654695763,2.3799999999999955,2.010474742355124,6.5734806629834255,0.48952765170616913,0.010472348293830869,88.83385862224223,9,1,Tuesday
2025-10-01,GAZPF,118.5,119.52,115.7,116.66,117.2004304347826,33947,4600,304870.2308695652,310680,15574,18373,2260,2340,Equity (Gazprom),-1.4529481331305938,1.4529481331305938,3.819999999999993,3.274472827018681,7.379782608695653,0.458773971190385,0.04122602880961501,87.54314873180249,10,2,Wednesday
2025-10-02,GAZPF,116.07,117.58,115.76,116.47,116.69092711820757,25643,3883,304603.1243883595,307498,11548,14095,1870,2013,Equity (Gazprom),-0.16286644951140072,0.16286644951140072,1.8199999999999932,1.5626341547179474,6.603914499098635,0.45033732402605,0.04966267597395002,87.40057031367252,10,3,Thursday
2025-10-03,GAZPF,116.35,117.26,115.11,115.37,116.17201125784803,34688,4619,312055.54665512015,319784,15406,19282,2132,2487,Equity (Gazprom),-0.9444492143899641,0.9444492143899641,2.1500000000000057,1.863569385455496,7.50985061701667,0.44413053505535055,0.05586946494464945,86.5751163139727,10,4,Friday
2025-10-04,GAZPF,115.32,115.73,113.73,114.46,114.40124921531701,9813,1593,320712.32642812305,322732,3991,5822,534,1059,Equity (Gazprom),-0.7887665770997754,0.7887665770997754,2.0,1.7473353136466891,6.160075329566855,0.4067053908081117,0.09329460919188831,85.89224073240283,10,5,Saturday
2025-10-05,GAZPF,114.47,115.34,113.82,115.31,114.59365714285714,3081,525,322257.9619047619,322790,1797,1284,311,214,Equity (Gazprom),0.7426175082998476,0.7426175082998476,1.5200000000000102,1.3181857601248896,5.868571428571428,0.5832521908471275,0.08325219084712754,86.53009155035271,10,6,Sunday
2025-10-06,GAZPF,115.3,119.61,114.57,119.17,117.6027756703728,74908,7645,328871.6214519294,335308,40868,34040,4384,3261,Equity (Gazprom),3.3474980487381734,3.3474980487381734,5.040000000000006,4.229252328606198,9.798299542184434,0.5455759064452395,0.045575906445239456,89.42668467657212,10,0,Monday
2025-10-07,GAZPF,119.36,120.32,117.92,118.92,119.02377480490524,42681,4485,326801.18260869564,332576,19813,22868,2297,2188,Equity (Gazprom),-0.20978434169673932,0.20978434169673932,2.3999999999999915,2.0181634712411634,9.51638795986622,0.4642112415360465,0.03578875846395352,89.23908149482216,10,1,Tuesday
2025-10-08,GAZPF,118.77,119.56,113.6,114.42,115.89403043614685,54448,6374,316446.35205522436,323056,26032,28416,2836,3538,Equity (Gazprom),-3.784056508577194,3.784056508577194,5.960000000000008,5.208879566509358,8.542202698462503,0.47810755215985895,0.02189244784014105,85.86222422332284,10,2,Wednesday
2025-10-09,GAZPF,114.61,117.91,112.0,117.19,115.35807404727448,78216,8292,318398.663289918,324250,38869,39347,4477,3815,Equity (Gazprom),2.420905436112575,2.420905436112575,5.909999999999997,5.043092414028498,9.432706222865413,0.49694435921039176,0.0030556407896082383,87.94086747711242,10,3,Thursday
2025-10-10,GAZPF,117.19,118.16,115.3,115.42,116.54130562552477,42189,4764,312758.946263644,315910,19591,22598,2213,2551,Equity (Gazprom),-1.5103677788207204,1.5103677788207204,2.8599999999999994,2.4779067752555877,8.855793450881611,0.46436274858375404,0.03563725141624596,86.61263695032268,10,4,Friday
2025-10-11,GAZPF,115.35,115.89,112.8,115.82,115.16447595561036,5435,811,312664.7398273736,314798,2200,3235,444,367,Equity (Gazprom),0.3465603881476209,0.3465603881476209,3.0900000000000034,2.667932999481958,6.701602959309494,0.4047838086476541,0.09521619135234588,86.91280204112262,10,5,Saturday
2025-10-12,GAZPF,115.57,116.6,114.99,116.15,116.18313787638668,3895,631,309903.33755942946,311242,2759,1136,384,247,Equity (Gazprom),0.2849248834398299,0.2849248834398299,1.6099999999999994,1.3861386138613856,6.1727416798732175,0.7083440308087291,0.2083440308087291,87.16043824103258,10,6,Sunday
2025-10-13,GAZPF,116.25,117.6,114.56,116.04,116.12217691342535,39035,4782,312545.23504809703,317054,19632,19403,2439,2343,Equity (Gazprom),-0.09470512268617837,0.09470512268617837,3.039999999999992,2.619786280592892,8.162902551233794,0.502933265018573,0.0029332650185730502,87.07789284106259,10,0,Monday
2025-10-14,GAZPF,116.1,116.43,114.38,115.47,115.4430305958132,23962,3105,311904.26666666666,316208,10382,13580,1451,1654,Equity (Gazprom),-0.4912099276111803,0.4912099276111803,2.0500000000000114,1.7753529055165942,7.717230273752013,0.43326934312661713,0.06673065687338287,86.65015758667268,10,1,Tuesday
2025-10-15,GAZPF,115.2,117.39,114.69,115.43,115.98182809659829,27967,3851,310103.6104907816,314332,14493,13474,2263,1588,Equity (Gazprom),-0.034641032302751285,0.034641032302751285,2.700000000000003,2.3390799618816622,7.262269540379123,0.5182178996674652,0.01821789966746523,86.62014107759268,10,2,Wednesday
2025-10-16,GAZPF,115.36,125.0,115.0,124.62,119.3284485101934,96951,9565,313327.55943544174,321896,52309,44642,5197,4368,Equity (Gazprom),7.961535129515718,7.961535129515718,10.0,8.024394158241051,10.136016727652901,0.5395405926705242,0.03954059267052423,93.51643403872131,10,3,Thursday
2025-10-17,GAZPF,123.52,127.17,122.65,124.6,124.32583808437857,41222,5262,317293.93918662105,323498,20227,20995,2864,2398,Equity (Gazprom),-0.016048788316491702,0.016048788316491702,4.519999999999996,3.6276083467094677,7.833903458760927,0.4906845859007326,0.009315414099267394,93.50142578418131,10,4,Friday
2025-10-18,GAZPF,125.15,127.79,125.15,126.4,126.5223886328725,8486,1302,323215.2688172043,324300,4218,4268,684,618,Equity (Gazprom),1.4446227929374,1.4446227929374,2.6400000000000006,2.0886075949367093,6.517665130568356,0.4970539712467594,0.002946028753240626,94.85216869278104,10,5,Saturday
2025-10-19,GAZPF,126.5,126.84,125.22,125.86,125.8458064516129,3548,651,322969.7603686636,323644,1418,2130,284,367,Equity (Gazprom),-0.42721518987342,0.42721518987342,1.6200000000000045,1.2871444462100783,5.450076804915515,0.3996617812852311,0.10033821871476889,94.44694582020111,10,6,Sunday
2025-10-20,GAZPF,125.81,127.94,125.3,126.35,126.90145729955601,31004,3829,324214.3854792374,328166,14491,16513,2074,1755,Equity (Gazprom),0.38932146829810943,0.38932146829810943,2.6400000000000006,2.0894341115947768,8.097153303734656,0.4673913043478261,0.03260869565217389,94.81464805643104,10,0,Monday
2025-10-21,GAZPF,123.45,124.04,117.72,121.4,121.4735432125709,79665,9164,325507.29615888256,335442,32067,47598,4025,5139,Equity (Gazprom),-3.9176889592401953,3.9176889592401953,6.320000000000007,5.20593080724877,8.69325621999127,0.4025230653360949,0.09747693466390511,91.10010505778179,10,1,Tuesday
2025-10-22,GAZPF,121.57,122.48,117.72,119.37,120.42145031920118,43835,6109,319999.3953183827,324304,22300,21535,3433,2676,Equity (Gazprom),-1.6721581548599707,1.6721581548599707,4.760000000000005,3.9876015749350797,7.175478801767883,0.5087259039580244,0.008725903958024417,89.57676722197209,10,2,Wednesday
2025-10-23,GAZPF,117.44,119.02,116.5,118.05,117.40912678257472,37390,5119,318639.3748779058,322506,16950,20440,2538,2581,Equity (Gazprom),-1.1058054787635108,1.1058054787635108,2.519999999999996,2.134688691232525,7.304160968939246,0.45332976731746455,0.04667023268253545,88.58622242233228,10,3,Thursday
2025-10-24,GAZPF,118.08,119.24,115.96,117.23,117.42580042563253,38203,4229,321435.78434618114,324598,18275,19928,2070,2159,Equity (Gazprom),-0.6946209233375633,0.6946209233375633,3.280000000000001,2.7979186215132654,9.033577677938046,0.4783655733842892,0.0216344266157108,87.97088398619242,10,4,Friday
2025-10-27,GAZPF,116.94,117.07,114.68,115.42,115.92738638985006,37550,4335,315097.45697808533,320834,15435,22115,2046,2289,Equity (Gazprom),-1.543973385652142,1.543973385652142,2.3899999999999864,2.070698319182106,8.662053056516724,0.411051930758988,0.088948069241012,86.61263695032268,10,0,Monday
2025-10-28,GAZPF,115.79,117.71,115.7,116.64,116.62342782834851,29641,3845,313297.00494148245,315552,15009,14632,2127,1718,Equity (Gazprom),1.057009183850277,1.057009183850277,2.009999999999991,1.7232510288065765,7.708972691807542,0.506359434566985,0.006359434566984956,87.52814047726251,10,1,Tuesday
2025-10-29,GAZPF,116.7,117.56,116.01,116.56,116.67037680088657,23749,2707,314168.24528998893,316468,11768,11981,1543,1164,Equity (Gazprom),-0.0685871056241405,0.0685871056241405,1.5499999999999972,1.3297872340425507,8.773180642777984,0.4955156006568698,0.004484399343130219,87.46810745910251,10,2,Wednesday
2025-10-30,GAZPF,116.26,118.39,116.17,117.45,117.32993174924167,27799,3956,318834.9084934277,322144,15078,12721,2334,1622,Equity (Gazprom),0.7635552505147469,0.7635552505147469,2.219999999999999,1.8901660280970616,7.0270475227502525,0.5423936112809813,0.04239361128098129,88.13597478613238,10,3,Thursday
2025-10-31,GAZPF,117.55,117.72,115.74,116.48,116.5352002563281,23090,3121,320507.751361743,323300,10065,13025,1424,1697,Equity (Gazprom),-0.8258833546189837,0.8258833546189837,1.980000000000004,1.6998626373626406,7.398269785325216,0.43590298830662627,0.06409701169337373,87.40807444094253,10,4,Friday
2025-11-01,GAZPF,116.37,116.76,116.05,116.35,116.47304560260586,7356,1228,322403.0293159609,323214,4243,3113,742,486,Equity (Gazprom),-0.11160714285715079,0.11160714285715079,0.710000000000008,0.6102277610657567,5.990228013029316,0.5768080478520935,0.0768080478520935,87.31052078643255,11,5,Saturday
2025-11-03,GAZPF,116.59,118.23,116.59,117.69,117.60183850931678,17485,2415,321371.2182194617,322684,10696,6789,1422,993,Equity (Gazprom),1.1516974645466194,1.1516974645466194,1.6400000000000006,1.393491375647889,7.24016563146998,0.6117243351444095,0.11172433514440949,88.31607384061235,11,0,Monday
2025-11-05,GAZPF,117.47,117.67,116.27,116.83,116.96224665924277,31109,3592,322950.4521158129,325280,16411,14698,1856,1736,Equity (Gazprom),-0.7307332823519364,0.7307332823519364,1.4000000000000057,1.1983223487118084,8.660634743875278,0.5275322254010093,0.027532225401009303,87.67071889539247,11,2,Wednesday
2025-11-06,GAZPF,116.98,117.69,116.41,117.39,116.93433192686356,21419,2844,326074.1652601969,328136,11572,9847,1620,1224,Equity (Gazprom),0.47932893948472444,0.47932893948472444,1.2800000000000011,1.0903824857313238,7.531293952180028,0.540267986367244,0.040267986367244046,88.09095002251239,11,3,Thursday
2025-11-07,GAZPF,117.67,121.49,117.14,120.69,120.06356750152719,61046,8185,319559.622724496,327364,35786,25260,5268,2917,Equity (Gazprom),2.811142346026063,2.811142346026063,4.349999999999994,3.6042754163559487,7.458277336591325,0.5862136749336566,0.08621367493365661,90.56731202161188,11,4,Friday
2025-11-08,GAZPF,120.69,121.3,120.4,120.79,120.83129230769231,3556,325,313463.5630769231,314286,1366,2190,158,167,Equity (Gazprom),0.0828569061231299,0.0828569061231299,0.8999999999999915,0.7450947926152757,10.941538461538462,0.3841394825646794,0.11586051743532061,90.64235329431189,11,5,Saturday
2025-11-09,GAZPF,120.51,121.27,120.49,121.27,120.84950704225353,1880,284,313650.5633802817,313908,1008,872,163,121,Equity (Gazprom),0.39738388939480895,0.39738388939480895,0.7800000000000011,0.6431928754019965,6.619718309859155,0.5361702127659574,0.036170212765957444,91.00255140327181,11,6,Sunday
2025-11-10,GAZPF,121.45,122.9,119.46,119.8,121.22140439637124,38536,5732,313578.0484996511,315314,18020,20516,2797,2935,Equity (Gazprom),-1.2121711882576047,1.2121711882576047,3.440000000000012,2.871452420701179,6.722958827634334,0.4676146979447789,0.03238530205522111,89.89944469458202,11,0,Monday
2025-11-11,GAZPF,119.85,122.0,119.05,121.71,120.5804902988988,28797,3814,316133.0466701626,317794,15882,12915,2187,1627,Equity (Gazprom),1.5943238731218612,1.5943238731218612,2.950000000000003,2.4237942650562836,7.550340849501835,0.5515157828940515,0.051515782894051454,91.33273300315173,11,1,Tuesday
2025-11-12,GAZPF,121.53,121.7,118.48,119.4,120.10969704314105,31716,4126,315980.8036839554,321694,13418,18298,1881,2245,Equity (Gazprom),-1.897954153315251,1.897954153315251,3.219999999999999,2.6968174204355098,7.686863790596219,0.4230672215916257,0.07693277840837431,89.5992796037821,11,2,Wednesday
2025-11-13,GAZPF,119.64,120.27,118.85,119.32,119.51370590071808,18638,3203,320467.1326881049,322406,9301,9337,1805,1398,Equity (Gazprom),-0.06700167504188892,0.06700167504188892,1.4200000000000017,1.1900771035869946,5.818919762722448,0.49903423114068035,0.000965768859319649,89.5392465856221,11,3,Thursday
2025-11-14,GAZPF,119.53,120.06,117.85,118.33,118.69593447505585,25566,4029,321354.97542814596,328158,11606,13960,1959,2070,Equity (Gazprom),-0.8297016426416337,0.8297016426416337,2.210000000000008,1.8676582438942009,6.345495160089352,0.45396229367128216,0.04603770632871784,88.79633798589225,11,4,Friday
2025-11-15,GAZPF,118.43,118.6,117.99,118.41,118.39810810810812,1179,222,327707.9369369369,327948,595,584,114,108,Equity (Gazprom),0.06760753824051058,0.06760753824051058,0.6099999999999994,0.5151591926357567,5.3108108108108105,0.5046649703138253,0.00466497031382529,88.85637100405224,11,5,Saturday
2025-11-16,GAZPF,118.22,118.39,117.9,118.16,118.15048387096775,923,186,327471.9247311828,327648,342,581,94,92,Equity (Gazprom),-0.2111308166540038,0.2111308166540038,0.4899999999999949,0.41469194312795776,4.962365591397849,0.3705308775731311,0.12946912242686892,88.66876782230227,11,6,Sunday
2025-11-17,GAZPF,118.1,119.8,117.2,118.41,118.63847299399866,34369,4499,329260.9202044899,331714,20261,14108,2687,1812,Equity (Gazprom),0.21157752200406943,0.21157752200406943,2.5999999999999943,2.195760493201583,7.639253167370526,0.5895138060461462,0.08951380604614623,88.85637100405224,11,0,Monday
2025-11-18,GAZPF,118.47,122.63,118.0,121.35,121.34950977801267,59365,7568,320196.5219344609,326754,31959,27406,4227,3341,Equity (Gazprom),2.4828984038510304,2.4828984038510304,4.6299999999999955,3.8154099711578042,7.844212473572939,0.5383475111597743,0.038347511159774306,91.0625844214318,11,1,Tuesday
2025-11-19,GAZPF,122.05,127.04,121.62,124.09,124.60373226867074,99017,10645,309918.91817754816,315748,52429,46588,5692,4953,Equity (Gazprom),2.2579316028018104,2.2579316028018104,5.420000000000002,4.367797566282538,9.301737905119774,0.5294949352131452,0.029494935213145168,93.11871529341138,11,2,Wednesday
2025-11-20,GAZPF,124.71,129.45,122.78,128.24,125.45744900324523,88310,8628,304505.53963838663,310676,41936,46374,4204,4424,Equity (Gazprom),3.3443468450318425,3.3443468450318425,6.6699999999999875,5.201185277604481,10.235280482151136,0.47487260785867963,0.02512739214132037,96.23292811046078,11,3,Thursday
2025-11-21,GAZPF,127.0,128.99,125.42,127.34,127.02770686337396,56538,6236,308098.20012828737,310448,27753,28785,3178,3058,Equity (Gazprom),-0.7018091079226463,0.7018091079226463,3.5700000000000074,2.8035181404115024,9.066388710711994,0.4908733948848562,0.009126605115143793,95.5575566561609,11,4,Friday
2025-11-24,GAZPF,128.87,129.3,124.65,126.01,126.69501034584687,60707,6766,312409.9807862844,317676,26578,34129,3024,3742,Equity (Gazprom),-1.0444479346631064,1.0444479346631064,4.650000000000006,3.6901833187842277,8.972361809045227,0.4378078310573739,0.06219216894262608,94.5595077292511,11,0,Monday
2025-11-25,GAZPF,126.53,130.0,125.26,127.76,127.28881296845042,53019,5737,312783.5032246819,321028,26320,26699,3004,2733,Equity (Gazprom),1.388778668359647,1.388778668359647,4.739999999999995,3.710081402629927,9.241589681017954,0.4964258096154209,0.0035741903845791234,95.87273000150084,11,1,Tuesday
2025-11-26,GAZPF,127.5,127.67,126.49,126.96,126.99770381090207,14798,2073,319726.4650265316,321596,6541,8257,1063,1010,Equity (Gazprom),-0.6261740763932488,0.6261740763932488,1.1800000000000068,0.9294265910523054,7.138446695610226,0.44201919178267335,0.05798080821732665,95.27239981990094,11,2,Wednesday
2025-11-27,GAZPF,127.01,127.55,123.25,124.45,125.34625743415464,39020,4708,319439.15590484283,321998,19421,19599,2251,2457,Equity (Gazprom),-1.9770006301197185,1.9770006301197185,4.299999999999997,3.4552028927280007,8.28802039082413,0.4977191184008201,0.0022808815991798848,93.38886387513134,11,3,Thursday
2025-11-28,GAZPF,124.12,128.5,124.05,127.94,126.19996548550392,35317,4346,318384.1624482283,322036,21548,13769,2639,1707,Equity (Gazprom),2.804339092004815,2.804339092004815,4.450000000000003,3.4781929029232472,8.126323055683388,0.6101310983379109,0.1101310983379109,96.0078042923608,11,4,Friday
2025-11-29,GAZPF,127.97,128.03,127.15,127.46,127.53909385113269,2339,309,316186.3236245955,316584,1246,1093,168,141,Equity (Gazprom),-0.3751758636861058,0.3751758636861058,0.8799999999999955,0.6904126784873651,7.56957928802589,0.5327062847370672,0.03270628473706716,95.64760618340087,11,5,Saturday
2025-11-30,GAZPF,127.81,128.95,127.57,128.88,128.53211155378486,3832,502,316808.90836653387,317422,2061,1771,291,211,Equity (Gazprom),1.1140750039227987,1.1140750039227987,1.3799999999999955,1.0707635009310952,7.633466135458168,0.537839248434238,0.037839248434238026,96.71319225574067,11,6,Sunday
2025-12-01,GAZPF,128.38,129.33,127.53,128.04,128.3958761840325,18978,2956,317330.72733423545,318894,9426,9552,1589,1367,Equity (Gazprom),-0.6517690875232796,0.6517690875232796,1.8000000000000114,1.4058106841612086,6.420162381596753,0.4966803667404363,0.0033196332595636924,96.08284556506078,12,0,Monday
2025-12-02,GAZPF,127.91,129.0,126.3,127.48,127.84501645228836,24324,3343,314531.98683816934,316296,12122,12202,1685,1658,Equity (Gazprom),-0.43736332396124844,0.43736332396124844,2.700000000000003,2.117979290869158,7.276099311995214,0.49835553362933727,0.0016444663706627338,95.66261443794087,12,1,Tuesday
2025-12-03,GAZPF,125.5,127.62,123.82,125.08,124.80878877065882,38957,4417,325292.9649083088,331984,22444,16513,2314,2103,Equity (Gazprom),-1.8826482585503679,1.8826482585503679,3.8000000000000114,3.038055644387601,8.819787185872764,0.5761223913545704,0.07612239135457044,93.86162389314123,12,2,Wednesday
2025-12-04,GAZPF,125.65,126.54,125.42,125.61,126.01862649294246,15088,1842,326026.55157437566,330314,7438,7650,946,896,Equity (Gazprom),0.4237288135593209,0.4237288135593209,1.1200000000000045,0.8916487540800927,8.191096634093377,0.4929745493107105,0.007025450689289503,94.25934263845114,12,3,Thursday
2025-12-05,GAZPF,125.64,128.96,125.4,128.72,127.72819831667543,28463,3802,315253.8474487112,323586,16581,11882,2326,1476,Equity (Gazprom),2.4759175224902563,2.4759175224902563,3.5600000000000023,2.765692977004352,7.486322987901104,0.5825457611636159,0.0825457611636159,96.59312621942068,12,4,Friday
2025-12-08,GAZPF,129.5,130.92,127.03,127.36,129.1471794871795,46940,4680,304183.9311965812,310310,22168,24772,2231,2449,Equity (Gazprom),-1.0565568676196402,1.0565568676196402,3.8899999999999864,3.054334170854261,10.02991452991453,0.47226246271836386,0.027737537281636138,95.57256491070089,12,0,Monday
2025-12-09,GAZPF,127.37,130.21,126.93,129.49,128.29630576104012,40221,4461,308764.96390943736,312044,24852,15369,2572,1889,Equity (Gazprom),1.672424623115587,1.672424623115587,3.280000000000001,2.5330141323654343,9.016139878950908,0.6178861788617886,0.11788617886178865,97.17094401921058,12,1,Tuesday
2025-12-10,GAZPF,129.35,129.35,128.28,128.5,128.69171404327534,19770,2357,314532.2783198982,318796,8584,11186,1155,1202,Equity (Gazprom),-0.7645378021468918,0.7645378021468918,1.0699999999999932,0.8326848249027183,8.387781077641069,0.4341932220536166,0.0658067779463834,96.42803541948072,12,2,Wednesday
2025-12-11,GAZPF,128.76,132.6,128.76,130.51,130.28776382380505,40785,5335,312558.7542642924,317380,24602,16183,3029,2306,Equity (Gazprom),1.564202334630349,1.564202334630349,3.8400000000000034,2.942303271779943,7.644798500468603,0.6032119651832781,0.10321196518327813,97.93636500075041,12,3,Thursday
2025-12-12,GAZPF,130.62,131.09,127.26,127.6,128.94818890274314,23978,3208,312611.2369077307,315932,9627,14351,1368,1840,Equity (Gazprom),-2.229714198145738,2.229714198145738,3.8299999999999983,3.0015673981191213,7.474438902743142,0.40149303528234215,0.09850696471765785,95.75266396518086,12,4,Friday
2025-12-13,GAZPF,127.86,128.67,127.63,128.34,128.27954397394137,1797,307,310484.8469055375,310792,1090,707,165,142,Equity (Gazprom),0.5799373040752398,0.5799373040752398,1.039999999999992,0.8103475144148293,5.85342019543974,0.6065664997217585,0.10656649972175847,96.30796938316075,12,5,Saturday
2025-12-14,GAZPF,128.17,128.17,127.39,127.87,127.69319474835886,2883,457,309945.7855579869,310434,1275,1608,180,277,Equity (Gazprom),-0.36621474209131977,0.36621474209131977,0.7799999999999869,0.6099945256901438,6.308533916849015,0.4422476586888658,0.057752341311134214,95.95527540147081,12,6,Sunday
2025-12-15,GAZPF,128.4,129.7,127.82,129.17,128.6466108171664,17557,3402,313611.26161081716,315946,9745,7812,2035,1367,Equity (Gazprom),1.0166575428169011,1.0166575428169011,1.8799999999999955,1.4554463110629368,5.160787771898883,0.5550492680981944,0.05504926809819444,96.93081194657061,12,0,Monday
2025-12-16,GAZPF,129.2,131.35,128.87,130.58,130.38667834051722,31073,3712,316425.6309267241,322616,15668,15405,1989,1723,Equity (Gazprom),1.091584733297224,1.091584733297224,2.4799999999999898,1.8992188696584387,8.370959051724139,0.5042319698773855,0.0042319698773855,97.98889389164042,12,1,Tuesday
2025-12-17,GAZPF,130.99,131.12,128.1,129.43,129.31815021613832,45445,5552,311803.980907781,321436,19272,26173,2511,3041,Equity (Gazprom),-0.8806861693980705,0.8806861693980705,3.0200000000000102,2.333307579386549,8.185338616714697,0.42407305534162176,0.07592694465837824,97.12591925559059,12,2,Wednesday
2025-12-18,GAZPF,129.42,129.84,128.22,128.98,129.0724858757062,24981,3540,313819.4491525424,316238,11702,13279,1657,1883,Equity (Gazprom),-0.3476782816966839,0.3476782816966839,1.6200000000000045,1.256008683516828,7.056779661016949,0.46843601136864016,0.03156398863135984,96.78823352844064,12,3,Thursday
2025-12-19,GAZPF,129.4,131.17,126.36,127.68,128.58919256920836,63393,8236,329688.0866925692,337684,27518,35875,3784,4452,Equity (Gazprom),-1.0079082028221276,1.0079082028221276,4.809999999999988,3.767230576441093,7.697061680427392,0.43408578234189893,0.06591421765810107,95.81269698334086,12,4,Friday
2025-12-20,GAZPF,127.74,127.96,127.5,127.8,127.75140794223826,1294,277,326867.0397111913,327028,607,687,115,162,Equity (Gazprom),0.09398496240600185,0.09398496240600185,0.45999999999999375,0.3599374021909184,4.671480144404332,0.46908809891808345,0.03091190108191655,95.90274651058083,12,5,Saturday
2025-12-21,GAZPF,127.79,127.8,127.31,127.52,127.59334645669291,1620,254,326798.17322834645,327044,860,760,94,160,Equity (Gazprom),-0.21909233176838905,0.21909233176838905,0.4899999999999949,0.3842534504391428,6.377952755905512,0.5308641975308642,0.030864197530864224,95.69263094702086,12,6,Sunday
2025-12-22,GAZPF,127.6,127.6,123.83,124.58,125.64948655256723,43698,5317,321057.467368817,326712,15646,28052,2148,3169,Equity (Gazprom),-2.305520702634878,2.305520702634878,3.769999999999996,3.026167924225394,8.218544291893926,0.3580484232687995,0.1419515767312005,93.4864175296413,12,0,Monday
2025-12-23,GAZPF,125.0,125.91,123.58,125.33,124.81000682283374,24881,4397,309179.30498066865,311948,12757,12124,2279,2118,Equity (Gazprom),0.6020227965965574,0.6020227965965574,2.3299999999999983,1.8590919971275817,5.65863088469411,0.5127205498171296,0.012720549817129556,94.04922707489119,12,1,Tuesday
2025-12-24,GAZPF,125.56,125.76,124.55,125.34,125.12267997148966,20951,2806,313850.21454027086,318288,9249,11702,1255,1551,Equity (Gazprom),0.007978935609997961,0.007978935609997961,1.210000000000008,0.965374182224356,7.466500356379187,0.44145864159228676,0.05854135840771324,94.05673120216119,12,2,Wednesday
2025-12-25,GAZPF,125.29,125.29,124.25,124.49,124.67780840488025,14259,2213,316215.6502485314,318040,4217,10042,820,1393,Equity (Gazprom),-0.6781554172650472,0.6781554172650472,1.0400000000000063,0.8354084665435026,6.443289652056032,0.2957430394838348,0.2042569605161652,93.41888038421132,12,3,Thursday
2025-12-26,GAZPF,124.55,127.5,124.43,127.48,126.36518718718719,32716,4995,315281.25725725724,317556,21947,10769,3102,1893,Equity (Gazprom),2.4017993413125716,2.4017993413125716,3.069999999999993,2.4082208973956645,6.54974974974975,0.6708338427680646,0.17083384276806457,95.66261443794087,12,4,Friday
2025-12-27,GAZPF,127.5,128.35,127.48,127.98,127.8676728110599,3419,434,312796.29032258067,314444,1878,1541,240,194,Equity (Gazprom),0.3922183871979845,0.3922183871979845,0.8699999999999903,0.6797937177683937,7.877880184331797,0.5492834162035682,0.04928341620356824,96.0378208014408,12,5,Saturday
2025-12-28,GAZPF,127.81,128.24,127.11,128.0,127.70092024539878,2337,326,311709.5705521472,312690,1178,1159,183,143,Equity (Gazprom),0.015627441787779972,0.015627441787779972,1.1300000000000097,0.8828125000000075,7.168711656441718,0.5040650406504065,0.004065040650406471,96.0528290559808,12,6,Sunday
2025-12-29,GAZPF,127.8,129.84,125.0,125.78,127.37031674208146,33469,6188,310757.9589528119,312168,15353,18116,2921,3267,Equity (Gazprom),-1.7343749999999991,1.7343749999999991,4.840000000000003,3.847988551439023,5.408694246929541,0.45872299740057965,0.041277002599420354,94.38691280204114,12,0,Monday
2025-12-30,GAZPF,125.79,126.3,125.06,125.74,125.71892632358386,16067,2701,309486.0947797112,311428,10484,5583,1601,1100,Equity (Gazprom),-0.031801558276356445,0.031801558276356445,1.2399999999999949,0.9861619214251591,5.948537578674565,0.6525175826227672,0.15251758262276716,94.35689629296114,12,1,Tuesday
2024-12-30,GLDRUBF,8545.5,8590.0,8530.5,8580.1,8561.52058993638,20994,1729,1209190.951995373,1211918,11974,9020,955,774,Metal (Gold/RUB),,,59.5,0.6934651111292408,12.142278773857722,0.5703534343145661,0.07035343431456609,100.0,12,0,Monday
2025-01-03,GLDRUBF,8686.0,8819.9,8650.2,8742.0,8751.165113847583,217616,17216,1214667.8618726765,1224032,117449,100167,9614,7602,Metal (Gold/RUB),1.886924394820566,1.886924394820566,169.6999999999989,1.9412033859528586,12.640334572490707,0.5397075582677744,0.03970755826777439,101.88692439482057,1,4,Friday
2025-01-06,GLDRUBF,8723.9,8739.9,8551.1,8643.5,8620.909272330271,240213,19693,1222764.2559285024,1240888,114401,125812,9611,10082,Metal (Gold/RUB),-1.1267444520704606,1.1267444520704606,188.79999999999927,2.18430034129692,12.197887574264968,0.4762481630885922,0.02375183691140781,100.7389191268167,1,0,Monday
2025-01-08,GLDRUBF,8673.0,8707.7,8610.8,8676.3,8655.723311125439,176549,13959,1248340.0147575042,1256572,91233,85316,7433,6526,Metal (Gold/RUB),0.37947590675073695,0.37947590675073695,96.90000000000146,1.1168355174440887,12.64768249874633,0.516757387467502,0.016757387467501994,101.12119905362407,1,2,Wednesday
2025-01-09,GLDRUBF,8676.3,8785.5,8676.3,8758.4,8745.287638760406,231690,17296,1247822.881012951,1262140,120701,110989,9362,7934,Metal (Gold/RUB),0.9462558924887343,0.9462558924887343,109.20000000000073,1.2468030690537169,13.395582793709528,0.5209590400966809,0.020959040096680925,102.07806435822427,1,3,Thursday
2025-01-10,GLDRUBF,8763.2,8930.8,8763.2,8900.0,8846.989617101244,287701,21285,1251306.2817007282,1263498,141541,146160,11834,9451,Metal (Gold/RUB),1.6167336499817386,1.6167336499817386,167.59999999999854,1.883146067415714,13.516607939863754,0.49197256874324385,0.008027431256756146,103.72839477395368,1,4,Friday
2025-01-13,GLDRUBF,8910.0,8941.9,8813.8,8840.8,8874.600683284136,248825,18294,1252149.1866185635,1271916,109721,139104,8774,9520,Metal (Gold/RUB),-0.6651685393258555,0.6651685393258555,128.10000000000036,1.44896389467017,13.601454028643271,0.44095649552898625,0.05904350447101375,103.03842612556961,1,0,Monday
2025-01-14,GLDRUBF,8847.0,8908.3,8814.1,8879.4,8864.730646583894,247351,14739,1249435.6982156185,1258482,123161,124190,7661,7078,Metal (Gold/RUB),0.4366120713057642,0.4366120713057642,94.19999999999891,1.0608824920602622,16.782074767623314,0.49791995989504795,0.0020800401049520523,103.48830433211734,1,1,Tuesday
2025-01-15,GLDRUBF,8890.0,8956.5,8870.1,8942.2,8925.27969641773,212027,16470,1263882.2703096538,1273828,119867,92160,9075,7395,Metal (Gold/RUB),0.7072549947068518,0.7072549947068518,86.39999999999964,0.9662051844065177,12.873527625986643,0.5653383767161729,0.06533837671617293,104.22023053344367,1,2,Wednesday
2025-01-16,GLDRUBF,8940.0,9020.2,8934.2,9003.1,8982.373816135632,167617,13684,1272291.5420929552,1283214,94810,72807,7897,5787,Metal (Gold/RUB),0.6810404598420972,0.6810404598420972,86.0,0.9552265330830491,12.249123063431744,0.5656347506517835,0.06563475065178348,104.93001247071712,1,3,Thursday
2025-01-17,GLDRUBF,9008.3,9022.7,8934.8,8944.7,8973.910281050485,218987,15193,1266187.9399723557,1283242,95755,123232,6891,8302,Metal (Gold/RUB),-0.6486654596750019,0.6486654596750019,87.90000000000146,0.9827048419734754,14.413677351411835,0.43726339919721263,0.06273660080278737,104.24936772298692,1,4,Friday
2025-01-20,GLDRUBF,8952.7,8987.5,8886.9,8915.0,8923.634558967338,221484,15339,1234535.9556685572,1268712,101380,120104,7405,7934,Metal (Gold/RUB),-0.33204020257806555,0.33204020257806555,100.60000000000036,1.12843522153674,14.43927244279288,0.45773058099004893,0.04226941900995107,103.90321791121315,1,0,Monday
2025-01-21,GLDRUBF,8940.1,8980.5,8830.1,8875.0,8892.781079158622,288463,19682,1218174.5118382277,1232596,143071,145392,10127,9555,Metal (Gold/RUB),-0.44868199663488095,0.44868199663488095,150.39999999999964,1.6946478873239395,14.65618331470379,0.4959769537167678,0.00402304628323219,103.43702287852123,1,1,Tuesday
2025-01-22,GLDRUBF,8870.0,8899.7,8818.2,8876.0,8863.164817550598,177024,13538,1223512.0684000591,1233400,83860,93164,6925,6613,Metal (Gold/RUB),0.01126760563381346,0.01126760563381346,81.5,0.9182063992789544,13.076082139163836,0.4737210773680405,0.026278922631959523,103.44867775433852,1,2,Wednesday
2025-01-23,GLDRUBF,8876.0,8911.0,8830.0,8897.7,8874.255927296124,173484,12434,1213687.3083480778,1222024,92343,81141,6938,5496,Metal (Gold/RUB),0.24447949526815727,0.24447949526815727,81.0,0.9103476179237331,13.952388611870678,0.5322853980770561,0.032285398077056104,103.70158855957389,1,3,Thursday
2025-01-24,GLDRUBF,8930.0,8950.8,8826.0,8863.8,8877.423531800829,171482,12311,1229418.0245309074,1238316,79196,92286,6126,6185,Metal (Gold/RUB),-0.38099733639032074,0.38099733639032074,124.79999999999927,1.4079740066337156,13.929169035821623,0.46183272879952414,0.03816727120047586,103.30648826936748,1,4,Friday
2025-01-27,GLDRUBF,8849.3,8863.8,8709.2,8745.0,8755.078242204085,334447,21197,1279873.796008869,1316472,150619,183828,9788,11409,Metal (Gold/RUB),-1.3402829486224843,1.3402829486224843,154.59999999999854,1.7678673527729967,15.778034627541633,0.4503523727227334,0.049647627277266626,101.92188902227247,1,0,Monday
2025-01-28,GLDRUBF,8745.0,8814.4,8663.2,8731.3,8727.075303574484,259593,17541,1337402.4205005416,1360356,135435,124158,8866,8675,Metal (Gold/RUB),-0.15666094911378492,0.15666094911378492,151.1999999999989,1.7317008921924448,14.799213271763298,0.5217205394598468,0.021720539459846755,101.76221722357548,1,1,Tuesday
2025-01-29,GLDRUBF,8726.5,8746.9,8667.0,8691.0,8702.555879858657,168225,14150,1346007.0746289752,1354088,80886,87339,7006,7144,Metal (Gold/RUB),-0.4615578436200751,0.4615578436200751,79.89999999999964,0.9193418478886162,11.8886925795053,0.480820329915292,0.019179670084708,101.29252572813836,1,2,Wednesday
2025-01-30,GLDRUBF,8695.0,8787.5,8691.4,8772.2,8747.060548089901,247599,17041,1340993.0940672497,1368696,124107,123492,9220,7821,Metal (Gold/RUB),0.9342998504199729,0.9342998504199729,96.10000000000036,1.0955062584072452,14.529605070124992,0.5012419274714357,0.0012419274714356998,102.23890164450297,1,3,Thursday
2025-01-31,GLDRUBF,8750.0,8888.9,8750.0,8836.2,8819.13997031274,239795,19537,1304062.5032502431,1314350,124124,115671,11048,8489,Metal (Gold/RUB),0.7295775290121043,0.7295775290121043,138.89999999999964,1.5719426902967297,12.273890566617188,0.5176254717571259,0.01762547175712592,102.98481369681008,1,4,Friday
2025-02-03,GLDRUBF,8809.3,8935.8,8809.3,8891.8,8892.345652912209,272980,23556,1323429.5792154865,1342736,133831,139149,11991,11565,Metal (Gold/RUB),0.6292297593988305,0.6292297593988305,126.5,1.4226590791515779,11.588554932925794,0.49025935966004835,0.009740640339951645,103.63282479225182,2,0,Monday
2025-02-04,GLDRUBF,8892.0,8938.3,8840.4,8924.2,8880.915742128936,235907,15341,1342378.9326641026,1358132,126149,109758,8421,6920,Metal (Gold/RUB),0.3643806653321091,0.3643806653321091,97.89999999999964,1.0970170995719464,15.377550355257155,0.5347403849822175,0.03474038498221754,104.0104427687323,2,1,Tuesday
2025-02-05,GLDRUBF,8949.3,8990.2,8800.0,8822.2,8901.536975285873,368129,27110,1296727.3026927332,1351390,167037,201092,12484,14626,Metal (Gold/RUB),-1.1429595930167458,1.1429595930167458,190.20000000000073,2.1559248260071264,13.57908520841018,0.45374583366156973,0.04625416633843027,102.8216454353679,2,2,Wednesday
2025-02-06,GLDRUBF,8824.5,8941.0,8753.9,8923.6,8855.441130109539,269644,22458,1303002.115326387,1324556,146083,123561,13234,9224,Metal (Gold/RUB),1.1493731722246103,1.1493731722246103,187.10000000000036,2.096687435564126,12.00659007925906,0.5417624720001186,0.04176247200011862,104.00344984324192,2,3,Thursday
2025-02-07,GLDRUBF,8933.2,9023.0,8893.0,8965.0,8959.415916631222,316666,23510,1282601.4109740537,1295520,167692,148974,13134,10376,Metal (Gold/RUB),0.4639383208570491,0.4639383208570491,130.0,1.4500836586726158,13.46941726924713,0.5295547990627348,0.029554799062734838,104.48596170207807,2,4,Friday
2025-02-10,GLDRUBF,8979.2,9040.3,8976.0,9012.1,9010.310951111112,205094,16875,1270895.8609777777,1282108,103594,101500,9126,7749,Metal (Gold/RUB),0.5253764640267722,0.5253764640267722,64.29999999999927,0.7134852032267648,12.153718518518518,0.5051049762547904,0.00510497625479045,105.0349063530728,2,0,Monday
2025-02-11,GLDRUBF,9030.0,9060.0,8870.0,8895.3,8935.942581589958,273805,23900,1276911.769874477,1287226,121750,152055,10928,12972,Metal (Gold/RUB),-1.296035330278189,1.296035330278189,190.0,2.135959439254438,11.456276150627614,0.4446595204616424,0.05534047953835758,103.67361685761236,2,1,Tuesday
2025-02-12,GLDRUBF,8877.8,8896.0,8421.4,8498.8,8679.372214557465,679951,47838,1303090.0895940466,1352192,294659,385292,22067,25771,Metal (Gold/RUB),-4.4574100929704485,4.4574100929704485,474.60000000000036,5.584317786040387,14.213616789999582,0.43335328575147325,0.06664671424852675,99.05245859605365,2,2,Wednesday
2025-02-13,GLDRUBF,8550.0,8702.4,8497.5,8600.0,8607.861735933504,420765,31280,1347401.7552429668,1370712,213920,206845,16869,14411,Metal (Gold/RUB),1.1907563420718414,1.1907563420718414,204.89999999999964,2.382558139534879,13.451566496163682,0.5084073057407341,0.008407305740734117,100.23193202876423,2,3,Thursday
2025-02-14,GLDRUBF,8598.0,8772.5,8550.0,8638.0,8667.473466740783,537286,32382,1319233.7634488295,1368010,270021,267265,16706,15676,Metal (Gold/RUB),0.44186046511627275,0.44186046511627275,222.5,2.575827737902292,16.592119078500403,0.5025647420554417,0.00256474205544166,100.67481730982155,2,4,Friday
2025-02-17,GLDRUBF,8653.4,8693.6,8484.9,8525.0,8592.505290017425,408320,24102,1370189.2026387851,1416652,184890,223430,11542,12560,Metal (Gold/RUB),-1.3081731882380154,1.3081731882380154,208.70000000000073,2.4480938416422373,16.94133266948801,0.4528066222570533,0.047193377742946685,99.35781634246686,2,0,Monday
2025-02-18,GLDRUBF,8545.1,8667.3,8545.1,8640.0,8603.151352413019,290717,17820,1398694.0274971942,1412058,159679,131038,9831,7989,Metal (Gold/RUB),1.3489736070381175,1.3489736070381175,122.19999999999891,1.4143518518518392,16.314085297418632,0.5492592452453761,0.04925924524537606,100.69812706145615,2,1,Tuesday
2025-02-19,GLDRUBF,8626.0,8665.0,8471.0,8535.0,8591.137313597095,251523,18173,1389822.2378253452,1401754,116687,134836,8632,9541,Metal (Gold/RUB),-1.215277777777779,1.215277777777779,194.0,2.2729935559461043,13.840477631651352,0.4639217884646732,0.03607821153532681,99.47436510063984,2,2,Wednesday
2025-02-20,GLDRUBF,8557.8,8614.9,8330.2,8367.0,8462.257154563147,368136,29289,1347329.8150841612,1365634,173703,194433,14120,15169,Metal (Gold/RUB),-1.9683655536028133,1.9683655536028133,284.6999999999989,3.4026532807457737,12.56908737068524,0.47184464437055873,0.02815535562944127,97.51634596333376,2,3,Thursday
2025-02-21,GLDRUBF,8352.0,8462.4,8254.4,8378.7,8368.756294405313,523353,32513,1304349.6459262448,1334936,260993,262360,16620,15893,Metal (Gold/RUB),0.13983506633201692,0.13983506633201692,208.0,2.4824853497559287,16.09673053855381,0.4986939981236374,0.0013060018763625947,97.65270801039615,2,4,Friday
2025-02-24,GLDRUBF,8394.7,8440.0,8255.0,8283.2,8358.111722992138,371607,24678,1337082.362265986,1364554,171771,199836,11559,13119,Metal (Gold/RUB),-1.1397949562581333,1.1397949562581333,185.0,2.233436353100251,15.058230002431316,0.4622383324318433,0.03776166756815669,96.53966736984417,2,0,Monday
2025-02-25,GLDRUBF,8278.5,8291.6,8034.4,8100.5,8172.884308751585,450776,27595,1347065.1639789818,1384116,184001,266775,13003,14592,Metal (Gold/RUB),-2.205669306548208,2.205669306548208,257.2000000000007,3.1751126473674556,16.33542308389201,0.40818721493602145,0.09181278506397855,94.4103215580238,2,1,Tuesday
2025-02-26,GLDRUBF,8110.0,8312.8,8024.0,8304.4,8163.656036771705,528382,39922,1334037.493362056,1352074,265763,262619,20516,19406,Metal (Gold/RUB),2.5171285723103454,2.5171285723103454,288.7999999999993,3.47767448581474,13.235358949952408,0.5029751202728329,0.002975120272832865,96.78675073717089,2,2,Wednesday
2025-02-27,GLDRUBF,8260.0,8324.2,8123.5,8294.8,8218.461183740024,499361,34957,1349506.7278656636,1400924,264953,234408,18467,16490,Metal (Gold/RUB),-0.11560136794952491,0.11560136794952491,200.70000000000073,2.419588175724559,14.285007294676317,0.5305840864624991,0.030584086462499105,96.67486392932481,2,3,Thursday
2025-02-28,GLDRUBF,8274.0,8274.0,8112.9,8136.0,8194.724016647902,385128,29313,1389549.9317708865,1412776,175555,209573,13918,15395,Metal (Gold/RUB),-1.9144524280271913,1.9144524280271913,161.10000000000036,1.9800884955752256,13.138470985569542,0.4558354624955859,0.044164537504414125,94.82406964953788,2,4,Friday
2025-03-03,GLDRUBF,8156.2,8356.5,8150.2,8305.0,8286.66886057025,387247,28093,1353796.743032072,1399182,183315,203932,15078,13015,Metal (Gold/RUB),2.077187807276304,2.077187807276304,206.30000000000018,2.4840457555689364,13.784465881180365,0.47338003909649395,0.026619960903506046,96.79374366266127,3,0,Monday
2025-03-04,GLDRUBF,8329.0,8436.8,8261.4,8379.9,8382.554494931841,389311,28610,1291553.8158685775,1308484,192890,196421,13198,15412,Metal (Gold/RUB),0.901866345574942,0.901866345574942,175.39999999999964,2.0931037363214315,13.607514854945823,0.495465065204939,0.0045349347950610075,97.6666938613769,3,1,Tuesday
2025-03-05,GLDRUBF,8380.0,8500.0,8369.1,8489.0,8436.140077259413,345165,23557,1310609.148023942,1338794,176002,169163,12769,10788,Metal (Gold/RUB),1.3019248439718911,1.3019248439718911,130.89999999999964,1.5419955236187965,14.652332639979624,0.5099068561412657,0.00990685614126574,98.93824081304413,3,2,Wednesday
2025-03-06,GLDRUBF,8490.0,8512.8,8370.6,8420.0,8428.605723570417,251878,19079,1341639.146600975,1353608,116629,135249,9276,9803,Metal (Gold/RUB),-0.8128165861703396,0.8128165861703396,142.1999999999989,1.688836104513051,13.201844960427696,0.46303766108989275,0.03696233891010725,98.13405438165056,3,3,Thursday
2025-03-07,GLDRUBF,8420.0,8437.5,8260.0,8280.6,8364.692080843033,356147,25432,1344057.4630386913,1359672,158480,197667,11242,14190,Metal (Gold/RUB),-1.6555819477434675,1.6555819477434675,177.5,2.143564476004154,14.003892733564014,0.44498479560406234,0.055015204395937656,96.5093646927192,3,4,Friday
2025-03-10,GLDRUBF,8290.0,8360.0,8131.0,8165.3,8263.51990320387,317911,25001,1344041.8932042718,1359930,139091,178820,11183,13818,Metal (Gold/RUB),-1.392411177933972,1.392411177933972,229.0,2.804550965671806,12.71593136274549,0.43751553107630753,0.06248446892369247,95.16555751098473,3,0,Monday
2025-03-11,GLDRUBF,8185.0,8277.4,8090.8,8211.7,8167.262386904012,302973,23763,1333258.560198628,1349444,157507,145466,12374,11389,Metal (Gold/RUB),0.5682583616033687,0.5682583616033687,186.59999999999945,2.272367475674945,12.749779068299457,0.5198714076831928,0.019871407683192843,95.70634374890736,3,1,Tuesday
2025-03-12,GLDRUBF,8209.6,8288.7,8165.0,8264.7,8219.84468952933,268703,18633,1279124.1107712123,1319868,153235,115468,9487,9146,Metal (Gold/RUB),0.6454205584714545,0.6454205584714545,123.70000000000073,1.4967270439338478,14.420812536896904,0.5702764762581736,0.07027647625817357,96.32405216722417,3,2,Wednesday
2025-03-13,GLDRUBF,8270.0,8308.2,8200.0,8276.9,8258.546818340645,399553,25757,1239973.923748884,1265826,202411,197142,13092,12665,Metal (Gold/RUB),0.14761576342756655,0.14761576342756655,108.20000000000073,1.3072527153886204,15.512404394921768,0.5065936183685268,0.006593618368526788,96.46624165219518,3,3,Thursday
2025-03-14,GLDRUBF,8278.4,8346.0,8252.6,8293.8,8301.908531127854,236133,17653,1210033.3758567949,1215182,117966,118167,8940,8713,Metal (Gold/RUB),0.20418272541651294,0.20418272541651294,93.39999999999964,1.1261424196387622,13.376366623236844,0.4995743923975048,0.0004256076024952149,96.66320905350753,3,4,Friday
2025-03-17,GLDRUBF,8278.0,8289.9,8053.3,8083.3,8158.954340663867,318301,24282,1224883.6162589572,1255186,128224,190077,10219,14063,Metal (Gold/RUB),-2.538040463961022,2.538040463961022,236.59999999999945,2.9270223794737227,13.10851659665596,0.40283882237253416,0.09716117762746584,94.20985769396627,3,0,Monday
2025-03-18,GLDRUBF,8095.0,8223.4,7990.7,8208.8,8123.494034217814,597750,44772,1271979.9660055393,1295988,306935,290815,23943,20829,Metal (Gold/RUB),1.5525837219947158,1.5525837219947158,232.69999999999982,2.83476269369457,13.350978290002681,0.5134838979506483,0.013483897950648305,95.67254460903717,3,1,Tuesday
2025-03-19,GLDRUBF,8220.0,8427.0,8154.0,8388.0,8271.575778444718,447677,37318,1269639.5907604909,1297370,224474,223203,19667,17651,Metal (Gold/RUB),2.1830230971640274,2.1830230971640274,273.0,3.2546494992846924,11.996275255908676,0.5014195502560999,0.0014195502560998552,97.76109835549703,3,2,Wednesday
2025-03-20,GLDRUBF,8378.0,8416.5,8308.3,8387.5,8360.37042465794,328755,33839,1325473.2357930199,1341486,162476,166279,17312,16527,Metal (Gold/RUB),-0.005960896518841796,0.005960896518841796,108.20000000000073,1.290014903129666,9.715269363751885,0.4942160575504555,0.005783942449544499,97.75527091758836,3,3,Thursday
2025-03-21,GLDRUBF,8364.0,8386.0,8269.7,8317.1,8321.372062579821,272713,18792,1301467.895700298,1327972,129818,142895,9249,9543,Metal (Gold/RUB),-0.8393442622950831,0.8393442622950831,116.29999999999927,1.3983239350254206,14.512186036611324,0.47602424526883574,0.023975754731164256,96.93476766005058,3,4,Friday
2025-03-24,GLDRUBF,8317.0,8340.0,8215.0,8324.9,8285.763208312215,279170,19730,1282289.7606690319,1302512,140694,138476,9715,10015,Metal (Gold/RUB),0.09378268867754613,0.09378268867754613,125.0,1.5015195377722255,14.149518499746579,0.5039724898807179,0.0039724898807178555,97.02567569142549,3,0,Monday
2025-03-25,GLDRUBF,8325.0,8338.0,8191.0,8200.6,8256.42898828301,261217,17752,1295420.530193781,1308134,124413,136804,7995,9757,Metal (Gold/RUB),-1.493111028360694,1.493111028360694,147.0,1.7925517645050362,14.71479269941415,0.47628217152788677,0.023717828472113234,95.57697462733535,3,1,Tuesday
2025-03-26,GLDRUBF,8200.4,8280.0,8160.0,8208.7,8217.67729975516,229735,17154,1307584.7552757375,1319720,121274,108461,9317,7837,Metal (Gold/RUB),0.09877326049314572,0.09877326049314572,120.0,1.4618636324874825,13.392503206249271,0.5278864778984482,0.027886477898448225,95.67137912145547,3,2,Wednesday
2025-03-27,GLDRUBF,8226.8,8250.0,8168.8,8202.1,8204.0009077527,305216,20380,1366637.5378802747,1401536,142509,162707,9711,10669,Metal (Gold/RUB),-0.08040249978681357,0.08040249978681357,81.19999999999982,0.989990368320306,14.976251226692836,0.4669119574334242,0.033088042566575826,95.5944569410613,3,3,Thursday
2025-03-28,GLDRUBF,8236.6,8484.0,8215.1,8474.1,8338.694530779425,389822,24903,1368285.582138698,1383656,212046,177776,13842,11061,Metal (Gold/RUB),3.316223893880843,3.316223893880843,268.89999999999964,3.173198333746352,15.653616030197165,0.5439559593865918,0.0439559593865918,98.7645831633664,3,4,Friday
2025-03-31,GLDRUBF,8516.9,8670.0,8475.0,8565.0,8540.643573586534,347676,23170,1360439.0295209324,1380362,176867,170809,11985,11185,Metal (Gold/RUB),1.0726802846319883,1.0726802846319883,195.0,2.276707530647986,15.005438066465256,0.5087121342859444,0.008712134285944417,99.82401137515879,3,0,Monday
2025-04-01,GLDRUBF,8570.0,8583.8,8368.3,8462.7,8477.536081091741,313482,25354,1338679.5450027608,1362334,134381,179101,9816,15538,Metal (Gold/RUB),-1.1943957968476249,1.1943957968476249,215.5,2.5464686211256455,12.364202887118404,0.4286721406651738,0.07132785933482622,98.6317175790492,4,1,Tuesday
2025-04-02,GLDRUBF,8456.4,8543.4,8421.0,8520.0,8472.974655305301,260412,23354,1338337.6666952127,1352482,124754,135658,9845,13509,Metal (Gold/RUB),0.6770888723456991,0.6770888723456991,122.39999999999964,1.436619718309855,11.150638006337244,0.47906394482589126,0.020936055174108736,99.29954196338038,4,2,Wednesday
2025-04-03,GLDRUBF,8498.0,8525.1,8301.2,8485.3,8415.401261205723,541180,38931,1308770.3655184815,1331692,260595,280585,19959,18972,Metal (Gold/RUB),-0.4072769953051725,0.4072769953051725,223.89999999999964,2.6386810130460874,13.901004341013588,0.4815310987102258,0.018468901289774187,98.89511777252012,4,3,Thursday
2025-04-04,GLDRUBF,8474.9,8603.7,8355.5,8461.0,8479.271008230453,858172,63180,1319626.1812598924,1450872,383281,474891,29715,33465,Metal (Gold/RUB),-0.28637761776247883,0.28637761776247883,248.20000000000073,2.9334594019619518,13.582969294080405,0.446624919013904,0.053375080986096,98.61190429015979,4,4,Friday
2025-04-07,GLDRUBF,8481.0,8591.1,8265.9,8327.2,8437.900553201505,508398,33984,1475571.7072151601,1490426,258478,249920,16648,17336,Metal (Gold/RUB),-1.5813733601229063,1.5813733601229063,325.2000000000007,3.905274281871466,14.95992231638418,0.508416634211779,0.008416634211778962,97.0524819058053,4,0,Monday
2025-04-08,GLDRUBF,8350.9,8415.0,8315.6,8407.0,8370.757779445565,307848,21319,1521091.6146160702,1553370,170383,137465,12075,9244,Metal (Gold/RUB),0.9583053127101504,0.9583053127101504,99.39999999999964,1.182348043297248,14.440076926685117,0.5534646968633872,0.05346469686338717,97.98254099602568,4,1,Tuesday
2025-04-09,GLDRUBF,8473.0,8567.1,8330.0,8408.0,8481.391667076228,532907,40694,1584080.59473141,1628494,279087,253820,22788,17906,Metal (Gold/RUB),0.011894849530147411,0.011894849530147411,237.10000000000036,2.81993339676499,13.095468619452499,0.5237067630937481,0.023706763093748084,97.99419587184298,4,2,Wednesday
2025-04-10,GLDRUBF,8487.0,8675.0,8487.0,8673.8,8556.962374082652,427623,35837,1551995.3273990569,1608348,217673,209950,20751,15086,Metal (Gold/RUB),3.1612749762131243,3.1612749762131243,188.0,2.1674467937928017,11.932444121996818,0.5090301503894786,0.00903015038947863,101.09206186408082,4,3,Thursday
2025-04-11,GLDRUBF,8691.0,8740.0,8568.3,8648.0,8659.11470983827,413679,30483,1551486.7167273562,1592296,183713,229966,13775,16708,Metal (Gold/RUB),-0.29744748553113265,0.29744748553113265,171.70000000000073,1.9854301572618032,13.57080995964964,0.44409554267922713,0.05590445732077287,100.79136606799455,4,4,Friday
2025-04-14,GLDRUBF,8645.0,8690.5,8537.8,8595.6,8583.637358063603,347708,24747,1556135.3672768415,1582864,167546,180162,11801,12946,Metal (Gold/RUB),-0.6059204440333033,0.6059204440333033,152.70000000000073,1.776490297361449,14.050511173071483,0.48185834090673785,0.018141659093262152,100.18065057516812,4,0,Monday
2025-04-15,GLDRUBF,8615.0,8661.0,8544.3,8634.3,8595.825942060554,298895,22955,1538216.4926159878,1559528,167750,131145,12459,10496,Metal (Gold/RUB),0.4502303504118288,0.4502303504118288,116.70000000000073,1.35158611584032,13.020910477020257,0.5612338781177336,0.06123387811773362,100.63169426929754,4,1,Tuesday
2025-04-16,GLDRUBF,8724.1,8950.0,8713.2,8950.0,8819.577917530338,686318,49691,1588372.2973576705,1608538,356358,329960,28116,21575,Metal (Gold/RUB),3.6563473587899464,3.6563473587899464,236.79999999999927,2.6458100558659137,13.811716407397718,0.5192316098368395,0.01923160983683947,104.31113856481859,4,2,Wednesday
2025-04-17,GLDRUBF,8894.4,8947.4,8675.8,8709.1,8780.400164356679,668528,40765,1611043.2023549613,1678524,307191,361337,18662,22103,Metal (Gold/RUB),-2.6916201117318406,2.6916201117318406,271.60000000000036,3.118577120483177,16.399558444744265,0.45950356604360626,0.04049643395639374,101.50347898043147,4,3,Thursday
2025-04-18,GLDRUBF,8727.1,8814.9,8641.7,8750.0,8732.955570501395,460242,29737,1664767.9540639608,1694010,197036,263206,13489,16248,Metal (Gold/RUB),0.4696237269063319,0.4696237269063319,173.1999999999989,1.979428571428559,15.477082422571208,0.42811390529330223,0.07188609470669777,101.98016340135896,4,4,Friday
2025-04-21,GLDRUBF,8850.0,8962.0,8794.2,8955.0,8870.176404453632,413724,27573,1635236.5081057556,1664446,232975,180749,14378,13195,Metal (Gold/RUB),2.3428571428571354,2.3428571428571354,167.79999999999927,1.8738135120044586,15.004678489827004,0.5631169571985188,0.06311695719851884,104.36941294390508,4,0,Monday
2025-04-22,GLDRUBF,9100.0,9119.0,8870.0,8930.0,9016.733678102451,716690,53079,1686105.5707907083,1723310,308860,407830,23794,29285,Metal (Gold/RUB),-0.27917364600781314,0.27917364600781314,249.0,2.788353863381859,13.502326720548616,0.43095341081918265,0.06904658918081735,104.07804104847263,4,1,Tuesday
2025-04-23,GLDRUBF,8805.0,8929.4,8681.0,8815.0,8811.210066165046,757655,57281,1663485.6184424155,1729670,401250,356405,30722,26559,Metal (Gold/RUB),-1.2877939529675198,1.2877939529675198,248.39999999999964,2.817923993193416,13.226986260714723,0.5295946044043793,0.029594604404379332,102.73773032948334,4,2,Wednesday
2025-04-24,GLDRUBF,8886.2,8946.4,8823.5,8930.4,8874.676671425657,320596,24515,1599264.2058331633,1610460,163723,156873,12493,12022,Metal (Gold/RUB),1.309132161089055,1.309132161089055,122.89999999999964,1.3761981546179303,13.077544360595553,0.5106832274888021,0.010683227488802127,104.08270299879953,4,3,Thursday
2025-04-25,GLDRUBF,8801.9,8845.0,8717.7,8825.7,8774.921381265232,443370,37748,1649877.3202818693,1683026,195176,248194,16669,21079,Metal (Gold/RUB),-1.1723998925020074,1.1723998925020074,127.29999999999927,1.4423785082203027,11.745522941612801,0.44021020817827095,0.059789791821729055,102.86243750072843,4,4,Friday
2025-04-28,GLDRUBF,8792.0,8814.0,8641.1,8767.5,8710.05934386757,463336,33225,1681092.5510910458,1701334,231276,232060,16454,16771,Metal (Gold/RUB),-0.6594377783065486,0.6594377783065486,172.89999999999964,1.9720558882235488,13.945402558314521,0.49915396170381754,0.0008460382961824608,102.18412372816168,4,0,Monday
2025-04-29,GLDRUBF,8715.0,8739.1,8645.7,8692.1,8688.37665371118,356779,26501,1688349.797969888,1704376,165547,191232,12611,13890,Metal (Gold/RUB),-0.8599942971200369,0.8599942971200369,93.39999999999964,1.0745389491607278,13.462850458473266,0.46400432760896804,0.03599567239103196,101.30534609153739,4,1,Tuesday
2025-04-30,GLDRUBF,8679.5,8712.9,8563.8,8646.6,8622.606431326785,472391,30849,1699383.0715420274,1734278,210015,262376,14215,16634,Metal (Gold/RUB),-0.5234638349765897,0.5234638349765897,149.10000000000036,1.7243772118520615,15.313008525397906,0.44457874938345565,0.05542125061654435,100.77504924185033,4,2,Wednesday
2025-05-02,GLDRUBF,8590.0,8702.6,8545.0,8595.4,8636.740131418837,353635,32872,1728632.5006084205,1742764,180791,172844,16446,16426,Metal (Gold/RUB),-0.5921402632248607,0.5921402632248607,157.60000000000036,1.8335388696279449,10.75793988805062,0.5112361615790292,0.01123616157902918,100.17831960000466,5,4,Friday
2025-05-05,GLDRUBF,8635.0,8747.1,8612.7,8730.0,8668.827921644732,416572,49467,1735247.7897588292,1770794,226279,190293,24216,25251,Metal (Gold/RUB),1.5659538823091568,1.5659538823091568,134.39999999999964,1.5395189003436385,8.421210099662401,0.5431930134526565,0.04319301345265647,101.74706588501299,5,0,Monday
2025-05-06,GLDRUBF,8781.0,8959.2,8764.0,8955.0,8822.304554724677,394208,27949,1729224.7782031558,1748150,215373,178835,16393,11556,Metal (Gold/RUB),2.577319587628857,2.577319587628857,195.20000000000073,2.1797878280290424,14.104547568786003,0.5463435546716454,0.046343554671645415,104.36941294390508,5,1,Tuesday
2025-05-07,GLDRUBF,8860.0,8914.0,8755.4,8865.8,8831.52958391986,429459,30547,1724489.470848201,1761402,218544,210915,12799,17748,Metal (Gold/RUB),-0.9960915689559036,0.9960915689559036,158.60000000000036,1.7888966590719437,14.058958326513242,0.5088821051602131,0.00888210516021315,103.32979802100209,5,2,Wednesday
2025-05-08,GLDRUBF,8860.0,8869.7,8689.6,8743.1,8799.765226320877,367806,24832,1737046.0082957475,1749030,169749,198057,11061,13771,Metal (Gold/RUB),-1.3839698617157947,1.3839698617157947,180.10000000000036,2.059910100536427,14.81177512886598,0.4615177566434479,0.03848224335655209,101.89974475821958,5,3,Thursday
2025-05-12,GLDRUBF,8675.0,8675.0,8377.8,8400.3,8465.334388803942,588933,47088,1743268.7925586137,1763990,272133,316800,23712,23376,Metal (Gold/RUB),-3.920806121398601,3.920806121398601,297.2000000000007,3.5379688820637445,12.507071865443425,0.46207802924950714,0.03792197075049286,97.90445332804978,5,0,Monday
2025-05-13,GLDRUBF,8447.0,8501.6,8426.4,8460.1,8469.506505535219,388141,22673,1760591.4192211,1777058,183344,204797,11173,11500,Metal (Gold/RUB),0.7118793376427179,0.7118793376427179,75.20000000000073,0.8888783820522302,17.11908437348388,0.47236442426850034,0.027635575731499662,98.60141490192422,5,1,Tuesday
2025-05-14,GLDRUBF,8437.0,8458.9,8275.1,8338.5,8340.580656337685,557399,40985,1749374.5320483104,1789834,283631,273768,18357,22628,Metal (Gold/RUB),-1.4373352560844488,1.4373352560844488,183.79999999999927,2.2042333753073007,13.600073197511284,0.5088473427472959,0.008847342747295928,97.18418200254077,5,2,Wednesday
2025-05-15,GLDRUBF,8217.0,8411.9,8184.0,8406.3,8277.764528737343,401525,26864,1692081.335169744,1720964,205551,195974,14739,12125,Metal (Gold/RUB),0.8130958805540489,0.8130958805540489,227.89999999999964,2.7110619416390045,14.946582787373437,0.5119257829524936,0.01192578295249358,97.97438258295357,5,3,Thursday
2025-05-16,GLDRUBF,8344.0,8390.0,8256.5,8378.9,8335.1530145787,447920,32376,1664229.6271929825,1686556,215860,232060,14572,17804,Metal (Gold/RUB),-0.3259460166779582,0.3259460166779582,133.5,1.5932879017532136,13.83493946132938,0.4819164136452938,0.018083586354706194,97.6550389855596,5,4,Friday
2025-05-19,GLDRUBF,8403.0,8462.2,8352.9,8375.0,8397.314271164345,380535,24546,1632905.2661126049,1657850,182947,197588,11928,12618,Metal (Gold/RUB),-0.04654548926469326,0.04654548926469326,109.30000000000109,1.3050746268656848,15.502933268149597,0.4807626105351676,0.01923738946483239,97.60958496987215,5,0,Monday
2025-05-20,GLDRUBF,8354.9,8600.0,8321.1,8570.1,8469.166429540317,724810,66350,1564648.9923436323,1613872,416186,308624,40822,25528,Metal (Gold/RUB),2.3295522388059764,2.3295522388059764,278.89999999999964,3.2543377556854605,10.924039186134138,0.5742001352078476,0.07420013520784763,99.88345124182702,5,1,Tuesday
2025-05-21,GLDRUBF,8580.0,8591.0,8441.1,8501.1,8499.960861854937,801666,39473,1361776.5427507411,1474088,428527,373139,20614,18859,Metal (Gold/RUB),-0.8051247943431261,0.8051247943431261,149.89999999999964,1.7633012198421338,20.309224026549792,0.5345455588736456,0.03454555887364563,99.07926481043344,5,2,Wednesday
2025-05-22,GLDRUBF,8527.0,8549.9,8377.0,8450.1,8462.691953957652,518029,35185,1444800.1103879495,1532146,234539,283490,16992,18193,Metal (Gold/RUB),-0.5999223629883144,0.5999223629883144,172.89999999999964,2.0461296316019886,14.723006963194543,0.45275264512218427,0.04724735487781573,98.48486614375123,5,3,Thursday
2025-05-23,GLDRUBF,8500.5,8580.0,8484.0,8532.0,8527.93920923774,429286,27366,1535495.0016078346,1559932,228417,200869,14861,12505,Metal (Gold/RUB),0.9692192991798798,0.9692192991798798,96.0,1.1251758087201125,15.686837681794929,0.5320858355501926,0.03208583555019262,99.43940047318796,5,4,Friday
2025-05-26,GLDRUBF,8531.0,8535.0,8486.0,8527.7,8515.52493668138,227835,13819,1539707.6105362182,1564560,122256,105579,6606,7213,Metal (Gold/RUB),-0.05039849976558042,0.05039849976558042,49.0,0.5745980745101258,16.487083001664374,0.5365988544341299,0.03659885443412991,99.38928450717358,5,0,Monday
2025-05-27,GLDRUBF,8502.0,8512.5,8413.7,8451.1,8446.364583023267,362210,20157,1561341.0278315225,1584072,172538,189672,9480,10677,Metal (Gold/RUB),-0.8982492348464488,0.8982492348464488,98.79999999999927,1.169078581486425,17.96943989681004,0.47634797493166947,0.02365202506833053,98.49652101956853,5,1,Tuesday
2025-05-28,GLDRUBF,8460.1,8461.5,8310.0,8334.8,8397.609246145754,464328,24713,1407907.1747663172,1562226,281212,183116,12225,12488,Metal (Gold/RUB),-1.3761522168711848,1.3761522168711848,151.5,1.8176800883044586,18.78881560312386,0.6056322254957702,0.10563222549577023,97.14105896201674,5,2,Wednesday
2025-05-29,GLDRUBF,8299.0,8327.9,8222.1,8269.4,8271.197466021653,392667,26046,1399189.7611149505,1459340,184381,208286,12438,13608,Metal (Gold/RUB),-0.7846618995056787,0.7846618995056787,105.79999999999927,1.2794156770745069,15.075904169546188,0.46956072193487103,0.030439278065128972,96.37883008356545,5,3,Thursday
2025-05-30,GLDRUBF,8247.6,8339.4,8238.0,8310.0,8286.23254366246,408811,28915,1413119.5304859069,1436712,174188,234623,13955,14960,Metal (Gold/RUB),0.4909666964955095,0.4909666964955095,101.39999999999964,1.2202166064981905,14.138371087670759,0.42608442532123647,0.07391557467876353,96.85201804174775,5,4,Friday
2025-06-02,GLDRUBF,8367.5,8540.0,8367.5,8537.0,8485.764285714286,376092,32438,1478229.1075898637,1521530,201736,174356,18610,13828,Metal (Gold/RUB),2.7316486161251596,2.7316486161251596,172.5,2.0206161415016988,11.594179665824033,0.5364006679216787,0.03640066792167873,99.49767485227444,6,0,Monday
2025-06-03,GLDRUBF,8500.0,8500.0,8441.0,8448.9,8462.331046757745,312098,20788,1428169.6161246873,1481540,188355,123743,11851,8937,Metal (Gold/RUB),-1.0319784467611615,1.0319784467611615,59.0,0.6983157570808035,15.013373099865307,0.6035123582977142,0.10351235829771421,98.47088029277047,6,1,Tuesday
2025-06-04,GLDRUBF,8448.9,8599.2,8415.1,8585.0,8507.793661858199,528545,30987,1449972.127730984,1538682,224254,304291,15542,15445,Metal (Gold/RUB),1.6108605854016522,1.6108605854016522,184.10000000000036,2.1444379732090897,17.05699164165618,0.4242855386012544,0.0757144613987456,100.05710889150477,6,2,Wednesday
2025-06-05,GLDRUBF,8553.6,8605.0,8478.0,8530.0,8554.04252355592,381231,26851,1524310.3581989498,1546600,193660,187571,12688,14163,Metal (Gold/RUB),-0.6406523005241693,0.6406523005241693,127.0,1.4888628370457209,14.198018695765521,0.5079859717599041,0.00798597175990412,99.41609072155336,6,3,Thursday
2025-06-06,GLDRUBF,8551.0,8573.7,8416.7,8446.6,8490.885066473105,354709,26176,1518431.6580837409,1538776,146870,207839,10389,15787,Metal (Gold/RUB),-0.9777256740914342,0.9777256740914342,157.0,1.858736059479554,13.550924511002444,0.4140577205540316,0.08594227944596838,98.4440740783907,6,4,Friday
2025-06-09,GLDRUBF,8447.6,8459.9,8394.7,8420.3,8420.977580243498,190653,14456,1527763.0254565577,1536838,93023,97630,6410,8046,Metal (Gold/RUB),-0.31136788767078816,0.31136788767078816,65.19999999999891,0.7743192047789141,13.188503043718871,0.48791784026477425,0.01208215973522575,98.13755084439573,6,0,Monday
2025-06-10,GLDRUBF,8418.0,8418.0,8280.1,8308.0,8366.46319665997,276165,25389,1539835.4037575328,1554098,109431,166734,9358,16031,Metal (Gold/RUB),-1.3336816978017363,1.3336816978017363,137.89999999999964,1.6598459316321572,10.87734845799362,0.3962522405083917,0.1037477594916083,96.82870829011317,6,1,Tuesday
2025-06-11,GLDRUBF,8333.8,8504.0,8310.8,8499.8,8425.622208532808,370302,28408,1588705.3469445226,1620420,223050,147252,17876,10532,Metal (Gold/RUB),2.3086181993259514,2.3086181993259514,193.20000000000073,2.2729946586978604,13.035130949028442,0.6023461931072476,0.10234619310724757,99.06411347187094,6,2,Wednesday
2025-06-13,GLDRUBF,8656.0,8680.0,8515.4,8599.0,8585.97605933251,250455,20225,1600982.4363906058,1622308,131745,118710,10552,9673,Metal (Gold/RUB),1.1670862843831786,1.1670862843831786,164.60000000000036,1.9141760669845373,12.383436341161929,0.5260226387973888,0.026022638797388753,100.22027715294692,6,4,Friday
2025-06-16,GLDRUBF,8591.0,8596.0,8477.8,8492.5,8520.96243902439,374599,21525,1488017.3645528455,1621482,213772,160827,10299,11226,Metal (Gold/RUB),-1.2385161065240125,1.2385161065240125,118.20000000000073,1.3918163085075153,17.402973286875724,0.5706689019458141,0.0706689019458141,98.97903287840467,6,0,Monday
2025-06-17,GLDRUBF,8511.0,8520.9,8450.5,8478.0,8487.768859020605,255654,20237,1442769.7171517517,1458682,118576,137078,8316,11921,Metal (Gold/RUB),-0.1707388872534632,0.1707388872534632,70.39999999999964,0.8303845246520362,12.632998962296783,0.4638143741150148,0.036185625884985195,98.81003717905385,6,1,Tuesday
2025-06-18,GLDRUBF,8476.4,8500.0,8434.0,8440.2,8462.496439798508,299785,26403,1428535.8882702724,1454010,135780,164005,14466,11937,Metal (Gold/RUB),-0.44585987261145377,0.44585987261145377,66.0,0.7819719911850429,11.354202173995379,0.4529245959604383,0.047075404039561675,98.36948287315998,6,2,Wednesday
2025-06-19,GLDRUBF,8440.2,8492.1,8380.0,8480.0,8421.12866110279,414559,28038,1408844.1044297025,1440706,216080,198479,15244,12794,Metal (Gold/RUB),0.4715528068055086,0.4715528068055086,112.10000000000036,1.3219339622641553,14.785612383194236,0.5212285826625402,0.02122858266254024,98.83334693068845,6,3,Thursday
2025-06-20,GLDRUBF,8430.0,8446.1,8385.1,8430.0,8413.553070735445,232861,15664,1398250.982507661,1409910,117063,115798,7317,8347,Metal (Gold/RUB),-0.5896226415094352,0.5896226415094352,61.0,0.7236061684460261,14.86599846782431,0.5027162126762318,0.0027162126762317884,98.25060313982354,6,4,Friday
2025-06-23,GLDRUBF,8401.0,8464.3,8373.0,8420.1,8421.86554842024,243877,19465,1419016.8417159002,1453558,121732,122145,9838,9627,Metal (Gold/RUB),-0.1174377224199219,0.1174377224199219,91.29999999999927,1.084310162587134,12.529000770613923,0.49915326168519375,0.0008467383148062502,98.13521986923229,6,0,Monday
2025-06-24,GLDRUBF,8359.8,8412.5,8262.4,8307.3,8326.667532825586,371248,29017,1457723.226867009,1484674,168474,202774,12546,16471,Metal (Gold/RUB),-1.3396515480813886,1.3396515480813886,150.10000000000036,1.8068445824756585,12.79415515042906,0.45380446493987847,0.04619553506012153,96.82054987704105,6,1,Tuesday
2025-06-25,GLDRUBF,8316.8,8350.0,8275.0,8307.0,8302.121864211738,189381,14773,1499340.5978474244,1536044,82406,106975,6800,7973,Metal (Gold/RUB),-0.0036112816438449435,0.0036112816438449435,75.0,0.9028530155290719,12.81940025722602,0.435133408314456,0.06486659168554398,96.81705341429586,6,2,Wednesday
2025-06-26,GLDRUBF,8307.1,8340.5,8295.3,8334.0,8321.076914408646,288751,19523,1589666.6810428726,1633194,125378,163373,9689,9834,Metal (Gold/RUB),0.3250270855904569,0.3250270855904569,45.20000000000073,0.542356611471091,14.79029862213799,0.434208020058805,0.06579197994119501,97.13173506136292,6,3,Thursday
2025-06-27,GLDRUBF,8266.9,8278.0,8181.6,8200.0,8216.816017276791,330141,33108,1668686.8584632112,1692806,131847,198294,14514,18594,Metal (Gold/RUB),-1.6078713702903813,1.6078713702903813,96.39999999999964,1.1756097560975565,9.971638274737224,0.3993657255536271,0.1006342744463729,95.56998170184497,6,4,Friday
2025-06-30,GLDRUBF,8228.0,8265.1,8190.8,8259.7,8221.667093078759,254839,20950,1635324.115131265,1664082,139484,115355,11225,9725,Metal (Gold/RUB),0.7280487804878222,0.7280487804878222,74.30000000000018,0.8995484097485401,12.164152744630071,0.5473416549272285,0.04734165492722853,96.26577778813767,6,0,Monday
2025-07-01,GLDRUBF,8310.0,8363.1,8285.1,8353.1,8336.527579588015,278779,21360,1569547.8586142322,1606606,154917,123862,13138,8222,Metal (Gold/RUB),1.1307916752424374,1.1307916752424374,78.0,0.9337850618333313,13.051451310861424,0.5556982412592053,0.055698241259205306,97.35434318947331,7,1,Tuesday
2025-07-02,GLDRUBF,8352.9,8415.4,8318.0,8405.0,8363.59732641398,198104,15223,1566420.3980818498,1589380,105391,92713,9023,6200,Metal (Gold/RUB),0.6213262142198639,0.6213262142198639,97.39999999999964,1.1588340273646596,13.013466465217105,0.531998344304002,0.03199834430400195,97.95923124439109,7,2,Wednesday
2025-07-03,GLDRUBF,8405.0,8435.0,8335.0,8366.7,8386.319167138454,202460,15897,1585793.3269170283,1591074,95666,106794,7332,8565,Metal (Gold/RUB),-0.45568114217726663,0.45568114217726663,100.0,1.19521436169577,12.735736302447002,0.47251802825249434,0.027481971747505662,97.51284950058857,7,3,Thursday
2025-07-04,GLDRUBF,8386.0,8412.0,8344.2,8365.2,8378.455401297122,111622,9868,1572821.8923794082,1587534,56689,54933,4685,5183,Metal (Gold/RUB),-0.017928215425433436,0.017928215425433436,67.79999999999927,0.8105006455314789,11.311511957843535,0.5078658329003243,0.007865832900324277,97.49536718686262,7,4,Friday
2025-07-07,GLDRUBF,8338.0,8338.0,8247.5,8317.9,8284.365055306636,444337,28568,1598652.0725287034,1667400,207494,236843,11611,16957,Metal (Gold/RUB),-0.5654377659828902,0.5654377659828902,90.5,1.0880150037870135,15.553661439372725,0.46697439105903854,0.03302560894096146,96.94409156070442,7,0,Monday
2025-07-08,GLDRUBF,8317.9,8318.0,8211.4,8250.0,8272.407132243685,208870,15479,1631460.3843917565,1673376,100591,108279,7543,7936,Metal (Gold/RUB),-0.8163118094711375,0.8163118094711375,106.60000000000036,1.2921212121212164,13.493765747141289,0.48159620816775983,0.01840379183224017,96.15272549270986,7,1,Tuesday
2025-07-09,GLDRUBF,8219.0,8300.0,8109.9,8276.4,8221.113313042499,305583,17742,1607140.2627663172,1626134,170430,135153,10489,7253,Metal (Gold/RUB),0.31999999999998696,0.31999999999998696,190.10000000000036,2.296892368662708,17.22370645924924,0.5577208156212878,0.057720815621287835,96.46041421428654,7,2,Wednesday
2025-07-10,GLDRUBF,8278.0,8298.5,8205.0,8244.8,8263.260374224976,144614,9032,1568913.967227635,1580932,71695,72919,4909,4123,Metal (Gold/RUB),-0.38180851577981345,0.38180851577981345,93.5,1.134048127304483,16.011293179805136,0.49576804458766094,0.004231955412339061,96.09212013845992,7,3,Thursday
2025-07-11,GLDRUBF,8258.0,8431.2,8258.0,8430.0,8344.921821651451,298824,19389,1508579.844138429,1571842,185041,113783,12661,6728,Metal (Gold/RUB),2.246264312051238,2.246264312051238,173.20000000000073,2.0545670225385617,15.41203775336531,0.6192307177469012,0.1192307177469012,98.25060313982354,7,4,Friday
2025-07-14,GLDRUBF,8435.0,8443.0,8323.8,8334.5,8375.56255101335,220797,14457,1467242.1534204884,1486398,98703,122094,6378,8079,Metal (Gold/RUB),-1.1328588374851734,1.1328588374851734,119.20000000000073,1.4301997720319242,15.272670678564017,0.4470305303061183,0.05296946969388172,97.13756249927157,7,0,Monday
2025-07-15,GLDRUBF,8372.0,8391.6,8260.1,8285.4,8322.847877527607,205628,13946,1442908.3107701133,1464976,102263,103365,6233,7713,Metal (Gold/RUB),-0.5891175235467117,0.5891175235467117,131.5,1.5871291669684022,14.744586261293561,0.49732040383605347,0.0026795961639465293,96.56530809664223,7,1,Tuesday
2025-07-16,GLDRUBF,8330.0,8400.0,8280.2,8349.0,8321.229532998841,394699,25910,1530420.8906213818,1633116,181091,213608,11446,14464,Metal (Gold/RUB),0.7676153233398653,0.7676153233398653,119.79999999999927,1.4349023835189756,15.233461983790042,0.4588078510459869,0.041192148954013075,97.3065581986224,7,2,Wednesday
2025-07-17,GLDRUBF,8346.0,8358.9,8266.1,8320.4,8306.184198498204,267745,18378,1657901.9194689302,1699336,121481,146264,9289,9089,Metal (Gold/RUB),-0.3425559947299095,0.3425559947299095,92.79999999999927,1.115330993702217,14.568777886603547,0.45371902369792155,0.04628097630207845,96.97322875024766,7,3,Thursday
2025-07-18,GLDRUBF,8340.0,8419.1,8307.5,8382.0,8377.958236371154,247792,16931,1635645.6150256926,1696276,146491,101301,10706,6225,Metal (Gold/RUB),0.7403490216816522,0.7403490216816522,111.60000000000036,1.3314244810307847,14.635402516094738,0.5911853490023891,0.09118534900238906,97.69116910059323,7,4,Friday
2025-07-21,GLDRUBF,8410.0,8467.0,8373.0,8445.9,8420.373648763854,165568,11730,1576705.1766410912,1588674,95001,70567,7244,4486,Metal (Gold/RUB),0.7623478883321377,0.7623478883321377,94.0,1.1129660545353368,14.114919011082694,0.5737884132199459,0.07378841321994589,98.43591566531857,7,0,Monday
2025-07-22,GLDRUBF,8425.0,8541.1,8414.8,8525.5,8475.722585881631,321565,22793,1526087.2968016497,1551670,209793,111772,16091,6702,Metal (Gold/RUB),0.942469127032064,0.942469127032064,126.30000000000109,1.4814380388247153,14.108059491949282,0.652412420505963,0.15241242050596304,99.36364378037553,7,1,Tuesday
2025-07-23,GLDRUBF,8517.9,8550.0,8441.0,8459.6,8512.684680038205,235095,15705,1521424.5878382681,1544810,119613,115482,8119,7586,Metal (Gold/RUB),-0.7729751920708461,0.7729751920708461,109.0,1.2884769965483,14.969436485195798,0.5087858099917055,0.008785809991705529,98.59558746401557,7,2,Wednesday
2025-07-24,GLDRUBF,8450.0,8517.0,8421.0,8500.1,8475.573310358031,290753,15669,1514286.5551088136,1538224,140051,150702,7851,7818,Metal (Gold/RUB),0.47874604000188725,0.47874604000188725,96.0,1.1293984776649686,18.55593847724807,0.4816837659456652,0.0183162340543348,99.06760993461616,7,3,Thursday
2025-07-25,GLDRUBF,8489.8,8512.6,8391.1,8435.0,8445.821824423738,210371,12234,1507874.8070949812,1547832,102167,108204,5381,6853,Metal (Gold/RUB),-0.7658733426665565,0.7658733426665565,121.5,1.4404267931238885,17.195602419486676,0.4856515394232095,0.014348460576790512,98.30887751891004,7,4,Friday
2025-07-28,GLDRUBF,8443.0,8582.8,8411.1,8569.9,8499.130184856926,316129,19745,1522253.062243606,1545750,192553,123576,11431,8314,Metal (Gold/RUB),1.5992886781268423,1.5992886781268423,171.6999999999989,2.0035239617731704,16.01058495821727,0.6090962866424783,0.10909628664247828,99.88112026666354,7,0,Monday
2025-07-29,GLDRUBF,8562.1,8723.3,8543.0,8670.0,8647.102495853409,428174,25322,1600201.6925993208,1627166,233751,194423,13234,12088,Metal (Gold/RUB),1.1680416340914102,1.1680416340914102,180.29999999999927,2.079584775086497,16.9091698917937,0.545925254686179,0.04592525468617903,101.0477733359751,7,1,Tuesday
2025-07-30,GLDRUBF,8672.0,8708.5,8455.0,8480.4,8576.111881387302,398688,24854,1623937.8149995976,1646612,172319,226369,10701,14153,Metal (Gold/RUB),-2.186851211072671,2.186851211072671,253.5,2.9892457902929106,16.04120061157158,0.43221516574363916,0.06778483425636084,98.83800888101536,7,2,Wednesday
2025-07-31,GLDRUBF,8513.0,8537.0,8409.2,8436.0,8451.879897028954,361052,21171,1663710.2836899532,1718674,163396,197656,10070,11101,Metal (Gold/RUB),-0.5235602094240788,0.5235602094240788,127.79999999999927,1.5149359886201905,17.054083415993578,0.45255531059238,0.04744468940761998,98.32053239472734,7,3,Thursday
2025-08-01,GLDRUBF,8441.0,8564.2,8417.2,8541.0,8490.04712232138,283781,18713,1709398.764922781,1721834,141524,142257,9538,9175,Metal (Gold/RUB),1.2446657183499354,1.2446657183499354,147.0,1.7211099402880226,15.164912093197243,0.4987085111406331,0.0012914888593669183,99.54429435554364,8,4,Friday
2025-08-04,GLDRUBF,8541.0,8580.0,8516.0,8562.0,8548.012955375103,249870,13423,1690472.893689935,1705518,118789,131081,6774,6649,Metal (Gold/RUB),0.24587284861257164,0.24587284861257164,64.0,0.7474889044615743,18.615063696640096,0.4754032096690279,0.024596790330972118,99.7890467477069,8,0,Monday
2025-08-05,GLDRUBF,8557.0,8636.4,8541.9,8613.5,8596.226518396486,324346,18210,1664489.612630423,1698248,164883,159463,9631,8579,Metal (Gold/RUB),0.6014949778089251,0.6014949778089251,94.5,1.0971149939049167,17.811422295442064,0.5083552749224594,0.008355274922459355,100.38927285229775,8,1,Tuesday
2025-08-06,GLDRUBF,8611.0,8660.0,8519.2,8580.0,8608.226246801072,268779,16021,1614280.6663753823,1642764,120116,148663,7750,8271,Metal (Gold/RUB),-0.3889243629186745,0.3889243629186745,140.79999999999927,1.6410256410256328,16.776668123088445,0.44689503272205044,0.053104967277949555,99.99883451241827,8,2,Wednesday
2025-08-07,GLDRUBF,8581.0,8644.2,8575.0,8630.0,8607.714227642276,319362,17220,1561086.2262485481,1588626,156962,162400,9159,8061,Metal (Gold/RUB),0.5827505827505908,0.5827505827505908,69.20000000000073,0.8018539976825114,18.545993031358886,0.4914861505125845,0.008513849487415515,100.58157830328318,8,3,Thursday
2025-08-08,GLDRUBF,8635.0,8714.2,8616.9,8649.6,8678.408786319496,427867,25847,1549525.008859829,1588026,227415,200452,14074,11773,Metal (Gold/RUB),0.22711471610661338,0.22711471610661338,97.30000000000109,1.1249075101738935,16.5538360351298,0.531508623006682,0.031508623006682,100.81001386930222,8,4,Friday
2025-08-11,GLDRUBF,8630.0,8630.0,8511.7,8533.0,8555.13230843841,337240,20620,1482170.9508244423,1505862,156604,180636,9121,11499,Metal (Gold/RUB),-1.3480392156862808,1.3480392156862808,118.29999999999927,1.3863822805578259,16.354995150339477,0.46436958842367454,0.03563041157632546,99.45105534900526,8,0,Monday
2025-08-12,GLDRUBF,8536.0,8568.0,8480.0,8517.8,8518.209027237355,331392,17990,1504228.1394107838,1519078,174162,157230,8812,9178,Metal (Gold/RUB),-0.1781319582796259,0.1781319582796259,88.0,1.0331306205827795,18.42090050027793,0.5255467844727694,0.025546784472769368,99.2739012365823,8,1,Tuesday
2025-08-13,GLDRUBF,8517.8,8585.1,8512.9,8576.0,8554.472213715851,214422,12409,1507364.3357240711,1517064,118582,95840,7519,4890,Metal (Gold/RUB),0.6832750240672647,0.6832750240672647,72.20000000000073,0.8418843283582174,17.279555161576276,0.5530309389894693,0.05303093898946931,99.95221500914907,8,2,Wednesday
2025-08-14,GLDRUBF,8577.0,8588.8,8503.2,8536.0,8544.68795131846,307946,19720,1537698.389858012,1573740,143787,164159,10262,9458,Metal (Gold/RUB),-0.4664179104477584,0.4664179104477584,85.59999999999854,1.0028116213683054,15.615922920892494,0.46692277217434225,0.03307722782565775,99.48601997645716,8,3,Thursday
2025-08-15,GLDRUBF,8540.0,8564.0,8503.9,8537.0,8537.544536900226,191992,12859,1542475.9273660472,1560338,105553,86439,6902,5957,Metal (Gold/RUB),0.011715089034680659,0.011715089034680659,60.100000000000364,0.7039943774159584,14.930554475464655,0.5497781157548232,0.04977811575482316,99.49767485227444,8,4,Friday
2025-08-16,GLDRUBF,8532.0,8551.2,8518.1,8531.0,8536.118785046729,7591,1070,1516540.4411214953,1517428,3777,3814,538,532,Metal (Gold/RUB),-0.07028230057397611,0.07028230057397611,33.100000000000364,0.3879967178525421,7.094392523364486,0.4975629034382822,0.002437096561717811,99.42774559737066,8,5,Saturday
2025-08-17,GLDRUBF,8537.0,8548.1,8524.8,8546.0,8541.157108433736,2659,415,1515952.7759036145,1516412,1673,986,261,154,Metal (Gold/RUB),0.17582932833195564,0.17582932833195564,23.30000000000109,0.27264217177628236,6.4072289156626505,0.6291839037232042,0.1291839037232042,99.60256873463013,8,6,Sunday
2025-08-18,GLDRUBF,8568.0,8615.3,8541.2,8563.7,8588.003556574597,257747,18754,1564012.4158046283,1587148,137739,120008,9568,9186,Metal (Gold/RUB),0.20711443950387487,0.20711443950387487,74.09999999999854,0.8652801943085178,13.743574704063134,0.534396132641699,0.03439613264169905,99.80886003659631,8,0,Monday
2025-08-19,GLDRUBF,8565.2,8611.8,8541.7,8555.0,8582.17794499618,240854,13090,1554536.9469824294,1573932,115375,125479,6594,6496,Metal (Gold/RUB),-0.10159160176093085,0.10159160176093085,70.09999999999854,0.8194038573933202,18.399847211611917,0.4790246373321597,0.02097536266784028,99.70746261698581,8,1,Tuesday
2025-08-20,GLDRUBF,8559.0,8587.0,8521.0,8585.1,8553.756658366961,183846,11647,1540282.7971151369,1561394,86769,97077,5261,6386,Metal (Gold/RUB),0.3518410286382334,0.3518410286382334,66.0,0.7687738057797812,15.784837297158067,0.4719656669168761,0.02803433308312392,100.0582743790865,8,2,Wednesday
2025-08-21,GLDRUBF,8577.2,8614.9,8554.3,8601.1,8585.40150662395,171108,11549,1556815.3358732357,1581680,80031,91077,5782,5767,Metal (Gold/RUB),0.18636940746177277,0.18636940746177277,60.600000000000364,0.704561044517566,14.815828210234653,0.4677221404025528,0.03227785959744722,100.24475239216326,8,3,Thursday
2025-08-22,GLDRUBF,8590.0,8679.9,8568.0,8672.7,8620.528092023005,338944,19995,1577978.9178294574,1619320,188563,150381,10700,9295,Metal (Gold/RUB),0.8324516631593726,0.8324516631593726,111.89999999999964,1.2902556297346803,16.951437859464868,0.5563249386329305,0.05632493863293053,101.07924150068182,8,4,Friday
2025-08-23,GLDRUBF,8672.7,8675.0,8652.5,8661.0,8660.355543822598,10840,947,1604677.2925026398,1608508,7390,3450,564,383,Metal (Gold/RUB),-0.13490608461034226,0.13490608461034226,22.5,0.25978524419812954,11.446673706441393,0.6817343173431735,0.18173431734317347,100.94287945361941,8,5,Saturday
2025-08-24,GLDRUBF,8661.0,8670.0,8656.0,8659.7,8664.2221686747,5299,415,1597375.1084337349,1598146,3410,1889,238,177,Metal (Gold/RUB),-0.015009814109212538,0.015009814109212538,14.0,0.16166841807452914,12.76867469879518,0.6435176448386488,0.14351764483864882,100.92772811505695,8,6,Sunday
2025-08-25,GLDRUBF,8656.0,8687.9,8620.1,8623.6,8660.745833135925,374373,21107,1574525.654711707,1623532,172321,202052,8743,12364,Metal (Gold/RUB),-0.4168735637493204,0.4168735637493204,67.79999999999927,0.7862145739598227,17.736911924953805,0.4602922753510536,0.039707724648946396,100.50698709805248,8,0,Monday
2025-08-26,GLDRUBF,8632.5,8716.9,8632.5,8708.6,8674.466814463727,191571,13081,1560308.237290727,1567140,100577,90994,6896,6185,Metal (Gold/RUB),0.9856672387402066,0.9856672387402066,84.39999999999964,0.9691569253381672,14.644981270545065,0.525011614492799,0.025011614492798984,101.49765154252282,8,1,Tuesday
2025-08-27,GLDRUBF,8683.2,8736.9,8654.0,8733.7,8693.062349590602,213424,14045,1555050.9144891421,1579010,120514,92910,7159,6886,Metal (Gold/RUB),0.28822083917048325,0.28822083917048325,82.89999999999964,0.949196789447767,15.195728017087932,0.5646693905090336,0.06466939050903364,101.790188925537,8,2,Wednesday
2025-08-28,GLDRUBF,8731.2,8783.0,8700.5,8760.0,8727.473756726391,265598,16911,1613410.7041570575,1658690,134715,130883,8276,8635,Metal (Gold/RUB),0.30113239520477286,0.30113239520477286,82.5,0.9417808219178082,15.705635385252203,0.5072139097432963,0.007213909743296276,102.09671215953193,8,3,Thursday
2025-08-29,GLDRUBF,8756.7,8877.0,8745.0,8863.0,8795.866706129964,239701,15204,1684694.257958432,1705422,133596,106105,8724,6480,Metal (Gold/RUB),1.1757990867580004,1.1757990867580004,132.0,1.4893376960397158,15.765653775322283,0.5573443581795654,0.0573443581795654,103.29716436871365,8,4,Friday
2025-08-30,GLDRUBF,8860.0,8878.5,8852.1,8856.0,8860.47058212058,5786,962,1702595.2328482328,1703186,2873,2913,514,448,Metal (Gold/RUB),-0.07898002933544035,0.07898002933544035,26.399999999999636,0.2981029810298062,6.014553014553014,0.4965433805737988,0.0034566194262011796,103.21558023799255,8,5,Saturday
2025-08-31,GLDRUBF,8856.5,8865.0,8849.3,8857.2,8859.33914141414,3055,396,1702562.994949495,1702818,1393,1662,225,171,Metal (Gold/RUB),0.013550135501372296,0.013550135501372296,15.700000000000728,0.17725692092309903,7.7146464646464645,0.45597381342062193,0.04402618657937807,103.22956608897333,8,6,Sunday
2025-09-01,GLDRUBF,8920.0,8971.5,8870.9,8876.3,8912.597289126772,308196,20178,1674492.0709683814,1703624,152783,155413,9780,10398,Metal (Gold/RUB),0.21564377004017476,0.21564377004017476,100.60000000000036,1.1333551141804623,15.27386262265834,0.4957332346948046,0.004266765305195375,103.45217421708371,9,0,Monday
2025-09-02,GLDRUBF,8906.0,9067.6,8898.9,9056.0,8970.00880914927,451028,23521,1660340.9395008716,1680186,277442,173586,13178,10343,Metal (Gold/RUB),2.024492187059934,2.024492187059934,168.70000000000073,1.8628533568904673,19.17554525742953,0.6151325416603847,0.11513254166038467,105.5465554014522,9,1,Tuesday
2025-09-03,GLDRUBF,9030.7,9190.0,9025.0,9131.6,9120.009592947037,539128,30512,1680222.61169376,1694452,282247,256881,15431,15081,Metal (Gold/RUB),0.8348056537102577,0.8348056537102577,165.0,1.8069122607210126,17.669375983219716,0.5235250255968897,0.023525025596889737,106.42766401323993,9,2,Wednesday
2025-09-04,GLDRUBF,9074.0,9179.9,9030.6,9151.0,9126.877482357311,439041,32308,1684523.4787049647,1705216,222800,216241,17224,15084,Metal (Gold/RUB),0.21244907792719037,0.21244907792719037,149.29999999999927,1.631515681346293,13.589234864429862,0.507469689618965,0.007469689618964992,106.65376860409552,9,3,Thursday
2025-09-05,GLDRUBF,9162.0,9325.0,9152.0,9297.1,9249.325097677445,540108,36856,1680426.0232255263,1700206,292227,247881,19722,17134,Metal (Gold/RUB),1.596546825483558,1.596546825483558,173.0,1.8607953017607641,14.65454742782722,0.541052900531005,0.041052900531004966,108.3565459610028,9,4,Friday
2025-09-06,GLDRUBF,9300.0,9304.9,9285.4,9294.1,9291.69078812692,6254,977,1671869.1750255886,1673018,2619,3635,410,567,Metal (Gold/RUB),-0.03226812662012746,0.03226812662012746,19.5,0.20981052495669295,6.401228249744115,0.41877198592900544,0.08122801407099456,108.3215813335509,9,5,Saturday
2025-09-07,GLDRUBF,9299.0,9305.8,9237.1,9281.7,9269.933348056538,35068,2264,1664848.059187279,1675872,26347,8721,1424,840,Metal (Gold/RUB),-0.1334179748442521,0.1334179748442521,68.69999999999891,0.7401661333591788,15.489399293286219,0.7513117371963043,0.2513117371963043,108.17706087341641,9,6,Sunday
2025-09-08,GLDRUBF,9294.0,9610.4,9284.4,9596.4,9473.24392589481,720859,45233,1688347.8351645921,1771844,415474,305385,25437,19796,Metal (Gold/RUB),3.39054268075889,3.39054268075889,326.0,3.3971072485515403,15.936572856100634,0.5763595932075483,0.07635959320754826,111.84485029312012,9,0,Monday
2025-09-09,GLDRUBF,9650.0,9791.9,9625.3,9707.0,9713.059552508386,860628,54258,1793094.9035718236,1838492,451958,408670,30301,23957,Metal (Gold/RUB),1.1525155266558285,1.1525155266558285,166.60000000000036,1.7162872154115625,15.861771535994691,0.5251490771854971,0.025149077185497082,113.1338795585133,9,1,Tuesday
2025-09-10,GLDRUBF,9740.3,9899.1,9740.3,9864.0,9847.256462224108,829006,47120,1844064.5236842106,1890276,435109,393897,24832,22288,Metal (Gold/RUB),1.6173895127227667,1.6173895127227667,158.8000000000011,1.6098945660989568,17.593505942275044,0.5248562736578505,0.02485627365785048,114.96369506182911,9,2,Wednesday
2025-09-11,GLDRUBF,9840.0,9916.8,9742.8,9838.0,9817.143110252575,818161,48144,1819103.6830757726,1845094,417265,400896,24517,23627,Metal (Gold/RUB),-0.26358475263584813,0.26358475263584813,174.0,1.768652165074202,16.994038717181787,0.5100035323120999,0.010003532312099939,114.66066829057935,9,3,Thursday
2025-09-12,GLDRUBF,9870.8,9901.9,9660.1,9735.7,9793.57062951786,738129,42747,1732913.6103586217,1787944,339490,398639,20002,22745,Metal (Gold/RUB),-1.0398454970522386,1.0398454970522386,241.79999999999927,2.483642675924682,17.26738718506562,0.45993315531566975,0.04006684468433025,113.46837449446976,9,4,Friday
2025-09-13,GLDRUBF,9735.0,9800.0,9731.2,9740.2,9760.288388969522,14288,1378,1668052.6734397677,1669826,7715,6573,699,679,Metal (Gold/RUB),0.046221637889409806,0.046221637889409806,68.79999999999927,0.7063509989527861,10.368650217706822,0.5399636058230683,0.03996360582306835,113.5208214356476,9,5,Saturday
2025-09-14,GLDRUBF,9741.5,9767.2,9740.6,9754.4,9750.165027322404,8277,1098,1666914.9143897996,1668068,4550,3727,595,503,Metal (Gold/RUB),0.14578756083036826,0.14578756083036826,26.600000000000364,0.2726974493561917,7.538251366120218,0.5497160807055697,0.049716080705569654,113.68632067225323,9,6,Sunday
2025-09-15,GLDRUBF,9745.0,9745.0,9547.0,9684.0,9621.7308548283,807794,44933,1596325.484743952,1668170,395455,412339,19386,25547,Metal (Gold/RUB),-0.7217255802509648,0.7217255802509648,198.0,2.0446096654275094,17.977744642022568,0.4895493157909071,0.010450684209092898,112.86581741471544,9,0,Monday
2025-09-16,GLDRUBF,9671.0,9793.5,9640.4,9730.4,9724.64297405706,591875,30914,1572621.6582778029,1599498,311119,280756,15398,15516,Metal (Gold/RUB),0.47914085088804903,0.47914085088804903,153.10000000000036,1.5734193866644781,19.14585624636087,0.5256498416050687,0.02564984160506867,113.40660365263808,9,1,Tuesday
2025-09-17,GLDRUBF,9711.0,9782.1,9627.5,9680.0,9693.086705170965,670093,36879,1599005.503565715,1656030,327364,342729,17757,19122,Metal (Gold/RUB),-0.5179643180136417,0.5179643180136417,154.60000000000036,1.5971074380165329,18.170042571653244,0.4885351734759205,0.011464826524079486,112.81919791144625,9,2,Wednesday
2025-09-18,GLDRUBF,9664.5,9684.4,9590.4,9660.1,9645.140647504155,773941,32494,1637794.1203299072,1676066,359784,414157,15795,16699,Metal (Gold/RUB),-0.2055785123966869,0.2055785123966869,94.0,0.9730748128901358,23.81796639379578,0.46487264533084566,0.03512735466915434,112.58726588268202,9,3,Thursday
2025-09-19,GLDRUBF,9673.3,9794.0,9651.3,9776.1,9710.502394914907,462786,24385,1580328.872749641,1628804,246183,216603,13286,11099,Metal (Gold/RUB),1.200815726545268,1.200815726545268,142.70000000000073,1.4596822863923316,18.97830633586221,0.5319586158613269,0.03195861586132687,113.93923147748862,9,4,Friday
2025-09-22,GLDRUBF,9806.0,9945.9,9801.0,9936.4,9876.46361905473,482895,26786,1610377.4021503772,1672994,257971,224924,14483,12303,Metal (Gold/RUB),1.6397131780566898,1.6397131780566898,144.89999999999964,1.4582746266253337,18.027887702531174,0.534217583532652,0.03421758353265203,115.80750807100148,9,0,Monday
2025-09-23,GLDRUBF,9948.0,10060.0,9901.0,10038.4,10005.702378334589,720061,34562,1676290.096522192,1710142,371178,348883,18918,15644,Metal (Gold/RUB),1.026528722676212,1.026528722676212,159.0,1.5839177558176603,20.83389271454198,0.515481327276439,0.015481327276439028,116.9963054043659,9,1,Tuesday
2025-09-24,GLDRUBF,10054.5,10088.8,9875.7,9921.8,9986.588896736303,517284,26902,1645208.3755854582,1666536,231553,285731,12099,14803,Metal (Gold/RUB),-1.161539687599622,1.161539687599622,213.09999999999854,2.1477957628655946,19.228458850643076,0.4476322484360622,0.0523677515639378,115.63734688406895,9,2,Wednesday
2025-09-25,GLDRUBF,9925.0,10007.2,9903.8,9990.0,9961.675425602047,524458,25787,1645536.3719703727,1685304,269256,255202,14245,11542,Metal (Gold/RUB),0.6873752746477502,0.6873752746477502,103.40000000000146,1.0350350350350497,20.338077325784308,0.5133985943583662,0.013398594358366211,116.43220941480867,9,3,Thursday
2025-09-26,GLDRUBF,9978.0,10035.2,9932.6,9979.5,9982.686212715002,387766,18372,1632592.8627258872,1679024,199935,187831,9438,8934,Metal (Gold/RUB),-0.10510510510510773,0.10510510510510773,102.60000000000036,1.0281076206222792,21.106357500544306,0.5156073508249821,0.015607350824982102,116.30983321872705,9,4,Friday
2025-09-27,GLDRUBF,9984.7,9989.1,9961.0,9980.0,9979.461832946636,5020,862,1584153.7424593968,1584976,2820,2200,390,472,Metal (Gold/RUB),0.005010271055660986,0.005010271055660986,28.100000000000364,0.2815631262525087,5.823665893271461,0.5617529880478087,0.06175298804780871,116.3156606566357,9,5,Saturday
2025-09-28,GLDRUBF,9980.0,9987.0,9968.2,9975.0,9978.29019138756,4744,418,1579878.3923444976,1583740,2745,1999,202,216,Metal (Gold/RUB),-0.05010020040080443,0.05010020040080443,18.799999999999272,0.18847117794485485,11.349282296650717,0.5786256323777403,0.07862563237774034,116.2573862775492,9,6,Sunday
2025-09-29,GLDRUBF,10080.0,10134.0,10019.2,10114.9,10078.609550170173,461016,24387,1576827.0442448845,1594284,243368,217648,13363,11024,Metal (Gold/RUB),1.4025062656641607,1.4025062656641607,114.79999999999927,1.1349593174425776,18.90417025464387,0.5278949103718743,0.027894910371874304,117.88790340438922,9,0,Monday
2025-09-30,GLDRUBF,10194.9,10199.9,9975.1,10088.0,10053.801936365895,879598,40230,1589363.3666418097,1634066,398133,481465,19027,21203,Metal (Gold/RUB),-0.26594429999307057,0.26594429999307057,224.79999999999927,2.2283901665344894,21.864230673626647,0.4526306335394123,0.0473693664605877,117.5743872449039,9,1,Tuesday
2025-10-01,GLDRUBF,10090.0,10110.9,9962.4,9984.9,10034.911889896972,696118,32515,1550976.1781946793,1588266,345922,350196,15693,16822,Metal (Gold/RUB),-1.0220063441713,1.0220063441713,148.5,1.4872457410690143,21.409134245732737,0.4969301181696207,0.0030698818303793174,116.37276954814047,10,2,Wednesday
2025-10-02,GLDRUBF,9980.5,10073.7,9875.7,9959.0,9965.7571177896,679703,35903,1632555.1524385149,1682004,342776,336927,17750,18153,Metal (Gold/RUB),-0.2593916814389696,0.2593916814389696,198.0,1.988151420825384,18.931649165807872,0.5043026145242848,0.00430261452428482,116.07090826447244,10,3,Thursday
2025-10-03,GLDRUBF,9975.0,10228.5,9933.0,10212.6,10097.000688231246,904858,37778,1553175.7044840914,1656886,476234,428624,20895,16883,Metal (Gold/RUB),2.5464404056632306,2.5464404056632306,295.5,2.8934845191234357,23.951982635396263,0.5263079952876584,0.02630799528765837,119.02658477173927,10,4,Friday
2025-10-04,GLDRUBF,10210.0,10221.0,10191.6,10203.0,10209.863800277391,13540,1442,1476084.2552011097,1478654,7541,5999,701,741,Metal (Gold/RUB),-0.09400152752482294,0.09400152752482294,29.399999999999636,0.28815054395765594,9.389736477115118,0.5569423929098966,0.056942392909896555,118.91469796389318,10,5,Saturday
2025-10-05,GLDRUBF,10200.2,10248.8,10195.0,10245.0,10225.877021563343,14530,1484,1479822.5094339622,1480950,9531,4999,895,589,Metal (Gold/RUB),0.41164363422523387,0.41164363422523387,53.79999999999927,0.5251342118106322,9.7911051212938,0.6559532002752925,0.15595320027529247,119.40420274821972,10,6,Sunday
2025-10-06,GLDRUBF,10327.0,10422.5,10280.5,10381.7,10377.327276025677,714882,35830,1443085.886352219,1487466,372931,341951,18639,17191,Metal (Gold/RUB),1.3343094192288962,1.3343094192288962,142.0,1.3677914021788338,19.95205135361429,0.5216679116273735,0.02166791162737347,120.99742427244438,10,0,Monday
2025-10-07,GLDRUBF,10382.0,10414.5,10235.2,10411.1,10331.685259517617,600163,33832,1392598.4048238355,1421894,286343,313820,17128,16704,Metal (Gold/RUB),0.28319061425392533,0.28319061425392533,179.29999999999927,1.7222003438637539,17.73950697564436,0.4771087187980599,0.022891281201940117,121.34007762147294,10,1,Tuesday
2025-10-08,GLDRUBF,10504.0,10534.9,10447.0,10478.0,10487.002529920606,622593,33756,1403857.689951416,1452962,312952,309641,17223,16533,Metal (Gold/RUB),0.6425833965671313,0.6425833965671313,87.89999999999964,0.8389005535407486,18.443921080696764,0.5026590404967611,0.0026590404967611336,122.11978881365017,10,2,Wednesday
2025-10-09,GLDRUBF,10488.7,10552.7,10260.0,10341.5,10438.889659059594,768225,39919,1398532.6950073899,1452080,396123,372102,20020,19899,Metal (Gold/RUB),-1.3027295285359841,1.3027295285359841,292.7000000000007,2.8303437605763255,19.244595305493625,0.5156340915747339,0.015634091574733944,120.52889826458899,10,3,Thursday
2025-10-10,GLDRUBF,10341.5,10478.0,10273.5,10475.0,10380.843584876222,563466,38456,1340415.9323902642,1367584,278396,285070,20020,18436,Metal (Gold/RUB),1.290915244403612,1.290915244403612,204.5,1.9522673031026252,14.652225920532556,0.4940777260739778,0.005922273926022181,122.08482418619828,10,4,Friday
2025-10-11,GLDRUBF,10459.5,10495.1,10451.7,10485.5,10480.405550918196,15938,2396,1312409.6268781302,1313548,8954,6984,1270,1126,Metal (Gold/RUB),0.10023866348449761,0.10023866348449761,43.399999999999636,0.41390491631300025,6.651919866444073,0.5618019826828963,0.06180198268289627,122.20720038227992,10,5,Saturday
2025-10-12,GLDRUBF,10484.5,10524.6,10470.0,10513.1,10500.442429577464,19091,2272,1314455.5211267606,1319708,11809,7282,1236,1036,Metal (Gold/RUB),0.26322063802393103,0.26322063802393103,54.600000000000364,0.519352046494377,8.402728873239436,0.6185637211251375,0.11856372112513747,122.52887495483735,10,6,Sunday
2025-10-13,GLDRUBF,10572.5,10619.9,10506.0,10566.4,10544.059948150822,634493,30473,1361635.5577068224,1440006,327625,306868,16849,13624,Metal (Gold/RUB),0.5069865215778346,0.5069865215778346,113.89999999999964,1.07794518473652,20.821481311324778,0.5163571544524526,0.01635715445245256,123.15007983589933,10,0,Monday
2025-10-14,GLDRUBF,10572.0,10610.9,10461.0,10566.6,10546.957960854692,620709,35662,1370030.1455891426,1419200,313053,307656,17526,18136,Metal (Gold/RUB),0.0018927922471378977,0.0018927922471378977,149.89999999999964,1.4186209376715275,17.405333408109474,0.5043474478378758,0.004347447837875773,123.15241081106281,10,1,Tuesday
2025-10-15,GLDRUBF,10628.6,10669.2,10556.0,10617.4,10612.817465694925,550225,35126,1349023.4084723566,1370356,275901,274324,17728,17398,Metal (Gold/RUB),0.48076013097873016,0.48076013097873016,113.20000000000073,1.066174392977572,15.664322723908215,0.5014330501158617,0.0014330501158617004,123.74447850258154,10,2,Wednesday
2025-10-16,GLDRUBF,10615.0,11186.1,10567.8,11135.2,10865.12031271778,1207901,78921,1300678.4332687117,1381076,650062,557839,44090,34831,Metal (Gold/RUB),4.876900182718935,4.876900182718935,618.3000000000011,5.5526618291544025,15.305191267216584,0.5381749000952892,0.03817490009528923,129.77937320077854,10,3,Thursday
2025-10-17,GLDRUBF,11219.4,11377.4,10866.0,11070.9,11165.127641543455,1663084,99828,1201260.4996193452,1339782,813471,849613,48888,50940,Metal (Gold/RUB),-0.5774480925353931,0.5774480925353931,511.39999999999964,4.619317309342508,16.659494330248027,0.4891340425378393,0.01086595746216068,129.02996468572627,10,4,Friday
2025-10-18,GLDRUBF,11070.9,11117.2,10961.0,11006.8,11023.026530218189,40443,5179,1058006.2483104847,1059492,17390,23053,2358,2821,Metal (Gold/RUB),-0.5789953842957662,0.5789953842957662,156.20000000000073,1.4191227241341782,7.80903649353157,0.42998788418267686,0.07001211581732314,128.28288714583744,10,5,Saturday
2025-10-19,GLDRUBF,11010.0,11078.2,10960.1,11050.1,11019.69042799306,26634,3458,1055540.3342972817,1058432,13478,13156,2014,1444,Metal (Gold/RUB),0.39339317512812055,0.39339317512812055,118.10000000000036,1.0687686084288863,7.70213996529786,0.5060449050086355,0.006044905008635526,128.78754326872647,10,6,Sunday
2025-10-20,GLDRUBF,11093.0,11320.3,10951.1,11285.1,11130.908779676567,818991,52314,1038951.6478571702,1066300,436734,382257,27956,24358,Metal (Gold/RUB),2.1266775866281673,2.1266775866281673,369.1999999999989,3.2715704778867614,15.655293038192454,0.5332586072374421,0.03325860723744212,131.52643908579154,10,0,Monday
2025-10-21,GLDRUBF,11226.0,11288.3,10668.6,10806.0,10966.234157358827,1638640,93201,1072050.8254203282,1109608,770409,868231,44415,48786,Metal (Gold/RUB),-4.245420953292401,4.245420953292401,619.6999999999989,5.734776975754201,17.581785603158764,0.4701514670702534,0.029848532929746596,125.94258808172398,10,1,Tuesday
2025-10-22,GLDRUBF,10810.0,10976.7,10490.8,10764.6,10679.532218131097,1787350,97501,1146575.0559276314,1229712,892599,894751,48375,49126,Metal (Gold/RUB),-0.38312048861742776,0.38312048861742776,485.90000000000146,4.513869535328776,18.331606855314305,0.4993979914398411,0.0006020085601589065,125.46007622288784,10,2,Wednesday
2025-10-23,GLDRUBF,10800.0,10859.1,10620.2,10770.0,10757.888784321527,900211,50260,1178751.3431356943,1223492,458730,441481,25723,24537,Metal (Gold/RUB),0.050164427846821624,0.050164427846821624,238.89999999999964,2.2181987000928474,17.91108237166733,0.5095805316753517,0.009580531675351667,125.52301255230125,10,3,Thursday
2025-10-24,GLDRUBF,10750.0,10750.0,10436.6,10524.2,10570.51996370236,1013603,58957,1195836.1212748275,1264724,501420,512183,28821,30136,Metal (Gold/RUB),-2.2822655524605273,2.2822655524605273,313.39999999999964,2.977898557610076,17.192241803348203,0.4946907221071761,0.005309277892823927,122.65824407640937,10,4,Friday
2025-10-27,GLDRUBF,10488.9,10509.0,10090.8,10206.0,10256.471758442909,1075804,59547,1158179.1984818715,1215860,507724,568080,29110,30437,Metal (Gold/RUB),-3.023507725052743,3.023507725052743,418.2000000000007,4.097589653145215,18.06646850387089,0.47194842183148605,0.028051578168513946,118.94966259134507,10,0,Monday
2025-10-28,GLDRUBF,10173.0,10173.0,9958.6,10085.5,10062.304928495667,999649,54682,1129205.2090633116,1219172,507509,492140,26234,28448,Metal (Gold/RUB),-1.1806780325298805,1.1806780325298805,214.39999999999964,2.125824203063801,18.281134559818586,0.5076871982065705,0.007687198206570489,117.54525005536065,10,1,Tuesday
2025-10-29,GLDRUBF,10099.0,10344.4,10086.0,10114.8,10237.305291582667,943766,54067,1048587.8845876413,1079864,473965,469801,27691,26376,Metal (Gold/RUB),0.290516087452275,0.290516087452275,258.39999999999964,2.55467236129236,17.455490410046792,0.5022060553145589,0.0022060553145588635,117.88673791680748,10,2,Wednesday
2025-10-30,GLDRUBF,10160.0,10454.8,10160.0,10451.1,10319.847811331609,996421,52155,1049825.6287220784,1071114,513227,483194,27649,24506,Metal (Gold/RUB),3.324830940799628,3.324830940799628,294.7999999999993,2.820755709925264,19.104994727255296,0.5150704370943607,0.015070437094360734,121.80627265416486,10,3,Thursday
2025-10-31,GLDRUBF,10425.7,10496.9,10282.2,10385.4,10407.284444040602,643573,38519,1033699.8502037955,1056198,307449,336124,18892,19627,Metal (Gold/RUB),-0.6286419611332805,0.6286419611332805,214.6999999999989,2.067325283571157,16.707936343103402,0.477722029979505,0.022277970020494975,121.04054731296836,10,4,Friday
2025-11-01,GLDRUBF,10390.0,10425.9,10319.2,10412.5,10376.195591881715,145945,10889,1050650.0833869043,1060872,64884,81061,5504,5385,Metal (Gold/RUB),0.2609432472509443,0.2609432472509443,106.69999999999891,1.0247298919567722,13.402975479842043,0.4445784370824626,0.055421562917537415,121.35639444761716,11,5,Saturday
2025-11-03,GLDRUBF,10413.0,10464.8,10280.1,10327.0,10354.48532867455,364066,26044,1100174.7621717094,1126322,181803,182263,12785,13259,Metal (Gold/RUB),-0.8211284513805484,0.8211284513805484,184.6999999999989,1.7885155417836633,13.97888189218246,0.4993682464168585,0.0006317535831414922,120.35990256523816,11,0,Monday
2025-11-05,GLDRUBF,10239.0,10414.0,10188.0,10388.0,10342.569576993305,654176,32860,1063772.133718807,1105828,353569,300607,17419,15441,Metal (Gold/RUB),0.5906846131499943,0.5906846131499943,226.0,2.175587216018483,19.907973219720024,0.5404799320060657,0.0404799320060657,121.07084999009334,11,2,Wednesday
2025-11-06,GLDRUBF,10399.0,10497.9,10345.0,10391.5,10420.036760589663,512138,32154,1043728.637929962,1068430,257246,254892,16896,15258,Metal (Gold/RUB),0.03369272237196963,0.03369272237196963,152.89999999999964,1.4713948900543679,15.927660633202711,0.5022982086859401,0.0022982086859401063,121.11164205545388,11,3,Thursday
2025-11-07,GLDRUBF,10405.2,10476.7,10338.5,10405.4,10405.335633237823,411180,26175,1000904.5217956065,1015846,204268,206912,12965,13210,Metal (Gold/RUB),0.13376317182312025,0.13376317182312025,138.20000000000073,1.3281565341072974,15.708882521489972,0.49678486307699793,0.003215136923002071,121.27364482931434,11,4,Friday
2025-11-08,GLDRUBF,10388.8,10418.0,10382.1,10394.2,10403.67735077678,5544,1223,969835.4374488961,970242,2699,2845,652,571,Metal (Gold/RUB),-0.10763641955137127,0.10763641955137127,35.899999999999636,0.3453849262088437,4.533115290269828,0.48683261183261184,0.013167388167388161,121.1431102201606,11,5,Saturday
2025-11-09,GLDRUBF,10394.2,10420.0,10377.8,10420.0,10400.46051364366,3814,623,968932.2760834671,969496,2041,1773,345,278,Metal (Gold/RUB),0.24821535086874125,0.24821535086874125,42.20000000000073,0.40499040307102424,6.121990369181381,0.5351337178814892,0.035133717881489224,121.4438060162469,11,6,Sunday
2025-11-10,GLDRUBF,10539.0,10731.4,10526.1,10723.3,10627.315788458889,567040,36305,1019861.245558463,1051792,309345,257695,19542,16763,Metal (Gold/RUB),2.910748560460652,2.910748560460652,205.29999999999927,1.91452258166795,15.618785291282192,0.5455435242663657,0.045543524266365654,124.9787298516334,11,0,Monday
2025-11-11,GLDRUBF,10753.5,10819.8,10627.5,10730.4,10738.008044249384,493895,33266,992122.0300006012,1048596,238995,254900,16435,16831,Metal (Gold/RUB),0.06621096117800374,0.06621096117800374,192.29999999999927,1.792104674569441,14.846840618048457,0.48389839945737456,0.01610160054262544,125.06147946993624,11,1,Tuesday
2025-11-12,GLDRUBF,10670.0,10914.4,10649.0,10887.9,10781.574216377441,556141,36880,964874.9376898048,997196,277622,278519,18852,18028,Metal (Gold/RUB),1.4677924401699904,1.4677924401699904,265.39999999999964,2.437568309775068,15.079745119305857,0.49919354983718156,0.0008064501628184395,126.8971224111607,11,2,Wednesday
2025-11-13,GLDRUBF,10910.0,10978.2,10747.1,10830.5,10891.062521970081,679816,51206,977572.811545522,1010384,323307,356509,25351,25855,Metal (Gold/RUB),-0.5271907346687588,0.5271907346687588,231.10000000000036,2.1337888370804707,13.276100456977698,0.4755801569836544,0.024419843016345588,126.22813253924778,11,3,Thursday
2025-11-14,GLDRUBF,10872.0,10966.9,10511.2,10667.2,10732.14191868125,857018,65274,961646.2751478383,1022658,406953,450065,32193,33081,Metal (Gold/RUB),-1.5077789575735134,1.5077789575735134,455.6999999999989,4.271973901304924,13.129546220547232,0.47484766947718715,0.02515233052281285,124.32489131828302,11,4,Friday
2025-11-15,GLDRUBF,10679.0,10679.0,10621.0,10646.6,10651.352733686066,5716,1134,951701.2204585538,952516,2290,3426,554,580,Metal (Gold/RUB),-0.19311534423279708,0.19311534423279708,58.0,0.54477485770105,5.040564373897707,0.400629811056683,0.099370188943317,124.08480087644666,11,5,Saturday
2025-11-16,GLDRUBF,10650.0,10675.0,10634.0,10657.9,10657.869735006972,3522,717,950915.4783821478,951464,1915,1607,415,302,Metal (Gold/RUB),0.10613717055210081,0.10613717055210081,41.0,0.38469116805374415,4.912133891213389,0.543725156161272,0.04372515616127204,124.21650097318214,11,6,Sunday
2025-11-17,GLDRUBF,10599.8,10737.0,10474.0,10538.0,10627.72451705165,567994,41257,979629.1195675886,1017980,278729,289265,20283,20974,Metal (Gold/RUB),-1.1249870987718014,1.1249870987718014,263.0,2.495729739988613,13.767215260440652,0.4907252541400085,0.009274745859991496,122.81908136268807,11,0,Monday
2025-11-18,GLDRUBF,10512.0,10646.0,10415.8,10613.7,10541.466794892975,648083,42373,971181.4029216719,1028996,328015,320068,21447,20926,Metal (Gold/RUB),0.7183526285822861,0.7183526285822861,230.20000000000073,2.1688949188313282,15.29471597479527,0.5061311591262231,0.006131159126223085,123.70135546205756,11,1,Tuesday
2025-11-19,GLDRUBF,10653.0,10697.4,10494.1,10547.2,10617.633290693957,613157,37524,1020311.1637352095,1055010,321547,291610,19549,17975,Metal (Gold/RUB),-0.6265487059178176,0.6265487059178176,203.29999999999927,1.9275257888349444,16.34039548022599,0.5244121815456726,0.024412181545672595,122.92630622020724,11,2,Wednesday
2025-11-20,GLDRUBF,10540.0,10563.8,10372.9,10414.0,10482.60322307439,656228,42506,1096490.9820731191,1144390,304172,352056,20320,22186,Metal (Gold/RUB),-1.262894417475735,1.262894417475735,190.89999999999964,1.8331092759746461,15.438479273514327,0.4635157292892105,0.036484270710789524,121.3738767613431,11,3,Thursday
2025-11-21,GLDRUBF,10375.0,10438.7,10190.0,10343.1,10308.118282804906,782761,43210,1113909.5341819024,1169012,377538,405223,21349,21861,Metal (Gold/RUB),-0.6808142884578428,0.6808142884578428,248.70000000000073,2.4045015517591506,18.115274242073593,0.48231580265240603,0.017684197347593966,120.54754606589665,11,4,Friday
2025-11-24,GLDRUBF,10300.0,10455.4,10257.0,10452.0,10326.055911951922,498962,28121,1033120.6981970769,1070700,249270,249692,14708,13413,Metal (Gold/RUB),1.0528758302636554,1.0528758302636554,198.39999999999964,1.8982013011863725,17.743394616123183,0.499577122105491,0.0004228778945090106,121.81676204240044,11,0,Monday
2025-11-25,GLDRUBF,10460.1,10520.0,10408.0,10462.5,10471.827372570258,571537,33234,976813.1602575675,1017310,295144,276393,17045,16189,Metal (Gold/RUB),0.10045924225028369,0.10045924225028369,112.0,1.070489844683393,17.197358127219115,0.5164040123386587,0.016404012338658736,121.93913823848206,11,1,Tuesday
2025-11-26,GLDRUBF,10521.0,10538.0,10443.0,10488.4,10488.995782208589,372474,20864,954330.9032783742,980464,196658,175816,10662,10202,Metal (Gold/RUB),0.2475507765830276,0.2475507765830276,95.0,0.905762556729339,17.852473159509202,0.5279777917384838,0.027977791738483804,122.24099952215009,11,2,Wednesday
2025-11-27,GLDRUBF,10471.0,10492.4,10403.0,10430.5,10438.820887577083,355693,18973,975806.4279765984,1012460,175314,180379,9242,9731,Metal (Gold/RUB),-0.5520384424697711,0.5520384424697711,89.39999999999964,0.8571017688509625,18.747325146260476,0.49288009603787536,0.007119903962124641,121.56618221232853,11,3,Thursday
2025-11-28,GLDRUBF,10481.0,10537.3,10413.6,10487.5,10462.924174274473,460596,26946,971839.351592073,1004510,214922,245674,13104,13842,Metal (Gold/RUB),0.5464742821533086,0.5464742821533086,123.69999999999891,1.179499404052433,17.093297706524158,0.46661716558545885,0.03338283441454115,122.23051013391452,11,4,Friday
2025-11-29,GLDRUBF,10490.0,10531.0,10409.8,10512.7,10496.785412844036,36297,3270,930474.1675840978,937494,19847,16450,1656,1614,Metal (Gold/RUB),0.2402860548271768,0.2402860548271768,121.20000000000073,1.1528912648510918,11.1,0.5467945009229412,0.04679450092294124,122.52421300451044,11,5,Saturday
2025-11-30,GLDRUBF,10512.7,10522.2,10495.0,10511.6,10505.967435897435,3765,780,927768.2512820513,928676,1693,2072,372,408,Metal (Gold/RUB),-0.01046353458198368,0.01046353458198368,27.200000000000728,0.2587617489250041,4.826923076923077,0.449667994687915,0.05033200531208498,122.51139264111141,11,6,Sunday
2025-12-01,GLDRUBF,10516.0,10628.8,10506.8,10570.0,10578.535707472178,492511,28305,949943.0321144674,973588,246040,246471,14862,13443,Metal (Gold/RUB),0.5555766962213049,0.5555766962213049,122.0,1.1542100283822139,17.40014131778838,0.4995624463209959,0.00043755367900411013,123.19203738884161,12,0,Monday
2025-12-02,GLDRUBF,10545.0,10564.0,10391.6,10510.0,10465.177578765644,403172,27804,959954.9005179111,992052,187730,215442,13397,14407,Metal (Gold/RUB),-0.5676442762535427,0.5676442762535427,172.39999999999964,1.640342530922927,14.500503524672709,0.46563253400533766,0.03436746599466234,122.49274483980372,12,1,Tuesday
2025-12-03,GLDRUBF,10500.0,10559.8,10321.0,10378.2,10456.159437314907,435689,30390,978278.6327739388,1000778,217243,218446,14744,15646,Metal (Gold/RUB),-1.2540437678401406,1.2540437678401406,238.79999999999927,2.300977048043006,14.336590983876276,0.4986194280782852,0.0013805719217148127,120.95663220708384,12,2,Wednesday
2025-12-04,GLDRUBF,10337.6,10404.9,10214.3,10255.5,10325.691114051044,565016,36282,1084165.4220274517,1165120,258123,306893,16889,19393,Metal (Gold/RUB),-1.1822859455396961,1.1822859455396961,190.60000000000036,1.8585149432012127,15.572901163111185,0.45684193014003144,0.04315806985996856,119.52657894430135,12,3,Thursday
2025-12-05,GLDRUBF,10264.5,10485.4,10239.7,10400.9,10379.617784899372,609159,39005,1067764.5587488783,1173952,301681,307478,20752,18253,Metal (Gold/RUB),1.4177758276046948,1.4177758276046948,245.6999999999989,2.362295570575613,15.617459300089733,0.49524180058080075,0.004758199419199249,121.2211978881365,12,4,Friday
2025-12-08,GLDRUBF,10415.0,10498.0,10303.0,10382.0,10385.227558371997,388208,26511,1034659.5144656935,1058350,197268,190940,12666,13845,Metal (Gold/RUB),-0.18171504389042914,0.18171504389042914,195.0,1.8782508187247158,14.643280147863152,0.5081502699583729,0.008150269958372869,121.00092073518955,12,0,Monday
2025-12-09,GLDRUBF,10349.4,10541.8,10305.5,10484.5,10418.883492258792,487397,29259,1017410.7752828189,1052192,244514,242883,15440,13819,Metal (Gold/RUB),0.9872856867655599,0.9872856867655599,236.29999999999927,2.253803233344454,16.65801975460542,0.5016731740244605,0.0016731740244605442,122.19554550646264,12,1,Tuesday
2025-12-10,GLDRUBF,10509.5,10676.3,10413.0,10650.0,10517.126487264874,609775,33333,1113393.6155161553,1187062,337109,272666,18451,14882,Metal (Gold/RUB),1.5785206733749835,1.5785206733749835,263.2999999999993,2.472300469483561,18.293432934329342,0.5528416219097207,0.05284162190972075,124.12442745422547,12,2,Wednesday
2025-12-11,GLDRUBF,10620.4,10826.9,10545.7,10789.5,10676.291562294002,620249,36408,1252488.6237640078,1291312,300199,320050,17849,18559,Metal (Gold/RUB),1.3098591549295824,1.3098591549295824,281.1999999999989,2.6062375457620734,17.03606350252692,0.4839975558203238,0.016002444179676223,125.75028263073858,12,3,Thursday
2025-12-12,GLDRUBF,10761.9,10977.9,10720.0,10821.0,10871.94815298643,648772,41337,1268932.0459152816,1305098,321781,326991,20554,20783,Metal (Gold/RUB),0.29195050743777706,0.29195050743777706,257.89999999999964,2.383328712688288,15.694704502019983,0.49598472190538434,0.00401527809461566,126.11741121898345,12,4,Friday
2025-12-13,GLDRUBF,10817.0,10866.0,10803.0,10844.1,10847.00651851852,7472,1350,1202856.4074074074,1203940,4124,3348,677,673,Metal (Gold/RUB),0.2134738009426096,0.2134738009426096,63.0,0.5809610756079342,5.534814814814815,0.5519271948608137,0.05192719486081365,126.38663885036306,12,5,Saturday
2025-12-14,GLDRUBF,10845.0,10858.4,10777.1,10784.6,10822.496336633663,12369,2020,1204019.5564356435,1204760,3182,9187,696,1324,Metal (Gold/RUB),-0.5486854602963831,0.5486854602963831,81.29999999999927,0.7538527159097164,6.123267326732673,0.2572560433341418,0.24274395666585818,125.69317373923381,12,6,Sunday
2025-12-15,GLDRUBF,10886.0,10982.0,10882.0,10923.8,10926.615471062603,437121,30877,1175258.3846228584,1218074,216334,220787,16154,14723,Metal (Gold/RUB),1.2907293733657177,1.2907293733657177,100.0,0.9154323587030154,14.15684813939178,0.49490644466863865,0.005093555331361355,127.3155324530017,12,0,Monday
2025-12-16,GLDRUBF,10890.0,10911.7,10790.9,10870.0,10851.984539681205,379232,23777,1130559.2206754426,1160338,177411,201821,11708,12069,Metal (Gold/RUB),-0.4925026089822149,0.4925026089822149,120.80000000000109,1.1113155473781149,15.949531059427178,0.467816534469665,0.03218346553033502,126.68850013403106,12,1,Tuesday
2025-12-17,GLDRUBF,10924.0,11052.6,10898.0,10998.8,10957.336670052971,416904,27562,1189262.9349103838,1237806,237406,179498,15647,11915,Metal (Gold/RUB),1.1849126034958468,1.1849126034958468,154.60000000000036,1.4056078844964939,15.126043102822727,0.5694500412565003,0.06945004125650034,128.18964813929907,12,2,Wednesday
2025-12-18,GLDRUBF,10998.0,11129.4,10926.8,11079.3,10999.503777835544,496783,34623,1233345.3781012623,1262196,255058,241725,17270,17353,Metal (Gold/RUB),0.7318980252391194,0.7318980252391194,202.60000000000036,1.8286353831018238,14.348352251393582,0.5134193400337773,0.013419340033777316,129.12786564259156,12,3,Thursday
2025-12-19,GLDRUBF,11046.3,11100.0,10915.9,11000.0,11001.354466453673,505492,31300,1285847.1601916933,1308270,261199,244293,15776,15524,Metal (Gold/RUB),-0.71574918993077,0.71574918993077,184.10000000000036,1.6736363636363671,16.149904153354633,0.5167223220149874,0.016722322014987356,128.20363399027983,12,4,Friday
2025-12-20,GLDRUBF,10981.0,11029.9,10966.4,11013.6,11012.992390331245,8349,1117,1283563.3804834378,1285598,5640,2709,666,451,Metal (Gold/RUB),0.1236363636363702,0.1236363636363702,63.5,0.576559889591051,7.474485228290063,0.6755300035932447,0.17553000359324467,128.36214030139507,12,5,Saturday
2025-12-21,GLDRUBF,11014.4,11040.1,11002.3,11018.5,11019.908462238398,6020,1099,1284154.6205641492,1285054,2755,3265,558,541,Metal (Gold/RUB),0.04449044817316228,0.04449044817316228,37.80000000000109,0.343059400099842,5.477707006369426,0.457641196013289,0.04235880398671099,128.41924919289985,12,6,Sunday
2025-12-22,GLDRUBF,11142.0,11151.6,10965.5,11040.0,11038.10685440428,427972,26917,1291707.7056878554,1319128,203276,224696,13103,13814,Metal (Gold/RUB),0.19512637836365254,0.19512637836365254,186.10000000000036,1.6856884057971047,15.899691644685515,0.47497499836437895,0.025025001635621047,128.66982902297175,12,0,Monday
2025-12-23,GLDRUBF,11103.0,11145.0,10927.5,11090.0,11051.612669669006,515749,31753,1304347.1146033446,1353592,249644,266105,15933,15820,Metal (Gold/RUB),0.45289855072463414,0.45289855072463414,217.5,1.9612263300270514,16.242528265045824,0.4840416559217759,0.015958344078224107,129.25257281383665,12,1,Tuesday
2025-12-24,GLDRUBF,11089.0,11187.0,11020.6,11081.3,11095.580893308284,431024,30874,1295651.464338926,1330258,221552,209472,16613,14261,Metal (Gold/RUB),-0.07844905320109063,0.07844905320109063,166.39999999999964,1.5016288702589013,13.960743667811103,0.5140131407995843,0.014013140799584267,129.15117539422616,12,2,Wednesday
2025-12-25,GLDRUBF,11087.0,11087.0,10985.1,11024.0,11012.528297814944,251541,18535,1247207.196870785,1273908,117527,134014,8909,9626,Metal (Gold/RUB),-0.5170873453475555,0.5170873453475555,101.89999999999964,0.9243468795355555,13.571135689236579,0.46722800656751784,0.03277199343248216,128.483351009895,12,3,Thursday
2025-12-26,GLDRUBF,11031.5,11132.2,11001.5,11074.8,11063.191219227116,404246,27378,1240053.537950179,1264402,209979,194267,14289,13089,Metal (Gold/RUB),0.4608127721335231,0.4608127721335231,130.70000000000073,1.1801567522664134,14.76535904741033,0.5194337111560783,0.01943371115607828,129.07541870141372,12,4,Friday
2025-12-27,GLDRUBF,11075.0,11102.0,11045.0,11085.9,11080.65035971223,7378,1251,1239991.6786570742,1240666,4893,2485,622,629,Metal (Gold/RUB),0.10022754361251884,0.10022754361251884,57.0,0.5141666441154981,5.897681854516387,0.6631878557874763,0.1631878557874763,129.20478782298574,12,5,Saturday
2025-12-28,GLDRUBF,11080.0,11128.7,11076.5,11120.0,11111.803758325404,14777,2102,1239389.9476688867,1241610,9753,5024,1266,836,Metal (Gold/RUB),0.30759793972523486,0.30759793972523486,52.20000000000073,0.46942446043166125,7.029971455756423,0.6600121810922379,0.16001218109223792,129.6022190883556,12,6,Sunday
2025-12-29,GLDRUBF,11068.9,11084.4,10662.1,10781.1,10888.831070119157,668218,43640,1170793.2527497709,1239440,316137,352081,20135,23505,Metal (Gold/RUB),-3.047661870503593,3.047661870503593,422.2999999999993,3.917040005194268,15.31205316223648,0.47310458562924074,0.026895414370759263,125.65238167387326,12,0,Monday
2025-12-30,GLDRUBF,10854.0,11088.9,10784.2,11005.0,10950.999054031021,323265,23468,1025142.0532640191,1093914,160333,162932,12493,10975,Metal (Gold/RUB),2.0767825175538546,2.0767825175538546,304.6999999999989,2.7687414811449242,13.774714504857679,0.495980078263963,0.004019921736036991,128.26190836936632,12,1,Tuesday
2024-12-30,IMOEXF,2879.0,2914.0,2875.5,2905.0,2891.2096400757737,47907,4751,701949.0376762787,705584,26072,21835,2626,2125,Index (MOEX Index),,,38.5,1.3253012048192772,10.083561355504104,0.5442210950383034,0.044221095038303404,100.0,12,0,Monday
2025-01-03,IMOEXF,2907.0,2912.0,2816.0,2832.0,2846.3532950089466,281552,26267,674663.4858948491,706366,126978,154574,12125,14142,Index (MOEX Index),-2.512908777969014,2.512908777969014,96.0,3.389830508474576,10.718848745574295,0.4509930670000568,0.04900693299994319,97.48709122203098,1,4,Friday
2025-01-06,IMOEXF,2820.0,2832.0,2795.5,2832.0,2813.7694967868424,162946,18362,669868.1174164035,681206,89980,72966,9803,8559,Index (MOEX Index),0.0,0.0,36.5,1.2888418079096045,8.87408779000109,0.552207479778577,0.05220747977857698,97.48709122203098,1,0,Monday
2025-01-08,IMOEXF,2827.0,2852.5,2815.5,2844.5,2837.697785012128,156095,15666,687748.1789863398,693134,79870,76225,8029,7637,Index (MOEX Index),0.4413841807909602,0.4413841807909602,37.0,1.30075584461241,9.963934635516406,0.5116755821775201,0.011675582177520072,97.91738382099828,1,2,Wednesday
2025-01-09,IMOEXF,2850.0,2859.5,2762.0,2772.5,2797.639139224474,485500,41056,706021.9399356976,723002,229257,256243,19263,21793,Index (MOEX Index),-2.531200562489011,2.531200562489011,97.5,3.5166816952209197,11.825311769290725,0.4722080329557158,0.027791967044284216,95.43889845094664,1,3,Thursday
2025-01-10,IMOEXF,2777.0,2849.0,2750.5,2836.0,2802.773068837035,562049,48041,746458.8578922171,788192,295387,266662,25091,22950,Index (MOEX Index),2.2903516681695324,2.2903516681695324,98.5,3.473201692524683,11.699360962511188,0.5255538218198057,0.0255538218198057,97.62478485370052,1,4,Friday
2025-01-13,IMOEXF,2859.5,2887.5,2840.0,2857.0,2862.769828091424,414265,40952,793106.6368919711,807412,202170,212095,20019,20933,Index (MOEX Index),0.7404795486600779,0.7404795486600779,47.5,1.662583129156458,10.115867356905646,0.48802095277177654,0.01197904722822346,98.34767641996558,1,0,Monday
2025-01-14,IMOEXF,2847.0,2884.0,2832.5,2875.0,2862.243650997242,324536,31186,802066.6461873918,811790,162399,162137,15915,15271,Index (MOEX Index),0.630031501575079,0.630031501575079,51.5,1.7913043478260868,10.406464439171422,0.5004036532156679,0.0004036532156679318,98.9672977624785,1,1,Tuesday
2025-01-15,IMOEXF,2876.5,2910.5,2842.0,2909.5,2870.3287700626556,348417,34953,797421.0234314651,807598,186199,162218,18009,16944,Index (MOEX Index),1.200000000000001,1.200000000000001,68.5,2.35435641862863,9.968157239721913,0.5344142220385343,0.03441422203853428,100.15490533562823,1,2,Wednesday
2025-01-16,IMOEXF,2912.5,2935.5,2894.5,2913.0,2915.992161566233,441418,41271,815386.2992900584,828780,217153,224265,20099,21172,Index (MOEX Index),0.12029558343358282,0.12029558343358282,41.0,1.4074836937864745,10.695597392842432,0.4919441436461585,0.008055856353841484,100.27538726333907,1,3,Thursday
2025-01-17,IMOEXF,2912.5,2959.5,2897.0,2957.5,2931.753922432071,401885,30657,827946.6168248687,843506,210978,190907,16091,14566,Index (MOEX Index),1.5276347408170299,1.5276347408170299,62.5,2.113271344040575,13.10907786149982,0.5249710738146485,0.02497107381464847,101.80722891566265,1,4,Friday
2025-01-20,IMOEXF,2970.0,2989.0,2905.5,2915.0,2949.007540214477,674699,56696,867732.941442077,904010,326042,348657,28706,27990,Index (MOEX Index),-1.4370245139475935,1.4370245139475935,83.5,2.8644939965694682,11.900292789614788,0.48324067473050947,0.016759325269490533,100.34423407917383,1,0,Monday
2025-01-21,IMOEXF,2918.0,2951.0,2889.5,2948.0,2918.6209407481356,435448,34058,892188.1867402666,913314,233466,201982,17806,16252,Index (MOEX Index),1.132075471698113,1.132075471698113,61.5,2.0861601085481682,12.78548358682248,0.5361512740901324,0.03615127409013241,101.48020654044751,1,1,Tuesday
2025-01-22,IMOEXF,2953.0,2988.0,2930.0,2942.0,2955.766290593439,506182,42279,895302.498829206,913098,247373,258809,20971,21308,Index (MOEX Index),-0.2035278154681186,0.2035278154681186,58.0,1.9714479945615229,11.972421296624802,0.488703667850694,0.011296332149305977,101.27366609294319,1,2,Wednesday
2025-01-23,IMOEXF,2937.5,2964.5,2913.5,2964.5,2933.9088883244044,477138,43304,913443.7942915204,936180,240412,236726,22605,20699,Index (MOEX Index),0.764785859959205,0.764785859959205,51.0,1.7203575645134088,11.018335488638463,0.5038626141703239,0.0038626141703238526,102.04819277108435,1,3,Thursday
2025-01-24,IMOEXF,2964.0,2976.5,2937.5,2962.5,2958.9513476400334,378919,31314,945369.7979178642,964024,196770,182149,15906,15408,Index (MOEX Index),-0.06746500252994281,0.06746500252994281,39.0,1.3164556962025316,12.100625918119691,0.5192930415207472,0.01929304152074718,101.97934595524958,1,4,Friday
2025-01-27,IMOEXF,2960.0,2964.0,2884.5,2890.5,2915.876413429757,485768,40239,940315.1544024454,972340,211934,273834,17812,22427,Index (MOEX Index),-2.4303797468354427,2.4303797468354427,79.5,2.7503892060197197,12.072069385422102,0.4362864577329095,0.06371354226709047,99.50086058519794,1,0,Monday
2025-01-28,IMOEXF,2887.0,2949.0,2874.5,2936.0,2910.3210076087435,539256,45474,966112.6268637023,986414,272913,266343,23441,22033,Index (MOEX Index),1.5741221241999614,1.5741221241999614,74.5,2.537465940054496,11.858556537801821,0.506091726378566,0.006091726378566031,101.06712564543889,1,1,Tuesday
2025-01-29,IMOEXF,2937.5,2962.0,2930.5,2943.0,2945.7924683569104,296512,25519,952612.1525921862,963366,140343,156169,12922,12597,Index (MOEX Index),0.23841961852861804,0.23841961852861804,31.5,1.0703363914373087,11.619264077745994,0.4733130530973451,0.026686946902654884,101.30808950086059,1,2,Wednesday
2025-01-30,IMOEXF,2947.0,2974.5,2943.0,2974.0,2957.4539437629105,344430,23721,935907.5306268707,955188,188692,155738,13089,10632,Index (MOEX Index),1.0533469249065508,1.0533469249065508,31.5,1.0591795561533288,14.520045529277855,0.5478384577417763,0.04783845774177631,102.37521514629948,1,3,Thursday
2025-01-31,IMOEXF,2976.5,2997.0,2944.5,2955.0,2971.021200713295,438246,35329,925076.3645730136,953748,207529,230717,16918,18411,Index (MOEX Index),-0.638870208473441,0.638870208473441,52.5,1.7766497461928936,12.404710011605196,0.4735445389119353,0.02645546108806468,101.7211703958692,1,4,Friday
2025-02-03,IMOEXF,2945.0,2952.0,2916.5,2938.0,2934.3459946352286,366566,30197,940090.2981090837,952030,186293,180273,15117,15080,Index (MOEX Index),-0.5752961082910346,0.5752961082910346,35.5,1.2083049693669161,12.139152895983045,0.5082113452966178,0.008211345296617822,101.13597246127367,2,0,Monday
2025-02-04,IMOEXF,2936.0,2953.0,2905.0,2911.0,2925.7853822142524,326635,30114,932736.9377033937,943726,156155,170480,14965,15149,Index (MOEX Index),-0.9189925119128639,0.9189925119128639,48.0,1.6489178976296803,10.846616191804475,0.478071853904205,0.02192814609579502,100.2065404475043,2,1,Tuesday
2025-02-05,IMOEXF,2911.0,2965.0,2895.0,2959.0,2922.308604488429,467521,40014,941605.9368720948,955880,241917,225604,21825,18189,Index (MOEX Index),1.648917897629687,1.648917897629687,70.0,2.3656640757012504,11.683935622532113,0.517446275140582,0.017446275140581946,101.85886402753871,2,2,Wednesday
2025-02-06,IMOEXF,2965.0,2983.5,2953.5,2976.0,2968.1516032455415,280801,23047,904276.5795982124,926572,144718,136083,12214,10833,Index (MOEX Index),0.5745184183845842,0.5745184183845842,30.0,1.0080645161290323,12.1838417147568,0.5153756574940972,0.015375657494097195,102.44406196213424,2,3,Thursday
2025-02-07,IMOEXF,2983.0,2988.0,2960.5,2973.0,2974.354046836483,284164,29208,889126.5065735414,905232,133974,150190,13019,16189,Index (MOEX Index),-0.10080645161290036,0.10080645161290036,27.5,0.9249915909855365,9.728978362092578,0.47146718092369194,0.028532819076308058,102.34079173838211,2,4,Friday
2025-02-10,IMOEXF,2987.0,3025.0,2974.5,2986.0,3003.4805355169947,464827,46161,896443.728905353,923282,239632,225195,23392,22769,Index (MOEX Index),0.43726875210226,0.43726875210226,50.5,1.6912257200267917,10.069690864582656,0.5155294335311847,0.015529433531184744,102.78829604130809,2,0,Monday
2025-02-11,IMOEXF,2991.5,3030.0,2985.0,3027.5,3005.647276253654,348676,35576,893060.2302113784,904294,187363,161313,18073,17503,Index (MOEX Index),1.3898191560616224,1.3898191560616224,45.0,1.486374896779521,9.800876995727457,0.5373555965997087,0.03735559659970866,104.21686746987953,2,1,Tuesday
2025-02-12,IMOEXF,3037.5,3177.0,3009.0,3177.0,3082.4472091921707,841164,65447,902588.02420279,938456,435074,406090,34021,31426,Index (MOEX Index),4.9380677126341865,4.9380677126341865,168.0,5.288007554296506,12.852598285635706,0.5172285071638825,0.017228507163882467,109.36316695352839,2,2,Wednesday
2025-02-13,IMOEXF,3177.0,3267.0,3146.5,3267.0,3207.414866770578,761544,67365,879522.4496400207,915344,369774,391770,32819,34546,Index (MOEX Index),2.8328611898017053,2.8328611898017053,120.5,3.6883991429445975,11.304742818971276,0.4855582868488229,0.014441713151177094,112.46127366609295,2,3,Thursday
2025-02-14,IMOEXF,3259.5,3294.5,3154.0,3210.5,3231.3464825587926,1056201,89042,938543.3344264504,967464,524497,531704,44937,44105,Index (MOEX Index),-1.7294153657789968,1.7294153657789968,140.5,4.37626537922442,11.861829249118394,0.4965882440936905,0.0034117559063094882,110.51635111876075,2,4,Friday
2025-02-17,IMOEXF,3254.5,3363.0,3250.0,3357.5,3293.708133022749,633760,60531,954630.5988997373,966562,333614,300146,32459,28072,Index (MOEX Index),4.57872605513161,4.57872605513161,113.0,3.365599404318689,10.470007103798054,0.5264043170916435,0.02640431709164348,115.57659208261617,2,0,Monday
2025-02-18,IMOEXF,3344.5,3349.5,3224.0,3260.0,3294.744693069927,1175273,95771,987998.5650979942,1015664,556141,619132,45494,50277,Index (MOEX Index),-2.903946388682055,2.903946388682055,125.5,3.8496932515337425,12.271700201522382,0.4732015455132552,0.026798454486744783,112.22030981067125,2,1,Tuesday
2025-02-19,IMOEXF,3264.5,3325.0,3225.5,3310.0,3274.3584667802384,706441,58700,979012.5872231687,995104,358051,348390,29552,29148,Index (MOEX Index),1.5337423312883347,1.5337423312883347,99.5,3.0060422960725077,12.034770017035775,0.5068377967869928,0.006837796786992811,113.94148020654045,2,2,Wednesday
2025-02-20,IMOEXF,3304.0,3339.0,3282.5,3310.0,3312.490485530077,566185,47927,998064.5028898116,1024012,289728,276457,24338,23589,Index (MOEX Index),0.0,0.0,56.5,1.7069486404833838,11.813487178417176,0.5117196675998128,0.0117196675998128,113.94148020654045,2,3,Thursday
2025-02-21,IMOEXF,3304.5,3326.5,3265.0,3319.0,3296.4576717068776,582429,42194,1053260.7203393849,1105806,288055,294374,20910,21284,Index (MOEX Index),0.2719033232628343,0.2719033232628343,61.5,1.8529677613739077,13.80359766791487,0.49457530445771075,0.0054246955422892484,114.2512908777969,2,4,Friday
2025-02-24,IMOEXF,3317.0,3373.5,3285.5,3365.0,3319.4460449338776,522596,40682,1091056.598544811,1106360,274539,248057,21224,19458,Index (MOEX Index),1.385959626393496,1.385959626393496,88.0,2.6151560178306092,12.845877783786442,0.5253369715803412,0.025336971580341205,115.83476764199656,2,0,Monday
2025-02-25,IMOEXF,3370.0,3384.0,3337.0,3355.0,3363.8464419091392,517034,48734,1100450.4707185947,1109800,259151,257883,25409,23325,Index (MOEX Index),-0.2971768202080227,0.2971768202080227,47.0,1.4008941877794339,10.60930767020971,0.5012262249677971,0.0012262249677971182,115.49053356282273,2,1,Tuesday
2025-02-26,IMOEXF,3360.5,3368.0,3226.0,3252.5,3281.609573529762,1024148,83898,1113906.818827624,1141970,479240,544908,38420,45478,Index (MOEX Index),-3.055141579731746,3.055141579731746,142.0,4.36587240584166,12.20706095496913,0.4679401805207841,0.03205981947921588,111.96213425129086,2,2,Wednesday
2025-02-27,IMOEXF,3235.0,3272.5,3187.0,3195.0,3232.273260775381,985774,76169,1107790.83136184,1130474,479462,506312,37011,39158,Index (MOEX Index),-1.7678708685626487,1.7678708685626487,85.5,2.676056338028169,12.941931757014009,0.4863812598019424,0.013618740198057588,109.9827882960413,2,3,Thursday
2025-02-28,IMOEXF,3195.0,3264.5,3156.0,3244.5,3195.9460289665817,1377815,101082,1046991.8769316,1112932,716168,661647,50256,50826,Index (MOEX Index),1.5492957746478853,1.5492957746478853,108.5,3.344120819848975,13.630666191804673,0.5197853122516448,0.019785312251644815,111.6867469879518,2,4,Friday
2025-03-03,IMOEXF,3212.5,3213.0,3130.5,3187.0,3162.22018823159,1132757,88933,1024015.1521482464,1041498,555005,577752,43890,45043,Index (MOEX Index),-1.772229927569735,1.772229927569735,82.5,2.5886413555067462,12.737195416774426,0.48995945291002396,0.010040547089976037,109.70740103270225,3,0,Monday
2025-03-04,IMOEXF,3208.0,3318.0,3198.5,3293.0,3251.9824796786243,829245,63726,1058341.1452782224,1091502,436800,392445,33257,30469,Index (MOEX Index),3.3260119234389762,3.3260119234389762,119.5,3.6289098086850893,13.012663590998965,0.5267442070799342,0.02674420707993419,113.35628227194492,3,1,Tuesday
2025-03-05,IMOEXF,3270.0,3300.0,3213.0,3219.0,3263.83541771266,843965,65727,1080287.0877721484,1095560,406853,437112,31474,34253,Index (MOEX Index),-2.2471910112359605,2.2471910112359605,87.0,2.7027027027027026,12.840461302052429,0.4820733087272576,0.01792669127274238,110.80895008605852,3,2,Wednesday
2025-03-06,IMOEXF,3240.5,3244.0,3194.5,3215.0,3219.794983508098,706373,60939,1082758.856856857,1106836,346120,360253,29675,31264,Index (MOEX Index),-0.12426219322770882,0.12426219322770882,49.5,1.5396578538102643,11.591476722624263,0.4899960785590616,0.010003921440938424,110.67125645438898,3,3,Thursday
2025-03-07,IMOEXF,3236.0,3257.5,3160.0,3212.0,3213.3408757203015,909134,72192,1059523.287344858,1089224,456139,452995,35501,36691,Index (MOEX Index),-0.09331259720062324,0.09331259720062324,97.5,3.035491905354919,12.593279033687944,0.5017291180398049,0.001729118039804911,110.56798623063683,3,4,Friday
2025-03-10,IMOEXF,3224.0,3236.5,3190.5,3205.5,3215.2717774972302,486945,38813,1082608.7518099605,1101340,240955,245990,19100,19713,Index (MOEX Index),-0.20236612702365653,0.20236612702365653,46.0,1.4350335361098112,12.54592533429521,0.4948300116029531,0.00516998839704691,110.34423407917384,3,0,Monday
2025-03-11,IMOEXF,3200.0,3237.5,3182.5,3207.5,3207.099542740012,662183,50737,1099018.3812996433,1113298,330835,331348,25765,24972,Index (MOEX Index),0.06239276243955594,0.06239276243955594,55.0,1.71473109898675,13.051284072767409,0.49961264484289086,0.00038735515710913715,110.4130808950086,3,1,Tuesday
2025-03-12,IMOEXF,3194.5,3203.5,3166.5,3191.0,3185.937761391151,435927,36344,1116880.1413163107,1128272,210053,225874,17787,18557,Index (MOEX Index),-0.5144193296960253,0.5144193296960253,37.0,1.1595111250391725,11.994469513537311,0.48185361310494645,0.018146386895053546,109.84509466437177,3,2,Wednesday
2025-03-13,IMOEXF,3173.0,3260.0,3105.5,3176.5,3158.5810725717583,1160100,95285,1161589.7776355145,1197092,579965,580135,47111,48174,Index (MOEX Index),-0.45440300846130155,0.45440300846130155,154.5,4.863843853297654,12.17505378601039,0.49992673045427116,7.326954572883793e-05,109.34595524956971,3,3,Thursday
2025-03-14,IMOEXF,3163.0,3217.5,3138.5,3206.5,3184.643253642844,593377,63412,1164984.129723081,1207870,296426,296951,33925,29487,Index (MOEX Index),0.9444356996694436,0.9444356996694436,79.0,2.4637455169187588,9.357487541790197,0.4995576168270762,0.00044238317292377705,110.37865748709122,3,4,Friday
2025-03-17,IMOEXF,3252.5,3264.5,3217.5,3257.5,3252.345228274448,524960,42427,1221456.2290051146,1245528,269598,255362,22994,19433,Index (MOEX Index),1.5905192577576832,1.5905192577576832,47.0,1.4428242517267844,12.37325288141985,0.5135591283145382,0.013559128314538205,112.1342512908778,3,0,Monday
2025-03-18,IMOEXF,3267.0,3295.5,3190.0,3218.0,3260.1189127550792,895266,67087,1304239.297807325,1333688,440673,454593,35007,32080,Index (MOEX Index),-1.212586339217192,1.212586339217192,105.5,3.278433809819764,13.344850716234143,0.4922257742391647,0.007774225760835307,110.77452667814114,3,1,Tuesday
2025-03-19,IMOEXF,3223.5,3264.0,3201.0,3249.0,3230.20151220071,426048,34916,1321262.3608660786,1338596,225816,200232,18373,16543,Index (MOEX Index),0.9633312616531997,0.9633312616531997,63.0,1.9390581717451523,12.202085004009623,0.5300247859396124,0.03002478593961244,111.84165232358004,3,2,Wednesday
2025-03-20,IMOEXF,3254.0,3256.5,3210.5,3241.5,3234.8968600087223,532804,38981,1323379.0599522844,1344972,272690,260114,19930,19051,Index (MOEX Index),-0.23084025854108736,0.23084025854108736,46.0,1.4190960974857318,13.668299940996896,0.5118017132003514,0.011801713200351394,111.58347676419966,3,3,Thursday
2025-03-21,IMOEXF,3237.5,3252.5,3194.5,3217.5,3223.18791372407,593305,49701,1300024.4247801856,1322514,284324,308981,21373,28328,Index (MOEX Index),-0.7403979639056035,0.7403979639056035,58.0,1.8026418026418027,11.937486167280337,0.4792206369405281,0.020779363059471923,110.75731497418244,3,4,Friday
2025-03-24,IMOEXF,3207.0,3212.0,3155.0,3179.5,3184.205773281514,430336,33707,1288226.9346426558,1307718,203147,227189,16013,17694,Index (MOEX Index),-1.1810411810411758,1.1810411810411758,57.0,1.7927347067148922,12.766962352033703,0.47206601353361094,0.02793398646638906,109.44922547332186,3,0,Monday
2025-03-25,IMOEXF,3188.5,3200.5,3126.0,3195.5,3161.0696050131273,623751,68939,1261162.6126285556,1301698,296197,327554,26651,42288,Index (MOEX Index),0.5032237773234804,0.5032237773234804,74.5,2.331403536222813,9.047868405401877,0.4748641685544392,0.025135831445560808,110.00000000000001,3,1,Tuesday
2025-03-26,IMOEXF,3200.0,3204.5,3132.5,3144.5,3166.067473448678,377226,31731,1236297.6462134821,1247906,177837,199389,15066,16665,Index (MOEX Index),-1.5959943670787013,1.5959943670787013,72.0,2.289712195897599,11.888248085468469,0.47143357032654165,0.02856642967345835,108.24440619621343,3,2,Wednesday
2025-03-27,IMOEXF,3133.0,3138.5,3064.5,3067.0,3099.257812848954,648831,67165,1203833.0800267996,1258774,295836,352995,26779,40386,Index (MOEX Index),-2.464620766417558,2.464620766417558,74.0,2.41278121943267,9.66025459688826,0.45595232040392647,0.04404767959607353,105.57659208261619,3,3,Thursday
2025-03-28,IMOEXF,3048.5,3087.0,3008.0,3013.5,3036.3401367638517,812111,67123,1127476.5696706048,1153824,397112,414999,34908,32215,Index (MOEX Index),-1.7443756113465936,1.7443756113465936,79.0,2.621536419445827,12.0988483828196,0.4889873428632293,0.011012657136770687,103.73493975903614,3,4,Friday
2025-03-31,IMOEXF,3000.0,3034.0,2975.0,3015.0,3008.922356973372,672166,49309,1103904.9693159463,1123486,331219,340947,25051,24258,Index (MOEX Index),0.04977600796416404,0.04977600796416404,59.0,1.956882255389718,13.631710235453975,0.4927636923021992,0.0072363076978008145,103.78657487091223,3,0,Monday
2025-04-01,IMOEXF,3037.0,3045.0,2917.5,2920.0,2983.138547857649,863948,69153,1088947.5046635722,1108564,405395,458553,31942,37211,Index (MOEX Index),-3.1509121061359835,3.1509121061359835,127.5,4.366438356164384,12.493283010136942,0.4692354169463903,0.030764583053609684,100.51635111876077,4,1,Tuesday
2025-04-02,IMOEXF,2925.0,2975.0,2911.5,2960.0,2941.750804203303,806063,60619,1048954.4697207147,1079724,396737,409326,30712,29907,Index (MOEX Index),1.3698630136986356,1.3698630136986356,63.5,2.14527027027027,13.297200547683069,0.49219105702655996,0.007808942973440036,101.89328743545612,4,2,Wednesday
2025-04-03,IMOEXF,2977.5,2980.0,2851.5,2902.0,2913.1988214690728,915618,69663,1038873.2716937255,1062970,458805,456813,34108,35555,Index (MOEX Index),-1.959459459459456,1.959459459459456,128.5,4.427980702963474,13.143533870203695,0.5010877898861752,0.0010877898861751945,99.89672977624785,4,3,Thursday
2025-04-04,IMOEXF,2902.0,2908.5,2752.5,2755.0,2822.354802538629,1272842,89182,1004429.6815500886,1023332,618943,653899,43186,45996,Index (MOEX Index),-5.065472088215028,5.065472088215028,156.0,5.662431941923775,14.272409230562221,0.48626852350880945,0.013731476491190553,94.83648881239243,4,4,Friday
2025-04-07,IMOEXF,2680.0,2797.0,2643.0,2738.0,2709.9322619729687,1893278,106469,971176.1857254225,995674,950422,942856,53869,52600,Index (MOEX Index),-0.6170598911070746,0.6170598911070746,154.0,5.6245434623813,17.782434323605933,0.5019981217760942,0.0019981217760941528,94.2512908777969,4,0,Monday
2025-04-08,IMOEXF,2770.5,2785.0,2666.0,2672.5,2740.6128673879066,893240,65258,941488.0703055564,956060,435573,457667,31496,33762,Index (MOEX Index),-2.3922571219868516,2.3922571219868516,119.0,4.452759588400374,13.687823715100064,0.4876326631140567,0.012367336885943325,91.99655765920826,4,1,Tuesday
2025-04-09,IMOEXF,2672.5,2783.0,2603.0,2783.0,2684.6012879517643,1554985,112116,965336.5658425202,988832,796736,758249,57684,54432,Index (MOEX Index),4.134705332086064,4.134705332086064,180.0,6.467840459935322,13.86942987619965,0.5123753605340244,0.012375360534024438,95.80034423407918,4,2,Wednesday
2025-04-10,IMOEXF,2782.5,2814.0,2724.5,2766.5,2767.628333714778,902640,74279,922691.1667631498,977132,445576,457064,36173,38106,Index (MOEX Index),-0.5928853754940677,0.5928853754940677,89.5,3.235134646665462,12.152021432706418,0.49363644420810066,0.006363555791899345,95.23235800344234,4,3,Thursday
2025-04-11,IMOEXF,2780.0,2851.5,2779.0,2849.0,2826.466346296461,938143,67422,861597.8453917119,900346,490215,447928,34523,32899,Index (MOEX Index),2.982107355864816,2.982107355864816,72.5,2.5447525447525448,13.91449378541129,0.522537608871995,0.022537608871994963,98.0722891566265,4,4,Friday
2025-04-14,IMOEXF,2859.0,2861.5,2794.0,2819.0,2832.4507953387388,545418,45138,811242.1261907927,828938,262630,282788,21665,23473,Index (MOEX Index),-1.053001053001057,1.053001053001057,67.5,2.3944661227385597,12.083344410474545,0.4815205952132126,0.01847940478678739,97.03958691910499,4,0,Monday
2025-04-15,IMOEXF,2808.0,2841.5,2791.0,2825.0,2817.6067970270333,521984,42651,815448.0101287192,824598,264381,257603,21515,21136,Index (MOEX Index),0.21284143313231585,0.21284143313231585,50.5,1.7876106194690267,12.238493821950247,0.506492536169691,0.006492536169691032,97.24612736660929,4,1,Tuesday
2025-04-16,IMOEXF,2820.0,2877.0,2793.0,2848.5,2840.541011156865,591147,56826,821583.4333227748,837982,302597,288550,30396,26430,Index (MOEX Index),0.8318584070796442,0.8318584070796442,84.0,2.948920484465508,10.402755780804561,0.5118811395473546,0.011881139547354591,98.05507745266782,4,2,Wednesday
2025-04-17,IMOEXF,2862.5,2914.5,2848.5,2914.0,2876.9464143505616,610516,50228,844104.3767619655,889594,306431,304085,26111,24117,Index (MOEX Index),2.299455853958232,2.299455853958232,66.0,2.264927934111187,12.154893684797324,0.5019213255672251,0.0019213255672251295,100.30981067125646,4,3,Thursday
2025-04-18,IMOEXF,2890.0,2898.0,2827.0,2873.0,2864.0638637692896,890825,66681,893217.5899881525,942234,432013,458812,30782,35899,Index (MOEX Index),-1.4070006863417972,1.4070006863417972,71.0,2.47128437173686,13.359502706918013,0.48495832514803694,0.01504167485196306,98.8984509466437,4,4,Friday
2025-04-21,IMOEXF,2888.0,2947.0,2877.5,2936.0,2916.6571959738603,641022,53252,936297.215766544,981944,330072,310950,28612,24640,Index (MOEX Index),2.19282979463975,2.19282979463975,69.5,2.36716621253406,12.037519717569293,0.51491524471859,0.01491524471858996,101.06712564543889,4,0,Monday
2025-04-22,IMOEXF,2947.0,3012.0,2917.0,2982.5,2959.2751763734104,808015,73849,952764.9209332557,980582,404788,403227,35702,38147,Index (MOEX Index),1.5837874659400564,1.5837874659400564,95.0,3.1852472757753563,10.941448090021531,0.5009659474143425,0.0009659474143425273,102.66781411359725,4,1,Tuesday
2025-04-23,IMOEXF,2967.5,2974.0,2904.5,2949.5,2935.096648266187,1016750,65578,957699.3744243496,979844,513880,502870,32859,32719,Index (MOEX Index),-1.106454316848282,1.106454316848282,69.5,2.356331581624004,15.504437463783585,0.5054143103024342,0.005414310302434222,101.53184165232358,4,2,Wednesday
2025-04-24,IMOEXF,2959.5,2978.5,2936.0,2948.0,2958.4155163742034,395256,35788,918623.3274840729,928184,199711,195545,17812,17976,Index (MOEX Index),-0.05085607730124231,0.05085607730124231,42.5,1.4416553595658073,11.044372415334749,0.5052700022264052,0.005270002226405168,101.48020654044751,4,3,Thursday
2025-04-25,IMOEXF,2958.0,3028.5,2956.5,3027.5,2991.205619690699,874633,68865,954229.1134829014,976424,464786,409847,37470,31395,Index (MOEX Index),2.6967435549525076,2.6967435549525076,72.0,2.3781998348472335,12.700689755318377,0.5314068872315588,0.03140688723155882,104.21686746987953,4,4,Friday
2025-04-28,IMOEXF,3017.0,3090.0,2982.5,3015.0,3026.2058550185875,1027877,73168,951920.9103159851,978052,499906,527971,34783,38385,Index (MOEX Index),-0.41288191577208977,0.41288191577208977,107.5,3.565505804311774,14.048176798600482,0.4863480747210026,0.01365192527899739,103.78657487091223,4,0,Monday
2025-04-29,IMOEXF,3013.5,3013.5,2925.0,2945.5,2971.386766594618,761914,63846,899466.5261410269,942152,364862,397052,30540,33306,Index (MOEX Index),-2.305140961857377,2.305140961857377,88.5,3.004583262603972,11.93362152679886,0.4788755686337303,0.02112443136626968,101.39414802065406,4,1,Tuesday
2025-04-30,IMOEXF,2931.0,2958.0,2890.0,2933.0,2921.648460616908,878393,69281,828273.8971723849,882762,448159,430234,34610,34671,Index (MOEX Index),-0.424376167034457,0.424376167034457,68.0,2.3184452778724856,12.678699787820614,0.5102032916928982,0.010203291692898242,100.96385542168676,4,2,Wednesday
2025-05-02,IMOEXF,2903.0,2904.0,2815.5,2815.5,2860.4253339385295,552701,46266,810980.2134612891,827104,253663,299038,20929,25337,Index (MOEX Index),-4.006137061029658,4.006137061029658,88.5,3.1433137986148108,11.946159166558596,0.45895158503422284,0.04104841496577716,96.91910499139415,5,4,Friday
2025-05-05,IMOEXF,2820.0,2829.0,2734.5,2761.0,2779.4163652445864,754513,63311,829248.7696924706,845380,365983,388530,31182,32129,Index (MOEX Index),-1.9357130172260706,1.9357130172260706,94.5,3.422672944585295,11.917565667893415,0.48505857420614357,0.014941425793856433,95.04302925989673,5,0,Monday
2025-05-06,IMOEXF,2769.0,2848.0,2731.5,2809.0,2800.2016298220324,862425,70069,800822.3512537641,817856,453184,409241,36420,33649,Index (MOEX Index),1.7385005432814182,1.7385005432814182,116.5,4.147383410466358,12.308224749889394,0.5254764182392672,0.025476418239267162,96.69535283993115,5,1,Tuesday
2025-05-07,IMOEXF,2818.5,2878.5,2792.5,2840.5,2830.9782585314138,822673,65083,797872.8410183919,821356,419186,403487,32993,32090,Index (MOEX Index),1.1213955144179444,1.1213955144179444,86.0,3.02763597958106,12.640366916091759,0.5095414581492281,0.009541458149228133,97.77969018932873,5,2,Wednesday
2025-05-08,IMOEXF,2852.5,2878.0,2837.0,2860.5,2858.6435632077223,498951,43096,798220.6287358456,810758,251928,247023,21692,21404,Index (MOEX Index),0.7041013906002425,0.7041013906002425,41.0,1.4333158538717008,11.57766382030815,0.5049153123252584,0.004915312325258436,98.46815834767642,5,3,Thursday
2025-05-12,IMOEXF,2922.5,2970.0,2908.0,2945.0,2932.5729787450423,602411,49165,798281.1997559239,818608,311838,290573,24579,24586,Index (MOEX Index),2.954029015906312,2.954029015906312,62.0,2.1052631578947367,12.252842469236246,0.5176499101112032,0.017649910111203204,101.37693631669535,5,0,Monday
2025-05-13,IMOEXF,2945.0,2950.0,2913.5,2934.0,2931.035172988985,404718,34771,829234.5486181013,845844,197050,207668,17446,17325,Index (MOEX Index),-0.37351443123938566,0.37351443123938566,36.5,1.2440354464894343,11.639527192200397,0.4868822241659625,0.013117775834037504,100.99827882960413,5,1,Tuesday
2025-05-14,IMOEXF,2932.0,2952.5,2863.5,2870.0,2916.605904437656,506643,42883,848343.9831634914,857854,242125,264518,20406,22477,Index (MOEX Index),-2.1813224267211995,2.1813224267211995,89.0,3.1010452961672477,11.814541893057855,0.477900612462819,0.022099387537180992,98.79518072289156,5,2,Wednesday
2025-05-15,IMOEXF,2880.0,2894.5,2827.5,2859.0,2854.612052607946,923508,69039,915047.6260664263,946718,440431,483077,33779,35260,Index (MOEX Index),-0.3832752613240453,0.3832752613240453,67.0,2.3434767401189225,13.376613218615566,0.4769108659589305,0.023089134041069492,98.41652323580034,5,3,Thursday
2025-05-16,IMOEXF,2856.0,2883.0,2783.0,2857.5,2837.8402802709365,1186076,83562,913009.1789569422,930334,599031,587045,40803,42759,Index (MOEX Index),-0.05246589716684236,0.05246589716684236,100.0,3.499562554680665,14.193963763433139,0.5050527959422499,0.0050527959422499436,98.36488812392426,5,4,Friday
2025-05-19,IMOEXF,2882.5,2927.5,2854.0,2866.5,2883.313468861928,964941,70637,901734.6430341039,913224,475105,489836,35108,35529,Index (MOEX Index),0.31496062992126816,0.31496062992126816,73.5,2.564102564102564,13.66056032957232,0.49236689082544943,0.0076331091745505675,98.67469879518073,5,0,Monday
2025-05-20,IMOEXF,2869.5,2873.5,2819.5,2836.5,2844.8063713689617,402011,37386,912262.6714278072,924036,181684,220327,17208,20178,Index (MOEX Index),-1.0465724751439032,1.0465724751439032,54.0,1.9037546271813854,10.752982399828813,0.4519378822967531,0.04806211770324692,97.64199655765921,5,1,Tuesday
2025-05-21,IMOEXF,2839.0,2848.0,2809.5,2815.0,2827.136515732924,401387,32575,895526.5833307751,903904,193317,208070,15773,16802,Index (MOEX Index),-0.7579763793407412,0.7579763793407412,38.5,1.3676731793960923,12.32193399846508,0.48162247407115827,0.01837752592884173,96.90189328743546,5,2,Wednesday
2025-05-22,IMOEXF,2806.0,2815.5,2758.0,2786.5,2785.504225469035,686258,60230,905794.258010958,921032,330529,355729,30190,30040,Index (MOEX Index),-1.0124333925399687,1.0124333925399687,57.5,2.06352054548717,11.393956500083014,0.4816395583002311,0.018360441699768915,95.92082616179002,5,3,Thursday
2025-05-23,IMOEXF,2779.0,2796.0,2765.0,2775.5,2778.6980890043747,378343,30403,902623.541163701,913126,188715,189628,14921,15482,Index (MOEX Index),-0.394760452180154,0.394760452180154,31.0,1.1169158710142317,12.444265368549157,0.4987934228993268,0.0012065771006731785,95.54216867469879,5,4,Friday
2025-05-26,IMOEXF,2750.0,2751.0,2699.0,2711.0,2721.586284301251,501550,41653,870360.0745684585,886340,230721,270829,19811,21842,Index (MOEX Index),-2.323905602594123,2.323905602594123,52.0,1.918111398008115,12.041149497035027,0.4600159505532848,0.039984049446715186,93.32185886402755,5,0,Monday
2025-05-27,IMOEXF,2695.0,2746.5,2686.5,2743.5,2725.6572007392665,553910,42204,849643.8346128329,859324,284388,269522,22199,20005,Index (MOEX Index),1.1988196237550763,1.1988196237550763,60.0,2.1869874248223073,13.12458534736044,0.5134191475149392,0.013419147514939223,94.44061962134252,5,1,Tuesday
2025-05-28,IMOEXF,2752.0,2832.0,2748.5,2832.0,2790.8071152188973,720926,59183,859206.1431830087,878010,390993,329933,32605,26578,Index (MOEX Index),3.2258064516129004,3.2258064516129004,83.5,2.948446327683616,12.181302063092442,0.5423483131417094,0.04234831314170939,97.48709122203098,5,2,Wednesday
2025-05-29,IMOEXF,2825.0,2847.5,2796.0,2802.5,2823.2355090024594,629035,55707,894822.7617714112,916460,311566,317469,28242,27465,Index (MOEX Index),-1.041666666666663,1.041666666666663,51.5,1.8376449598572702,11.291848421203799,0.49530789224764915,0.004692107752350849,96.47160068846816,5,3,Thursday
2025-05-30,IMOEXF,2811.0,2843.0,2796.0,2839.0,2825.0011675423234,579814,41112,930413.2652753454,947604,302578,277236,22110,19002,Index (MOEX Index),1.3024085637823424,1.3024085637823424,47.0,1.6555125044029588,14.103278848024907,0.5218535599347377,0.0218535599347377,97.72805507745267,5,4,Friday
2025-06-02,IMOEXF,2797.5,2847.0,2777.5,2835.0,2807.734322749132,922266,62798,982147.9306984299,1019892,463498,458768,31861,30937,Index (MOEX Index),-0.1408946812257783,0.1408946812257783,69.5,2.451499118165785,14.686232045606548,0.5025643361025994,0.0025643361025994293,97.59036144578313,6,0,Monday
2025-06-03,IMOEXF,2823.5,2855.0,2810.0,2852.5,2829.3315628768632,631750,38973,1012097.3807507762,1039850,326168,305582,20386,18587,Index (MOEX Index),0.6172839506172867,0.6172839506172867,45.0,1.5775635407537247,16.209940215020655,0.5162928373565493,0.016292837356549295,98.19277108433735,6,1,Tuesday
2025-06-04,IMOEXF,2851.0,2875.0,2827.5,2839.5,2852.8544427343368,799016,53278,984183.8945906378,1006476,391393,407623,25783,27495,Index (MOEX Index),-0.45574057843996707,0.45574057843996707,47.5,1.6728297235428773,14.9971095011074,0.4898437578221212,0.010156242177878805,97.74526678141136,6,2,Wednesday
2025-06-05,IMOEXF,2847.0,2863.5,2842.0,2858.0,2853.2034315754618,295879,24158,958038.5127907939,966706,143187,152692,11931,12227,Index (MOEX Index),0.651523155485112,0.651523155485112,21.5,0.7522743177046886,12.247661230234291,0.48393769074520326,0.016062309254796736,98.38209982788297,6,3,Thursday
2025-06-06,IMOEXF,2862.5,2950.0,2785.0,2787.0,2852.6270311734056,1811656,110158,986200.7429873454,1043390,865074,946582,54103,56055,Index (MOEX Index),-2.4842547235829238,2.4842547235829238,165.0,5.920344456404736,16.445977595816917,0.47750455936447095,0.02249544063552905,95.9380378657487,6,4,Friday
2025-06-09,IMOEXF,2787.0,2789.0,2737.5,2760.0,2758.2266826045093,678592,60234,993232.5812663944,1012900,324568,354024,28185,32049,Index (MOEX Index),-0.9687836383207804,0.9687836383207804,51.5,1.8659420289855073,11.265929541454993,0.4782962369140809,0.021703763085919092,95.00860585197934,6,0,Monday
2025-06-10,IMOEXF,2767.5,2771.0,2708.0,2722.5,2730.7279155740875,616050,46526,1008301.7272922667,1042950,294299,321751,21091,25435,Index (MOEX Index),-1.3586956521739135,1.3586956521739135,63.0,2.3140495867768593,13.240983536087349,0.4777193409625842,0.022280659037415773,93.71772805507746,6,1,Tuesday
2025-06-11,IMOEXF,2720.0,2748.0,2715.0,2737.5,2735.347061489651,483606,33095,1022293.9847711135,1040728,243962,239644,17031,16064,Index (MOEX Index),0.5509641873278293,0.5509641873278293,33.0,1.2054794520547945,14.612660522737574,0.5044643780267408,0.004464378026740823,94.23407917383821,6,2,Wednesday
2025-06-13,IMOEXF,2755.0,2768.5,2736.0,2762.0,2754.2556374414226,303238,24967,958147.72868186,979626,156488,146750,13596,11371,Index (MOEX Index),0.8949771689497732,0.8949771689497732,32.5,1.1766835626357712,12.14555212881003,0.5160566947414242,0.016056694741424238,95.07745266781411,6,4,Friday
2025-06-16,IMOEXF,2770.5,2773.0,2734.0,2745.0,2752.3681111727856,321024,25222,933759.1208468797,942058,156248,164776,12110,13112,Index (MOEX Index),-0.6154960173787138,0.6154960173787138,39.0,1.4207650273224044,12.727935928950917,0.48671750398724084,0.01328249601275916,94.49225473321859,6,0,Monday
2025-06-17,IMOEXF,2746.5,2812.5,2734.0,2802.5,2781.4088544518672,594424,54786,969655.9787536962,1022272,319631,274793,31209,23577,Index (MOEX Index),2.0947176684881663,2.0947176684881663,78.5,2.8010704727921496,10.849925163362903,0.5377155027387858,0.03771550273878577,96.47160068846816,6,1,Tuesday
2025-06-18,IMOEXF,2800.0,2812.0,2786.5,2796.0,2798.6092288642412,511593,37957,1050317.1001396317,1066446,248095,263498,18542,19415,Index (MOEX Index),-0.23193577163247436,0.23193577163247436,25.5,0.9120171673819742,13.478225360276102,0.4849460410912581,0.015053958908741893,96.24784853700517,6,2,Wednesday
2025-06-19,IMOEXF,2800.0,2807.0,2772.5,2790.0,2788.910772278514,436860,30792,1074222.4438165757,1097258,210622,226238,14758,16034,Index (MOEX Index),-0.21459227467811592,0.21459227467811592,34.5,1.2365591397849462,14.187451286048324,0.4821269972073433,0.01787300279265669,96.04130808950086,6,3,Thursday
2025-06-20,IMOEXF,2789.5,2790.0,2748.0,2758.0,2767.4925543014324,436267,31629,1102905.783300136,1118170,199950,236317,14244,17385,Index (MOEX Index),-1.1469534050179253,1.1469534050179253,42.0,1.5228426395939088,13.793259350595973,0.4583202488384407,0.04167975116155931,94.93975903614458,6,4,Friday
2025-06-23,IMOEXF,2765.0,2773.5,2739.0,2746.0,2751.749656190592,493021,49446,1037102.0031145088,1080446,234065,258956,19731,29715,Index (MOEX Index),-0.435097897026826,0.435097897026826,34.5,1.2563729060451567,9.970897544796344,0.47475665336770645,0.02524334663229355,94.52667814113597,6,0,Monday
2025-06-24,IMOEXF,2748.5,2768.0,2718.0,2768.0,2738.11032519867,531741,35486,984396.0243476301,1005984,271516,260225,18502,16984,Index (MOEX Index),0.8011653313911182,0.8011653313911182,50.0,1.8063583815028903,14.984529110071577,0.5106170109132078,0.01061701091320777,95.28399311531842,6,1,Tuesday
2025-06-25,IMOEXF,2763.5,2802.0,2756.5,2795.0,2783.9308356610204,466066,39023,948312.7329011096,977666,233925,232141,22899,16124,Index (MOEX Index),0.975433526011571,0.975433526011571,45.5,1.627906976744186,11.943366732439843,0.5019138920238765,0.0019138920238764845,96.21342512908778,6,2,Wednesday
2025-06-26,IMOEXF,2796.0,2810.0,2784.0,2797.5,2797.5685958879053,316119,27334,986027.3316748372,1000484,153380,162739,14688,12646,Index (MOEX Index),0.08944543828264262,0.08944543828264262,26.0,0.9294012511170688,11.565047193970878,0.48519703023228594,0.014802969767714058,96.29948364888124,6,3,Thursday
2025-06-27,IMOEXF,2795.0,2826.0,2782.0,2825.5,2804.056732983057,473689,33878,976996.1973552158,991762,253740,219949,18027,15851,Index (MOEX Index),1.000893655049162,1.000893655049162,44.0,1.5572465050433553,13.982200838302143,0.5356679171355045,0.035667917135504545,97.263339070568,6,4,Friday
2025-06-30,IMOEXF,2825.0,2851.5,2809.0,2847.5,2833.5735179305675,426513,38426,985081.8832040805,1000320,224924,201589,22279,16147,Index (MOEX Index),0.7786232525216708,0.7786232525216708,42.5,1.4925373134328357,11.099594024878987,0.5273555553992493,0.027355555399249276,98.02065404475043,6,0,Monday
2025-07-01,IMOEXF,2852.5,2862.5,2837.5,2842.0,2851.6712657057756,413928,29209,963144.7362799137,980756,200090,213838,14153,15056,Index (MOEX Index),-0.19315188762072388,0.19315188762072388,25.0,0.8796622097114707,14.171248587764046,0.4833932471347674,0.01660675286523261,97.83132530120481,7,1,Tuesday
2025-07-02,IMOEXF,2843.5,2847.0,2813.0,2829.5,2829.105996548749,530766,46360,933596.9874460743,953662,259424,271342,20132,26228,Index (MOEX Index),-0.43983110485573684,0.43983110485573684,34.0,1.2016257289273724,11.44879206212252,0.48877283021143025,0.011227169788569746,97.40103270223753,7,2,Wednesday
2025-07-03,IMOEXF,2830.0,2848.5,2810.5,2815.5,2830.9808295717276,515463,36332,936259.8814818893,949598,259718,255745,17704,18628,Index (MOEX Index),-0.49478706485244217,0.49478706485244217,38.0,1.3496714615521221,14.187575690851041,0.503853816859794,0.0038538168597940237,96.91910499139415,7,3,Thursday
2025-07-04,IMOEXF,2808.0,2823.0,2793.5,2808.5,2807.995988869483,466301,33781,948819.9166395311,972520,237989,228312,16883,16898,Index (MOEX Index),-0.24862369028592068,0.24862369028592068,29.5,1.0503827666013887,13.803647020514491,0.5103763448931056,0.010376344893105571,96.67814113597247,7,4,Friday
2025-07-07,IMOEXF,2793.0,2798.5,2757.5,2763.0,2773.9571679434,478364,39293,920597.9556155041,938182,227179,251185,17377,21916,Index (MOEX Index),-1.6200818942496031,1.6200818942496031,41.0,1.4838943177705393,12.174280406179218,0.47490822888009965,0.025091771119900352,95.11187607573149,7,0,Monday
2025-07-08,IMOEXF,2758.0,2769.0,2720.5,2722.5,2749.0608580066723,515581,38368,907897.8994995829,920432,240274,275307,17834,20534,Index (MOEX Index),-1.4657980456026065,1.4657980456026065,48.5,1.7814508723599631,13.437786697247706,0.46602570692093,0.03397429307907002,93.71772805507746,7,1,Tuesday
2025-07-09,IMOEXF,2725.0,2739.5,2689.5,2718.0,2712.917138229169,649565,47537,926862.5270420936,943848,326000,323565,22892,24645,Index (MOEX Index),-0.16528925619834212,0.16528925619834212,50.0,1.839587932303164,13.664408776321602,0.5018743312832434,0.0018743312832434356,93.56282271944923,7,2,Wednesday
2025-07-10,IMOEXF,2718.5,2746.0,2709.5,2737.5,2729.762632294881,404109,30141,907435.690852991,915468,202374,201735,15609,14532,Index (MOEX Index),0.7174392935982432,0.7174392935982432,36.5,1.3333333333333335,13.40728575694237,0.5007906282710852,0.0007906282710852253,94.23407917383821,7,3,Thursday
2025-07-11,IMOEXF,2722.0,2722.0,2637.0,2642.5,2677.174518894332,773659,57160,953897.0498250525,977660,357130,416529,26164,30996,Index (MOEX Index),-3.4703196347032006,3.4703196347032006,85.0,3.216650898770104,13.534972008397482,0.4616116402704551,0.03838835972954491,90.96385542168674,7,4,Friday
2025-07-14,IMOEXF,2620.0,2754.5,2608.0,2745.5,2680.78473916307,1093744,63948,957160.5912929255,973278,590033,503711,34107,29841,Index (MOEX Index),3.897824030274366,3.897824030274366,146.5,5.3360043707885625,17.103646712954276,0.5394617021899092,0.03946170218990919,94.50946643717728,7,0,Monday
2025-07-15,IMOEXF,2750.5,2767.0,2737.5,2764.5,2754.9964529877857,505643,34959,941743.3418003947,963488,251397,254246,17746,17213,Index (MOEX Index),0.6920415224913601,0.6920415224913601,29.5,1.067100741544583,14.463886266769645,0.49718279497590195,0.002817205024098046,95.16351118760757,7,1,Tuesday
2025-07-16,IMOEXF,2766.5,2798.0,2754.0,2788.5,2778.6293156864203,531186,40347,941708.037921035,958306,278798,252388,21504,18843,Index (MOEX Index),0.8681497558328921,0.8681497558328921,44.0,1.5779092702169626,13.165439809651275,0.5248594654226579,0.024859465422657934,95.98967297762478,7,2,Wednesday
2025-07-17,IMOEXF,2785.0,2794.5,2761.5,2772.0,2777.1593327992678,502012,34952,938834.9270428015,949524,238307,263705,16403,18549,Index (MOEX Index),-0.591715976331364,0.591715976331364,33.0,1.1904761904761905,14.362897688258183,0.47470379194122847,0.02529620805877153,95.42168674698796,7,3,Thursday
2025-07-18,IMOEXF,2736.0,2810.0,2730.0,2801.0,2765.215711168792,857221,53166,976247.2310875371,1016200,462453,394768,29454,23712,Index (MOEX Index),1.0461760461760505,1.0461760461760505,80.0,2.856122813280971,16.12348117217771,0.5394793174688908,0.03947931746889077,96.41996557659208,7,4,Friday
2025-07-21,IMOEXF,2830.0,2835.0,2808.0,2825.5,2822.206735837541,523232,36046,978191.3706375187,1000612,255922,267310,17746,18300,Index (MOEX Index),0.8746876115673041,0.8746876115673041,27.0,0.9555830826402406,14.51567441602397,0.4891176380649502,0.010882361935049822,97.263339070568,7,0,Monday
2025-07-22,IMOEXF,2822.0,2837.5,2804.5,2832.0,2823.7352950477516,409108,31622,940424.8800834862,956186,199441,209667,16273,15349,Index (MOEX Index),0.2300477791541411,0.2300477791541411,33.0,1.1652542372881356,12.937448611726014,0.4875020776909765,0.012497922309023524,97.48709122203098,7,1,Tuesday
2025-07-23,IMOEXF,2836.0,2854.0,2830.5,2836.0,2842.9155823463807,536991,37658,943659.180466302,964310,267672,269319,18864,18794,Index (MOEX Index),0.14124293785311437,0.14124293785311437,23.5,0.8286318758815232,14.259679218227202,0.4984664547450516,0.0015335452549484208,97.62478485370052,7,2,Wednesday
2025-07-24,IMOEXF,2837.5,2843.5,2810.0,2822.0,2824.915608938865,439921,35217,961480.9476673198,975872,201814,238107,16645,18572,Index (MOEX Index),-0.49365303244005565,0.49365303244005565,33.5,1.1871013465627216,12.4917227475367,0.45875054839391616,0.04124945160608384,97.14285714285714,7,3,Thursday
2025-07-25,IMOEXF,2822.0,2840.0,2766.5,2783.0,2798.4348954510883,1118552,74941,980954.0006138162,1003434,550927,567625,35148,39793,Index (MOEX Index),-1.3819985825655579,1.3819985825655579,73.5,2.6410348544735895,14.925768271039885,0.492535885680773,0.007464114319227,95.80034423407918,7,4,Friday
2025-07-28,IMOEXF,2781.5,2788.0,2728.5,2738.5,2754.0234905265866,954681,62174,979462.6062984527,998738,441093,513588,29654,32520,Index (MOEX Index),-1.598993891484013,1.598993891484013,59.5,2.1727222932262187,15.354987615401937,0.46203182005298105,0.037968179947018954,94.2685025817556,7,0,Monday
2025-07-29,IMOEXF,2742.5,2767.5,2734.0,2753.5,2750.7664247939983,643975,40655,974012.5519124339,992268,340042,303933,21555,19100,Index (MOEX Index),0.5477451159393798,0.5477451159393798,33.5,1.2166333757036498,15.839995080555898,0.5280360262432547,0.02803602624325474,94.78485370051635,7,1,Tuesday
2025-07-30,IMOEXF,2748.5,2757.0,2719.0,2727.5,2735.020379307165,460069,32533,974280.7583684259,981858,221703,238366,14969,17564,Index (MOEX Index),-0.9442527692028357,0.9442527692028357,38.0,1.393217231897342,14.141610057480097,0.4818907598642812,0.018109240135718796,93.88984509466437,7,2,Wednesday
2025-07-31,IMOEXF,2733.0,2745.5,2718.5,2744.0,2731.91802743305,435070,29089,972227.9260201451,988904,220846,214224,15382,13707,Index (MOEX Index),0.6049495875343647,0.6049495875343647,27.0,0.9839650145772596,14.956512771150607,0.5076102696117866,0.007610269611786569,94.4578313253012,7,3,Thursday
2025-08-01,IMOEXF,2750.0,2757.5,2711.5,2735.0,2736.972192039346,560877,34972,993862.2008463914,1008108,262313,298564,16205,18767,Index (MOEX Index),-0.3279883381924198,0.3279883381924198,46.0,1.6819012797074957,16.037887452819398,0.46768364543384733,0.03231635456615267,94.14802065404476,8,4,Friday
2025-08-04,IMOEXF,2735.5,2785.5,2728.5,2784.0,2759.3625091688764,525233,35446,952112.6662528918,983878,288952,236281,19595,15851,Index (MOEX Index),1.7915904936014693,1.7915904936014693,57.0,2.0474137931034484,14.817835580883598,0.5501406042651547,0.050140604265154654,95.83476764199655,8,0,Monday
2025-08-05,IMOEXF,2780.0,2803.5,2766.0,2797.0,2783.722955578682,564704,36514,908409.2481787808,930818,282690,282014,18392,18122,Index (MOEX Index),0.4669540229885083,0.4669540229885083,37.5,1.3407222023596712,15.465410527468917,0.5005985436618122,0.0005985436618122231,96.28227194492254,8,1,Tuesday
2025-08-06,IMOEXF,2795.5,2888.5,2755.5,2849.0,2813.417444082275,1835947,106764,915265.9414034693,940672,922585,913362,53999,52765,Index (MOEX Index),1.8591347872720876,1.8591347872720876,133.0,4.668304668304668,17.19631149076468,0.5025117827475412,0.002511782747541158,98.0722891566265,8,2,Wednesday
2025-08-07,IMOEXF,2847.0,2923.0,2826.0,2894.5,2887.923190052811,1941238,104713,927135.9644743251,954278,974101,967137,54016,50697,Index (MOEX Index),1.5970515970515908,1.5970515970515908,97.0,3.3511832786318885,18.538653271322566,0.5017937007208801,0.0017937007208801425,99.63855421686748,8,3,Thursday
2025-08-08,IMOEXF,2897.0,2970.0,2874.0,2969.0,2911.9593556860323,1049936,64720,971016.4876699629,1010228,574601,475335,35399,29321,Index (MOEX Index),2.573846951114178,2.573846951114178,96.0,3.2334119232064666,16.22274412855377,0.5472724051751726,0.047272405175172616,102.20309810671257,8,4,Friday
2025-08-11,IMOEXF,2994.5,2998.0,2953.5,2972.0,2979.81922656292,906223,55777,1002348.513258153,1016598,450412,455811,26796,28981,Index (MOEX Index),0.10104412260019124,0.10104412260019124,44.5,1.497308209959623,16.247252451727416,0.4970211526302025,0.002978847369797477,102.30636833046472,8,0,Monday
2025-08-12,IMOEXF,2960.0,2983.5,2956.0,2979.5,2970.1196186178536,417522,27479,1027320.8579642636,1036446,219613,197909,14713,12766,Index (MOEX Index),0.25235531628533536,0.25235531628533536,27.5,0.9229736532975331,15.194221041522617,0.5259914447621922,0.025991444762192173,102.56454388984511,8,1,Tuesday
2025-08-13,IMOEXF,2983.0,2994.5,2955.0,2961.0,2975.78507801339,567544,35699,1044997.7648113392,1054172,273403,294141,16683,19016,Index (MOEX Index),-0.6209095485819716,0.6209095485819716,39.5,1.3340087808172914,15.898036359561893,0.4817300508859225,0.018269949114077477,101.92771084337349,8,2,Wednesday
2025-08-14,IMOEXF,2960.0,2999.0,2938.0,2993.5,2966.72919275753,769843,47111,1049208.7062894015,1073678,381609,388234,24155,22956,Index (MOEX Index),1.0976021614319542,1.0976021614319542,61.0,2.0377484549858025,16.34104561567362,0.495697174618721,0.0043028253812790185,103.04647160068848,8,3,Thursday
2025-08-15,IMOEXF,2991.5,3026.5,2982.0,3014.0,3006.609421183699,714514,42967,1026952.767519259,1055130,375123,339391,22521,20446,Index (MOEX Index),0.6848171037247441,0.6848171037247441,44.5,1.4764432647644326,16.629366723299277,0.5250044085910143,0.02500440859101427,103.75215146299483,8,4,Friday
2025-08-16,IMOEXF,2966.5,2970.0,2922.0,2949.5,2948.333252361673,221697,18525,994209.1360863697,1006532,105886,115811,8996,9529,Index (MOEX Index),-2.140013271400132,2.140013271400132,48.0,1.6273944736395998,11.96744939271255,0.47761584504977517,0.022384154950224833,101.53184165232358,8,5,Saturday
2025-08-17,IMOEXF,2947.0,2954.5,2932.0,2934.0,2941.0672381251966,74103,6358,1011252.1198490091,1019804,28133,45970,2608,3750,Index (MOEX Index),-0.5255127987794594,0.5255127987794594,22.5,0.7668711656441718,11.655080213903743,0.3796472477497537,0.12035275225024628,100.99827882960413,8,6,Sunday
2025-08-18,IMOEXF,2953.0,3020.0,2942.5,2995.5,2970.0126329146456,1127610,62258,1037079.6878794694,1062472,595576,532034,32497,29761,Index (MOEX Index),2.0961145194273945,2.0961145194273945,77.5,2.587214154565181,18.11188923511838,0.5281755216785945,0.028175521678594495,103.11531841652324,8,0,Monday
2025-08-19,IMOEXF,2995.5,3010.0,2956.0,2970.0,2985.92431445046,779718,45438,1063797.3541529116,1076638,367903,411815,21327,24111,Index (MOEX Index),-0.8512769153730559,0.8512769153730559,54.0,1.8181818181818181,17.160042255380958,0.4718411015264493,0.028158898473550686,102.23752151462995,8,1,Tuesday
2025-08-20,IMOEXF,2970.0,2979.0,2932.0,2941.5,2950.7392886416133,684123,40261,1079056.7100171382,1098462,318908,365215,18958,21303,Index (MOEX Index),-0.9595959595959602,0.9595959595959602,47.0,1.5978242393336732,16.99220088919798,0.4661559397944522,0.03384406020554781,101.25645438898452,8,2,Wednesday
2025-08-21,IMOEXF,2939.5,2944.0,2875.5,2883.0,2911.178784206806,1109752,69321,1094779.034260902,1118504,518316,591436,31381,37940,Index (MOEX Index),-1.988781234064252,1.988781234064252,68.5,2.3759972251127297,16.008886196102193,0.46705570253534123,0.03294429746465877,99.24268502581755,8,3,Thursday
2025-08-22,IMOEXF,2883.5,2908.5,2879.0,2905.0,2893.8797198244683,684350,41474,1083312.8526305638,1107794,359274,325076,21674,19800,Index (MOEX Index),0.7630939993062746,0.7630939993062746,29.5,1.0154905335628228,16.50069923325457,0.5249857529042157,0.024985752904215675,100.0,8,4,Friday
2025-08-23,IMOEXF,2905.0,2915.5,2902.5,2905.5,2907.5540334855405,19254,1971,1065550.182648402,1066758,10808,8446,1003,968,Index (MOEX Index),0.0172117039586972,0.0172117039586972,13.0,0.44742729306487694,9.768645357686454,0.5613379038121948,0.06133790381219484,100.0172117039587,8,5,Saturday
2025-08-24,IMOEXF,2906.5,2907.5,2891.5,2894.0,2896.7195387971333,29005,3209,1065633.5948893738,1067456,11952,17053,1451,1758,Index (MOEX Index),-0.3958010669420031,0.3958010669420031,16.0,0.55286800276434,9.038641321283889,0.4120668850198242,0.08793311498017581,99.62134251290877,8,6,Sunday
2025-08-25,IMOEXF,2894.5,2899.0,2861.5,2895.5,2879.300694685655,663408,43185,1093421.1419242793,1115868,327651,335757,19976,23209,Index (MOEX Index),0.05183137525914816,0.05183137525914816,37.5,1.2951131065446382,15.362000694685655,0.4938906374357861,0.006109362564213905,99.67297762478485,8,0,Monday
2025-08-26,IMOEXF,2898.5,2920.5,2882.0,2904.0,2901.8148133502054,599722,37932,1100417.292681641,1114010,301251,298471,19531,18401,Index (MOEX Index),0.2935589708167763,0.2935589708167763,38.5,1.3257575757575757,15.810450279447432,0.502317740553123,0.002317740553122949,99.96557659208261,8,1,Tuesday
2025-08-27,IMOEXF,2898.0,2929.5,2891.5,2923.5,2910.909672004132,500877,30976,1105503.0979467975,1119842,270010,230867,17141,13835,Index (MOEX Index),0.671487603305776,0.671487603305776,38.0,1.2998118693347016,16.169841167355372,0.5390744633912118,0.03907446339121179,100.6368330464716,8,2,Wednesday
2025-08-28,IMOEXF,2924.5,2927.0,2872.0,2890.0,2901.6130540321856,724118,44492,1079142.0850489975,1092268,325012,399106,19910,24582,Index (MOEX Index),-1.145886779545069,1.145886779545069,55.0,1.9031141868512111,16.27524049267284,0.448838448982072,0.05116155101792802,99.48364888123923,8,3,Thursday
2025-08-29,IMOEXF,2895.0,2908.0,2885.5,2906.5,2896.45485634072,561383,33482,1070484.9305895704,1087412,292343,269040,17114,16368,Index (MOEX Index),0.5709342560553665,0.5709342560553665,22.5,0.7741269568209187,16.766710471298012,0.5207549925808227,0.020754992580822695,100.05163511187607,8,4,Friday
2025-08-30,IMOEXF,2908.0,2909.0,2900.0,2908.0,2903.9274642289347,27342,2516,1046654.4515103338,1048368,15196,12146,1248,1268,Index (MOEX Index),0.051608463788066494,0.051608463788066494,9.0,0.30949105914718017,10.86724960254372,0.5557749981713115,0.055774998171311485,100.10327022375216,8,5,Saturday
2025-08-31,IMOEXF,2907.0,2918.0,2905.0,2912.5,2912.583357706932,34046,3419,1045792.388417666,1049008,20092,13954,1827,1592,Index (MOEX Index),0.15474552957359666,0.15474552957359666,13.0,0.4463519313304721,9.957882421760749,0.5901427480467603,0.09014274804676026,100.25817555938036,8,6,Sunday
2025-09-01,IMOEXF,2916.0,2927.0,2887.0,2894.0,2907.008712378366,402618,26514,1067705.5476352116,1093400,186591,216027,12314,14200,Index (MOEX Index),-0.6351931330472071,0.6351931330472071,40.0,1.38217000691085,15.185109753337859,0.4634442573357376,0.036555742664262425,99.62134251290877,9,0,Monday
2025-09-02,IMOEXF,2889.5,2891.5,2846.5,2871.0,2868.3610191281314,878314,51338,1144566.073707585,1187934,413014,465300,23768,27570,Index (MOEX Index),-0.7947477539737346,0.7947477539737346,45.0,1.5673981191222568,17.10845767267911,0.4702350184558142,0.029764981544185776,98.82960413080895,9,1,Tuesday
2025-09-03,IMOEXF,2869.0,2887.5,2851.5,2885.0,2870.0917566643884,587451,36575,1155614.179521531,1180816,297933,289518,19169,17406,Index (MOEX Index),0.48763497039359116,0.48763497039359116,36.0,1.2478336221837087,16.061544771018454,0.5071622994939152,0.007162299493915225,99.31153184165233,9,2,Wednesday
2025-09-04,IMOEXF,2884.0,2898.0,2870.0,2893.5,2886.5752485247995,659483,37622,1087660.3781829781,1124708,341642,317841,19362,18260,Index (MOEX Index),0.2946273830155999,0.2946273830155999,28.0,0.9676861931916364,17.52918505129977,0.5180451960096014,0.018045196009601416,99.60413080895009,9,3,Thursday
2025-09-05,IMOEXF,2893.0,2910.0,2889.0,2907.5,2900.8454800546033,437223,26372,1104412.454193842,1118714,231878,205345,14056,12316,Index (MOEX Index),0.48384309659581515,0.48384309659581515,21.0,0.7222699914015477,16.57906112543607,0.530342639797083,0.03034263979708296,100.08605851979347,9,4,Friday
2025-09-06,IMOEXF,2907.0,2919.0,2900.5,2907.0,2908.429344558028,19839,1663,1099359.5466025255,1102174,10438,9401,907,756,Index (MOEX Index),-0.017196904557181814,0.017196904557181814,18.5,0.6363949088407292,11.929645219482863,0.5261353898886033,0.02613538988860331,100.06884681583476,9,5,Saturday
2025-09-07,IMOEXF,2907.5,2914.0,2905.0,2911.5,2909.841735966736,18975,1924,1102400.8555093554,1106052,10862,8113,1118,806,Index (MOEX Index),0.1547987616099089,0.1547987616099089,9.0,0.3091190108191654,9.862266112266113,0.5724374176548089,0.07243741765480893,100.223752151463,9,6,Sunday
2025-09-08,IMOEXF,2913.0,2931.0,2910.0,2928.5,2918.913527915708,403227,24771,1120684.1643857737,1134830,201973,201254,12859,11912,Index (MOEX Index),0.5838914648806481,0.5838914648806481,21.0,0.7170906607478231,16.278188203948165,0.5008915573609902,0.000891557360990225,100.80895008605853,9,0,Monday
2025-09-09,IMOEXF,2932.0,2942.0,2923.0,2941.0,2932.987545650342,512814,32037,1121223.0729469052,1135474,258493,254321,17512,14525,Index (MOEX Index),0.4268396790165552,0.4268396790165552,19.0,0.6460387623257395,16.006929487779754,0.504067751660446,0.0040677516604460395,101.23924268502581,9,1,Tuesday
2025-09-10,IMOEXF,2932.5,2939.5,2907.5,2913.5,2924.031924818219,595954,36445,1118494.9348333105,1128420,294690,301264,17144,19301,Index (MOEX Index),-0.9350561033662053,0.9350561033662053,32.0,1.098335335507122,16.352147070928797,0.49448447363387105,0.005515526366128953,100.29259896729776,9,2,Wednesday
2025-09-11,IMOEXF,2914.0,2922.0,2897.0,2917.0,2908.914189240651,574405,39389,1137884.7514788392,1154040,281541,292864,18196,21193,Index (MOEX Index),0.1201304273210857,0.1201304273210857,25.0,0.8570449091532397,14.582878468607987,0.4901437139300668,0.009856286069933218,100.4130808950086,9,3,Thursday
2025-09-12,IMOEXF,2917.0,2918.0,2832.0,2839.0,2869.043466729945,1273951,71641,1180498.7956896191,1223604,576512,697439,31958,39683,Index (MOEX Index),-2.6739801165581056,2.6739801165581056,86.0,3.0292356463543504,17.782429055987492,0.4525385984233303,0.047461401576669726,97.72805507745267,9,4,Friday
2025-09-13,IMOEXF,2838.0,2841.0,2829.0,2829.5,2833.939058884032,42756,3889,1168856.9534584726,1174380,15618,27138,1895,1994,Index (MOEX Index),-0.33462486791123736,0.33462486791123736,12.0,0.424103198444955,10.994085883260478,0.365282065674993,0.134717934325007,97.40103270223753,9,5,Saturday
2025-09-14,IMOEXF,2830.5,2846.0,2826.0,2843.5,2836.315140541473,69372,5799,1175032.4276599414,1177800,43212,26160,3711,2088,Index (MOEX Index),0.49478706485244217,0.49478706485244217,20.0,0.703358537014243,11.96275219865494,0.6229026120048434,0.12290261200484343,97.8829604130809,9,6,Sunday
2025-09-15,IMOEXF,2836.0,2838.5,2807.0,2819.5,2819.661289625516,782310,46277,1205370.146681937,1245168,372784,409526,21078,25199,Index (MOEX Index),-0.8440302444170933,0.8440302444170933,31.5,1.1172193651356623,16.90494197981719,0.4765169817591492,0.023483018240850806,97.05679862306368,9,0,Monday
2025-09-16,IMOEXF,2827.5,2835.5,2783.0,2810.0,2808.347840262095,1095987,62878,1241072.9598269665,1279108,533812,562175,30562,32316,Index (MOEX Index),-0.3369391736123384,0.3369391736123384,52.5,1.8683274021352312,17.430373103470213,0.48706052170326836,0.012939478296731644,96.72977624784855,9,1,Tuesday
2025-09-17,IMOEXF,2811.0,2837.0,2790.0,2826.5,2809.489012932464,874703,45235,1270024.360959434,1293748,448734,425969,23971,21264,Index (MOEX Index),0.5871886120996539,0.5871886120996539,47.0,1.662833893507872,19.33686304852437,0.513012988408637,0.01301298840863696,97.29776247848537,9,2,Wednesday
2025-09-18,IMOEXF,2824.5,2824.5,2786.0,2791.5,2802.7628907048006,898594,48950,1321793.320367722,1375990,424592,474002,22361,26589,Index (MOEX Index),-1.2382805589952195,1.2382805589952195,38.5,1.3791868171234103,18.35738508682329,0.4725070499024031,0.02749295009759689,96.09294320137694,9,3,Thursday
2025-09-19,IMOEXF,2790.5,2804.0,2736.0,2737.5,2769.9323106818983,1266820,67928,1370494.5191084677,1392700,542663,724157,28935,38993,Index (MOEX Index),-1.934443847393874,1.934443847393874,68.0,2.484018264840183,18.649452361323753,0.42836630302647577,0.07163369697352423,94.23407917383821,9,4,Friday
2025-09-22,IMOEXF,2740.5,2764.0,2707.0,2753.5,2731.3250517873266,1456826,75308,1437111.8423009508,1479940,730462,726364,37916,37392,Index (MOEX Index),0.5844748858447435,0.5844748858447435,57.0,2.07009260940621,19.344903595899506,0.5014064823115458,0.0014064823115458314,94.78485370051635,9,0,Monday
2025-09-23,IMOEXF,2753.0,2773.0,2688.5,2703.5,2739.3587190170374,1537207,75364,1406024.0495727402,1439938,731454,805753,35241,40123,Index (MOEX Index),-1.8158707100054516,1.8158707100054516,84.5,3.1255779545034215,20.397099410859298,0.47583311811616785,0.024166881883832148,93.06368330464716,9,1,Tuesday
2025-09-24,IMOEXF,2703.5,2750.0,2679.5,2729.0,2719.1153173749326,1558879,81796,1403629.0341581495,1440234,819096,739783,43611,38185,Index (MOEX Index),0.9432217495838779,0.9432217495838779,70.5,2.5833638695492853,19.058132427013547,0.5254391136194663,0.02543911361946627,93.94148020654045,9,2,Wednesday
2025-09-25,IMOEXF,2730.5,2744.0,2696.0,2707.0,2719.6770123451415,841553,45929,1383132.3263733154,1410546,395540,446013,21131,24798,Index (MOEX Index),-0.8061561011359464,0.8061561011359464,48.0,1.7731806427779833,18.322911450281957,0.47001198973802005,0.029988010261979947,93.18416523235801,9,3,Thursday
2025-09-26,IMOEXF,2701.5,2742.0,2691.0,2731.5,2714.4968144750255,966290,51012,1434963.2995765703,1464710,501093,465197,26678,24334,Index (MOEX Index),0.9050609530846021,0.9050609530846021,51.0,1.8671059857221308,18.942405708460754,0.5185741340591334,0.01857413405913344,94.0275387263339,9,4,Friday
2025-09-27,IMOEXF,2730.5,2734.5,2718.0,2732.5,2728.855402112104,29756,2462,1442286.1332250203,1447250,16190,13566,1286,1176,Index (MOEX Index),0.036609921288666136,0.036609921288666136,16.5,0.6038426349496798,12.086108854589764,0.544091947842452,0.04409194784245196,94.06196213425129,9,5,Saturday
2025-09-28,IMOEXF,2733.0,2733.0,2722.5,2728.0,2728.0101763907733,20379,2211,1440404.3799185888,1441524,9097,11282,940,1271,Index (MOEX Index),-0.16468435498627754,0.16468435498627754,10.5,0.3848973607038123,9.217096336499322,0.4463908925855047,0.053609107414495316,93.90705679862307,9,6,Sunday
2025-09-29,IMOEXF,2723.5,2749.0,2673.0,2688.5,2713.9711186440677,1076134,59000,1461646.9369152542,1494324,489062,587072,26265,32735,Index (MOEX Index),-1.4479472140762506,1.4479472140762506,76.0,2.8268551236749118,18.239559322033898,0.4544619907929682,0.04553800920703183,92.5473321858864,9,0,Monday
2025-09-30,IMOEXF,2692.0,2694.0,2654.0,2682.5,2675.7196361449405,1229746,66510,1512462.6544279056,1531502,605257,624489,32467,34043,Index (MOEX Index),-0.22317277292169813,0.22317277292169813,40.0,1.4911463187325256,18.48964065554052,0.492180499062408,0.007819500937591983,92.3407917383821,9,1,Tuesday
2025-10-01,IMOEXF,2689.0,2695.0,2640.5,2654.0,2665.873219676789,1028825,56310,1522561.8641093944,1550862,493152,535673,26304,30006,Index (MOEX Index),-1.062441752096921,1.062441752096921,54.5,2.053504144687264,18.270733439886342,0.4793351639005662,0.020664836099433814,91.35972461273666,10,2,Wednesday
2025-10-02,IMOEXF,2639.5,2654.5,2622.5,2638.5,2639.9835790328234,947217,54199,1538097.2598387424,1556996,462591,484626,26535,27664,Index (MOEX Index),-0.5840241145440794,0.5840241145440794,32.0,1.2128103088876254,17.476650860716987,0.4883685575744523,0.0116314424255477,90.82616179001721,10,3,Thursday
2025-10-03,IMOEXF,2640.0,2653.0,2593.0,2597.0,2619.173529086077,1004125,54184,1544201.713273291,1573140,458703,545422,24712,29472,Index (MOEX Index),-1.5728633693386396,1.5728633693386396,60.0,2.3103581055063533,18.53176214380629,0.45681862317938504,0.04318137682061496,89.39759036144578,10,4,Friday
2025-10-04,IMOEXF,2595.0,2596.0,2550.5,2561.5,2568.20894936241,276441,21644,1522633.5035113657,1538336,119182,157259,9401,12243,Index (MOEX Index),-1.3669618790912552,1.3669618790912552,45.5,1.776302947491704,12.772177046756607,0.43112996986698787,0.06887003013301213,88.17555938037866,10,5,Saturday
2025-10-05,IMOEXF,2565.0,2587.0,2553.0,2584.5,2569.5396107725574,112194,10174,1515619.2498525654,1523538,70200,41994,5991,4183,Index (MOEX Index),0.8979113800507532,0.8979113800507532,34.0,1.3155349197136779,11.027521132298014,0.625701909193005,0.12570190919300495,88.96729776247848,10,6,Sunday
2025-10-06,IMOEXF,2590.0,2662.0,2577.5,2651.5,2621.671551803155,1790559,98189,1460590.3514854007,1501274,927741,862818,51569,46620,Index (MOEX Index),2.592377635906362,2.592377635906362,84.5,3.1868753535734493,18.235841081994927,0.5181292546070808,0.018129254607080814,91.2736660929432,10,0,Monday
2025-10-07,IMOEXF,2656.0,2676.5,2636.5,2672.5,2661.5140642345104,1063124,53149,1401289.0765583548,1435426,532053,531071,26517,26632,Index (MOEX Index),0.7920045257401531,0.7920045257401531,40.0,1.4967259120673526,20.002709364240154,0.5004618464073806,0.0004618464073805617,91.99655765920826,10,1,Tuesday
2025-10-08,IMOEXF,2670.5,2683.0,2551.0,2580.5,2605.112456824413,2184246,112332,1430382.5678524375,1459930,1019064,1165182,51564,60768,Index (MOEX Index),-3.442469597754916,3.442469597754916,132.0,5.11528773493509,19.444557205426772,0.46655184443510483,0.033448155564895166,88.82960413080895,10,2,Wednesday
2025-10-09,IMOEXF,2580.0,2652.0,2522.5,2642.5,2597.244041815621,2870775,147696,1420923.071565919,1454766,1480957,1389818,75732,71964,Index (MOEX Index),2.4026351482270947,2.4026351482270947,129.5,4.900662251655629,19.437053136171595,0.5158735881425748,0.01587358814257478,90.96385542168674,10,3,Thursday
2025-10-10,IMOEXF,2632.0,2644.5,2573.5,2578.5,2605.8220376061254,1871420,95995,1372448.6217198812,1393474,879870,991550,44368,51627,Index (MOEX Index),-2.421948912015137,2.421948912015137,71.0,2.7535388791933295,19.494973696546694,0.47016169539707814,0.02983830460292186,88.76075731497419,10,4,Friday
2025-10-11,IMOEXF,2575.0,2576.0,2552.0,2575.0,2565.548576766678,98479,9099,1344063.645675349,1348060,48529,49950,4638,4461,Index (MOEX Index),-0.135737832072913,0.135737832072913,24.0,0.9320388349514563,10.823057478843829,0.49278526386336174,0.007214736136638256,88.64027538726333,10,5,Saturday
2025-10-12,IMOEXF,2575.5,2593.5,2574.5,2589.5,2585.0239520958085,67582,6012,1338487.9454424484,1347800,40800,26782,3429,2583,Index (MOEX Index),0.5631067961165082,0.5631067961165082,19.0,0.7337323807684881,11.241184298070525,0.6037110473202923,0.10371104732029235,89.1394148020654,10,6,Sunday
2025-10-13,IMOEXF,2590.0,2614.5,2552.0,2585.0,2584.204120022491,1794555,97815,1380821.4410468743,1423998,896269,898286,49126,48689,Index (MOEX Index),-0.17377872176095321,0.17377872176095321,62.5,2.4177949709864603,18.34641926084956,0.4994380222394967,0.0005619777605033183,88.98450946643717,10,0,Monday
2025-10-14,IMOEXF,2582.0,2583.0,2531.0,2548.5,2553.5814000289793,1069179,62113,1423920.7625134834,1452034,505700,563479,29143,32970,Index (MOEX Index),-1.4119922630560944,1.4119922630560944,52.0,2.0404159309397687,17.213449680421167,0.4729797349181007,0.02702026508189931,87.72805507745267,10,1,Tuesday
2025-10-15,IMOEXF,2548.0,2567.5,2526.0,2544.0,2545.4933373815065,1021228,59286,1421485.945788213,1444664,512080,509148,29541,29745,Index (MOEX Index),-0.17657445556209517,0.17657445556209517,41.5,1.6312893081761006,17.225449515905947,0.501435526640476,0.0014355266404759703,87.57314974182444,10,2,Wednesday
2025-10-16,IMOEXF,2544.5,2739.0,2531.5,2735.0,2634.9563943514154,3096824,148639,1433939.8609517019,1530284,1645994,1450830,79759,68880,Index (MOEX Index),7.5078616352201255,7.5078616352201255,207.5,7.586837294332724,20.834531986894422,0.5315103473752464,0.031510347375246384,94.14802065404476,10,3,Thursday
2025-10-17,IMOEXF,2721.0,2771.0,2693.0,2737.5,2721.93206045139,1929595,95217,1465474.3207620487,1546968,959588,970007,46971,48246,Index (MOEX Index),0.0914076782449813,0.0914076782449813,78.0,2.8493150684931505,20.265236249829336,0.49730021066596874,0.002699789334031255,94.23407917383821,10,4,Friday
2025-10-18,IMOEXF,2739.5,2765.0,2738.5,2760.0,2756.5661148783406,122134,10028,1430304.7953729557,1436198,65079,57055,5555,4473,Index (MOEX Index),0.8219178082191858,0.8219178082191858,26.5,0.9601449275362319,12.179297965696051,0.5328491656704931,0.03284916567049312,95.00860585197934,10,5,Saturday
2025-10-19,IMOEXF,2759.0,2765.0,2732.0,2743.0,2746.8184113244974,133078,11091,1437700.0346226671,1442776,56754,76324,4602,6489,Index (MOEX Index),-0.6159420289855055,0.6159420289855055,33.0,1.203062340503099,11.998737715264628,0.42647169329265544,0.07352830670734456,94.42340791738381,10,6,Sunday
2025-10-20,IMOEXF,2744.0,2762.0,2728.5,2751.0,2747.1516471817517,924471,50723,1479868.8160006308,1504982,462157,462314,24914,25809,Index (MOEX Index),0.2916514764855993,0.2916514764855993,33.5,1.2177390039985458,18.225873863927607,0.4999150865738352,8.491342616478992e-05,94.6987951807229,10,0,Monday
2025-10-21,IMOEXF,2700.0,2720.0,2609.0,2672.0,2670.92333758224,2557914,126307,1440672.1790082892,1508594,1218751,1339163,61556,64751,Index (MOEX Index),-2.8716830243547764,2.8716830243547764,111.0,4.154191616766467,20.251561671166286,0.47646285215218337,0.02353714784781663,91.97934595524957,10,1,Tuesday
2025-10-22,IMOEXF,2673.5,2683.5,2586.0,2615.5,2641.6006348168835,1779657,100974,1365010.3081189217,1397438,870233,909424,48549,52425,Index (MOEX Index),-2.114520958083832,2.114520958083832,97.5,3.7277767157331296,17.624903440489632,0.48898917038507983,0.01101082961492017,90.03442340791739,10,2,Wednesday
2025-10-23,IMOEXF,2577.5,2587.5,2548.5,2587.0,2569.231482907755,1537174,84395,1362758.4432253095,1382980,743499,793675,41541,42854,Index (MOEX Index),-1.089657809214295,1.089657809214295,39.0,1.507537688442211,18.214041116179867,0.4836791410731641,0.01632085892683588,89.05335628227195,10,3,Thursday
2025-10-24,IMOEXF,2589.0,2613.0,2531.5,2549.5,2562.293252275896,2002233,97544,1456433.7399327483,1506578,997339,1004894,46696,50848,Index (MOEX Index),-1.449555469655972,1.449555469655972,81.5,3.1967052363208475,20.526459854014597,0.4981133564375375,0.0018866435624624867,87.76247848537005,10,4,Friday
2025-10-27,IMOEXF,2527.0,2527.0,2454.5,2460.5,2487.0459884717247,1726143,96285,1514756.5518824323,1550724,815032,911111,44232,52053,Index (MOEX Index),-3.490880564816634,3.490880564816634,72.5,2.946555578134525,17.927434179778782,0.47216945525370724,0.027830544746292762,84.6987951807229,10,0,Monday
2025-10-28,IMOEXF,2465.5,2520.5,2465.0,2513.0,2498.9385536453724,1466305,78003,1512376.4974167661,1534842,757594,708711,40766,37237,Index (MOEX Index),2.1337126600284417,2.1337126600284417,55.5,2.208515718265022,18.798059049010934,0.5166687694579232,0.01666876945792317,86.50602409638554,10,1,Tuesday
2025-10-29,IMOEXF,2513.0,2535.0,2502.0,2520.0,2520.4213582932525,886353,50107,1477068.3427465225,1496268,445674,440679,25390,24717,Index (MOEX Index),0.278551532033422,0.278551532033422,33.0,1.3095238095238095,17.68920510108368,0.5028177261204058,0.0028177261204057613,86.74698795180723,10,2,Wednesday
2025-10-30,IMOEXF,2515.0,2572.0,2510.5,2561.5,2549.7264592906376,923758,55712,1430782.8865594487,1459560,483626,440132,29487,26225,Index (MOEX Index),1.646825396825391,1.646825396825391,61.5,2.4009369510052703,16.580952039058012,0.5235418800161947,0.023541880016194727,88.17555938037866,10,3,Thursday
2025-10-31,IMOEXF,2564.5,2570.0,2502.5,2524.5,2534.8498609981016,1002521,58992,1375657.0178668294,1395164,453841,548680,26369,32623,Index (MOEX Index),-1.4444661331251218,1.4444661331251218,67.5,2.6737967914438503,16.994185652291836,0.4526997439455134,0.04730025605448662,86.90189328743546,10,4,Friday
2025-11-01,IMOEXF,2529.0,2539.0,2522.0,2535.5,2531.5144505336025,287007,17335,1373970.245630228,1381498,142362,144645,9007,8328,Index (MOEX Index),0.43572984749455923,0.43572984749455923,17.0,0.6704791954249655,16.556504182290166,0.496022745089841,0.003977254910158989,87.28055077452667,11,5,Saturday
2025-11-03,IMOEXF,2550.0,2585.5,2544.5,2574.0,2571.4406725027143,455702,29472,1339968.3645494028,1358992,255929,199773,16191,13281,Index (MOEX Index),1.5184381778741818,1.5184381778741818,41.0,1.5928515928515927,15.462201411509229,0.5616148272335869,0.06161482723358691,88.60585197934596,11,0,Monday
2025-11-05,IMOEXF,2566.0,2583.0,2537.5,2557.0,2557.05084134037,1102017,62341,1340440.278436342,1362216,529463,572554,29921,32420,Index (MOEX Index),-0.6604506604506621,0.6604506604506621,45.5,1.7794290183809154,17.677242905952745,0.48044903118554433,0.01955096881445567,88.02065404475043,11,2,Wednesday
2025-11-06,IMOEXF,2558.0,2561.5,2534.5,2554.5,2546.6186593229445,578747,37220,1362826.5352498656,1374608,292219,286528,19006,18214,Index (MOEX Index),-0.09777082518576119,0.09777082518576119,27.0,1.0569583088667058,15.549355185384202,0.5049166561554531,0.004916656155453114,87.93459552495698,11,3,Thursday
2025-11-07,IMOEXF,2542.0,2586.5,2537.5,2575.0,2567.2511532713925,764732,46173,1393831.9423472593,1427536,392857,371875,24708,21465,Index (MOEX Index),0.8025053826580475,0.8025053826580475,49.0,1.9029126213592233,16.562319970545555,0.5137185314593871,0.013718531459387062,88.64027538726333,11,4,Friday
2025-11-08,IMOEXF,2575.0,2578.0,2569.0,2572.5,2572.404069767442,24712,2752,1403070.8626453488,1405602,13079,11633,1485,1267,Index (MOEX Index),-0.0970873786407811,0.0970873786407811,9.0,0.3498542274052478,8.979651162790697,0.529257041113629,0.029257041113629034,88.55421686746988,11,5,Saturday
2025-11-09,IMOEXF,2573.0,2579.0,2571.0,2578.0,2575.7595946528677,22506,2319,1399706.8417421302,1402878,13419,9087,1478,841,Index (MOEX Index),0.21379980563653866,0.21379980563653866,8.0,0.3103180760279286,9.705045278137128,0.5962410023993602,0.09624100239936018,88.74354561101549,11,6,Sunday
2025-11-10,IMOEXF,2587.0,2603.5,2555.5,2562.0,2579.383702320619,726728,48737,1414076.2212692616,1443138,344059,382669,23459,25278,Index (MOEX Index),-0.6206361520558534,0.6206361520558534,48.0,1.873536299765808,14.911217350267764,0.47343572836054204,0.02656427163945796,88.19277108433735,11,0,Monday
2025-11-11,IMOEXF,2565.5,2584.0,2552.0,2581.0,2569.303434434601,600546,42103,1447008.8110110918,1475886,284164,316382,18317,23786,Index (MOEX Index),0.7416081186572887,0.7416081186572887,32.0,1.239829523440527,14.263734175711944,0.4731760764371089,0.026823923562891094,88.84681583476764,11,1,Tuesday
2025-11-12,IMOEXF,2579.0,2580.0,2526.0,2541.5,2546.953857150421,783191,56661,1476738.5291470324,1507382,359372,423819,21900,34761,Index (MOEX Index),-1.5304145679968961,1.5304145679968961,54.0,2.1247294904583907,13.822399887047528,0.45885614109457334,0.041143858905426656,87.48709122203098,11,2,Wednesday
2025-11-13,IMOEXF,2542.0,2559.5,2532.5,2543.5,2544.777687954729,580950,34636,1487319.407841552,1500906,296057,284893,18156,16480,Index (MOEX Index),0.07869368483179873,0.07869368483179873,27.0,1.061529388637704,16.773010740270237,0.5096084000344264,0.009608400034426423,87.55593803786574,11,3,Thursday
2025-11-14,IMOEXF,2545.5,2552.5,2516.5,2537.5,2530.4111982204377,586364,36863,1497220.385481377,1517832,290339,296025,17750,19113,Index (MOEX Index),-0.2358954196972629,0.2358954196972629,36.0,1.4187192118226601,15.906572986463392,0.4951514758750537,0.004848524124946296,87.34939759036145,11,4,Friday
2025-11-15,IMOEXF,2539.0,2544.0,2532.0,2534.0,2535.9130046445157,24520,2799,1474166.047874241,1477032,11063,13457,1401,1398,Index (MOEX Index),-0.13793103448276334,0.13793103448276334,12.0,0.4735595895816891,8.760271525544837,0.4511827079934747,0.04881729200652529,87.2289156626506,11,5,Saturday
2025-11-16,IMOEXF,2530.0,2535.0,2517.0,2526.0,2525.663338301043,32872,3355,1475628.0166915052,1479120,14881,17991,1530,1825,Index (MOEX Index),-0.31570639305446013,0.31570639305446013,18.0,0.7125890736342043,9.797913561847988,0.4526953029934291,0.04730469700657092,86.95352839931154,11,6,Sunday
2025-11-17,IMOEXF,2517.5,2522.0,2503.5,2505.5,2512.508057920087,502472,33011,1506453.6672018417,1522870,254554,247918,16258,16753,Index (MOEX Index),-0.8115597783056261,0.8115597783056261,18.5,0.7383755737377768,15.22135045893793,0.506603353022656,0.006603353022656022,86.24784853700517,11,0,Monday
2025-11-18,IMOEXF,2505.0,2578.0,2495.0,2561.0,2552.3162570638583,1784890,90779,1541949.8555172451,1592136,903548,881342,48178,42601,Index (MOEX Index),2.215126721213334,2.215126721213334,83.0,3.2409215150331905,19.66192621641569,0.5062205514065292,0.006220551406529218,88.15834767641996,11,1,Tuesday
2025-11-19,IMOEXF,2578.0,2673.0,2560.0,2631.5,2624.325595737883,2842332,134581,1516239.231407108,1559106,1442495,1399837,69863,64718,Index (MOEX Index),2.752830925419758,2.752830925419758,113.0,4.294128823864716,21.119860901613155,0.5075040494917553,0.007504049491755316,90.58519793459553,11,2,Wednesday
2025-11-20,IMOEXF,2638.0,2726.0,2620.0,2702.0,2661.901175968641,2355974,112503,1493572.6272188297,1527030,1218459,1137515,57953,54550,Index (MOEX Index),2.67908037241118,2.67908037241118,106.0,3.923019985196151,20.9414326729065,0.5171784578267842,0.017178457826784177,93.01204819277108,11,3,Thursday
2025-11-21,IMOEXF,2694.5,2712.5,2651.5,2693.0,2679.102311500428,1652138,80597,1457241.2867972753,1500758,815367,836771,38388,42209,Index (MOEX Index),-0.33308660251665234,0.33308660251665234,61.0,2.265131823245451,20.49875305532464,0.49352233288018316,0.006477667119816843,92.70223752151463,11,4,Friday
2025-11-24,IMOEXF,2707.0,2714.5,2646.5,2666.0,2673.5286233995307,1221273,63497,1430066.2595398207,1442558,576883,644390,29382,34115,Index (MOEX Index),-1.0025993316004511,1.0025993316004511,68.0,2.550637659414854,19.233554341149976,0.4723620353516372,0.027637964648362823,91.77280550774528,11,0,Monday
2025-11-25,IMOEXF,2670.0,2702.0,2641.0,2685.0,2674.3403922037546,1690663,83630,1443678.9344493602,1483554,868288,822375,42670,40960,Index (MOEX Index),0.7126781695423912,0.7126781695423912,61.0,2.271880819366853,20.215987085973932,0.5135784008995288,0.013578400899528775,92.42685025817556,11,1,Tuesday
2025-11-26,IMOEXF,2685.0,2685.0,2662.0,2669.5,2671.695862210235,488740,29291,1452605.1268990475,1468828,230286,258454,13314,15977,Index (MOEX Index),-0.5772811918063336,0.5772811918063336,23.0,0.8615845663982019,16.68567136663139,0.47118304210827844,0.028816957891721562,91.8932874354561,11,2,Wednesday
2025-11-27,IMOEXF,2672.0,2683.0,2607.0,2624.5,2641.6523787406277,965545,60284,1433110.9659942936,1457520,414992,550553,27271,33013,Index (MOEX Index),-1.6857089342573461,1.6857089342573461,76.0,2.8957896742236615,16.016604737575477,0.4298007860845429,0.07019921391545708,90.34423407917383,11,3,Thursday
2025-11-28,IMOEXF,2627.0,2689.5,2619.0,2680.0,2652.5017956193997,973305,56248,1403626.9685322144,1425522,517400,455905,29612,26636,Index (MOEX Index),2.114688512097551,2.114688512097551,70.5,2.6305970149253732,17.30381524676433,0.5315908168559701,0.031590816855970094,92.25473321858864,11,4,Friday
2025-11-29,IMOEXF,2681.5,2685.5,2672.0,2677.0,2678.664417989418,57872,3780,1388588.4301587301,1402370,18480,39392,1760,2020,Index (MOEX Index),-0.11194029850746245,0.11194029850746245,13.5,0.5042958535674262,15.31005291005291,0.31932540779651647,0.18067459220348353,92.15146299483649,11,5,Saturday
2025-11-30,IMOEXF,2679.0,2697.5,2677.5,2696.5,2690.56897566719,66715,5096,1370248.4948979593,1374880,44803,21912,3308,1788,Index (MOEX Index),0.7284273440418376,0.7284273440418376,20.0,0.7417022065640645,13.091640502354789,0.671558120362737,0.171558120362737,92.82271944922547,11,6,Sunday
2025-12-01,IMOEXF,2689.5,2702.5,2665.0,2684.0,2685.922301117091,828356,44222,1392689.6139930352,1408198,403835,424521,22096,22126,Index (MOEX Index),-0.4635638791025354,0.4635638791025354,37.5,1.3971684053651268,18.731762471168196,0.4875138225593827,0.012486177440617308,92.39242685025818,12,0,Monday
2025-12-02,IMOEXF,2681.0,2695.5,2659.0,2676.5,2679.939518195797,735199,42922,1390861.2086575648,1408708,354774,380425,20794,22128,Index (MOEX Index),-0.2794336810730269,0.2794336810730269,36.5,1.3637212777881562,17.128721867573738,0.4825550633229915,0.017444936677008527,92.1342512908778,12,1,Tuesday
2025-12-03,IMOEXF,2648.5,2658.0,2622.0,2654.5,2639.0759824414718,749629,47840,1371094.9702759197,1395982,362625,387004,22899,24941,Index (MOEX Index),-0.8219689893517623,0.8219689893517623,36.0,1.3561876059521567,15.669502508361203,0.48373928970197255,0.016260710298027448,91.37693631669535,12,2,Wednesday
2025-12-04,IMOEXF,2659.5,2672.5,2655.5,2659.0,2663.91150872285,379092,25737,1359554.7481058398,1372966,187518,191574,12515,13222,Index (MOEX Index),0.16952345074401354,0.16952345074401354,17.0,0.6393380970289583,14.729455647511365,0.49465037510683424,0.005349624893165761,91.53184165232358,12,3,Thursday
2025-12-05,IMOEXF,2661.0,2721.5,2659.5,2717.5,2700.387827834361,926739,58223,1394959.3865997973,1432668,524402,402337,35166,23057,Index (MOEX Index),2.2000752162466997,2.2000752162466997,62.0,2.281508739650414,15.917060268278858,0.5658572694145817,0.0658572694145817,93.54561101549054,12,4,Friday
2025-12-08,IMOEXF,2731.5,2743.5,2686.5,2693.0,2716.867365812801,931476,57308,1465693.6924687652,1505536,433426,498050,26690,30618,Index (MOEX Index),-0.9015639374425066,0.9015639374425066,57.0,2.116598588934274,16.253856355133664,0.46531096882796763,0.03468903117203237,92.70223752151463,12,0,Monday
2025-12-09,IMOEXF,2694.0,2743.0,2685.5,2727.0,2713.6686925727413,904494,52240,1525756.8855666157,1587310,488591,415903,28293,23947,Index (MOEX Index),1.2625324916450076,1.2625324916450076,57.5,2.1085441877521087,17.314203675344565,0.5401815821884943,0.040181582188494325,93.87263339070569,12,1,Tuesday
2025-12-10,IMOEXF,2724.5,2735.5,2715.5,2724.0,2724.4573896353168,466690,28655,1600309.6507415809,1615510,227754,238936,14558,14097,Index (MOEX Index),-0.11001100110010764,0.11001100110010764,20.0,0.7342143906020557,16.286511952538824,0.4880198847200497,0.011980115279950299,93.76936316695353,12,2,Wednesday
2025-12-11,IMOEXF,2733.0,2805.0,2732.0,2762.0,2758.0660429907875,1397243,70015,1649337.5210169249,1692222,702088,695155,36984,33031,Index (MOEX Index),1.3950073421439058,1.3950073421439058,73.0,2.6430123099203473,19.956337927586947,0.502480957142029,0.0024809571420290055,95.07745266781411,12,3,Thursday
2025-12-12,IMOEXF,2766.5,2773.5,2713.5,2717.0,2745.5475818707973,856483,48033,1641352.4547290404,1693404,375015,481468,20308,27725,Index (MOEX Index),-1.6292541636495295,1.6292541636495295,60.0,2.208317997791682,17.831136926696228,0.4378545750470237,0.062145424952976314,93.52839931153184,12,4,Friday
2025-12-13,IMOEXF,2722.5,2733.0,2722.5,2730.5,2729.0593171296296,57652,5184,1570286.96720679,1577736,36674,20978,3117,2067,Index (MOEX Index),0.4968715495031306,0.4968715495031306,10.5,0.3845449551364219,11.121141975308642,0.6361271074724207,0.13612710747242074,93.99311531841651,12,5,Saturday
2025-12-14,IMOEXF,2730.0,2730.5,2718.0,2724.5,2722.688331627431,51183,3908,1571618.346468782,1575742,22175,29008,1627,2281,Index (MOEX Index),-0.2197399743636752,0.2197399743636752,12.5,0.4587997797761057,13.096980552712385,0.4332493210636344,0.0667506789363656,93.78657487091222,12,6,Sunday
2025-12-15,IMOEXF,2735.0,2763.5,2725.0,2758.0,2744.2280720885046,869454,50438,1576052.3077045085,1592128,460610,408844,28497,21941,Index (MOEX Index),1.2295834097999725,1.2295834097999725,38.5,1.3959390862944163,17.23807446766327,0.5297692574880327,0.02976925748803272,94.93975903614458,12,0,Monday
2025-12-16,IMOEXF,2757.5,2783.5,2749.0,2780.0,2771.19980580273,592129,34501,1577486.9405524477,1609398,308111,284018,17651,16850,Index (MOEX Index),0.797679477882518,0.797679477882518,34.5,1.2410071942446044,17.162661951827484,0.5203443844162337,0.020344384416233652,95.69707401032701,12,1,Tuesday
2025-12-17,IMOEXF,2785.0,2788.5,2742.5,2765.5,2764.515201520152,975279,59994,1593115.4321098777,1620042,473443,501836,27758,32236,Index (MOEX Index),-0.5215827338129531,0.5215827338129531,46.0,1.6633520159103237,16.256275627562758,0.48544365253430044,0.01455634746569956,95.19793459552496,12,2,Wednesday
2025-12-18,IMOEXF,2766.5,2779.0,2754.0,2773.0,2766.782065665354,780445,43676,1591088.1199285649,1629924,389432,391013,21653,22023,Index (MOEX Index),0.27119869824625553,0.27119869824625553,25.0,0.9015506671474938,17.86896693836432,0.4989871163246609,0.0010128836753390824,95.45611015490533,12,3,Thursday
2025-12-19,IMOEXF,2774.0,2796.0,2721.0,2760.0,2760.977530550333,1671967,93616,1586022.096393779,1628352,796170,875797,44730,48886,Index (MOEX Index),-0.46880634691669476,0.46880634691669476,75.0,2.717391304347826,17.859842334643652,0.4761876281051002,0.02381237189489982,95.00860585197934,12,4,Friday
2025-12-20,IMOEXF,2758.0,2764.0,2756.0,2759.5,2758.8499644886365,41301,2816,1535852.3792613635,1542956,18755,22546,1351,1465,Index (MOEX Index),-0.018115942028984477,0.018115942028984477,8.0,0.2899075919550643,14.666548295454545,0.4541052274763323,0.04589477252366769,94.99139414802066,12,5,Saturday
2025-12-21,IMOEXF,2760.0,2760.0,2747.0,2748.0,2751.5223551637278,45334,3176,1518308.8022670024,1522256,16189,29145,1310,1866,Index (MOEX Index),-0.4167421634354018,0.4167421634354018,13.0,0.4730713245997089,14.273929471032746,0.3571050425729033,0.14289495742709668,94.59552495697075,12,6,Sunday
2025-12-22,IMOEXF,2750.0,2750.0,2713.5,2719.0,2730.7091371004994,730051,45463,1483616.653542441,1515346,357673,372378,20905,24558,Index (MOEX Index),-1.0553129548762752,1.0553129548762752,36.5,1.3424052960647297,16.058135186855246,0.48992878579715665,0.010071214202843348,93.5972461273666,12,0,Monday
2025-12-23,IMOEXF,2722.5,2737.0,2705.0,2731.5,2722.0446333687564,637850,36699,1461778.020981498,1475768,353903,283947,19609,17090,Index (MOEX Index),0.45972784111805165,0.45972784111805165,32.0,1.1715174812374154,17.38058257718194,0.5548373442031825,0.054837344203182536,94.0275387263339,12,1,Tuesday
2025-12-24,IMOEXF,2731.0,2734.5,2710.5,2724.5,2724.4340767836334,526616,30892,1471076.9757866114,1484200,249672,276944,14244,16648,Index (MOEX Index),-0.25626944902068516,0.25626944902068516,24.0,0.8808955771701229,17.047002460183865,0.4741063697267079,0.025893630273292112,93.78657487091222,12,2,Wednesday
2025-12-25,IMOEXF,2724.0,2730.0,2711.5,2720.0,2718.5158147036423,363198,22321,1483220.474530711,1497548,189880,173318,11632,10689,Index (MOEX Index),-0.16516792071940012,0.16516792071940012,18.5,0.6801470588235294,16.271582814390037,0.5228002356841172,0.022800235684117154,93.63166953528399,12,3,Thursday
2025-12-26,IMOEXF,2722.0,2776.0,2721.0,2774.0,2750.7565367776892,727165,41343,1461658.4076143482,1480290,398177,328988,23740,17603,Index (MOEX Index),1.9852941176470518,1.9852941176470518,55.0,1.9826964671953857,17.588588152770722,0.5475744844705122,0.04757448447051216,95.49053356282272,12,4,Friday
2025-12-27,IMOEXF,2773.0,2785.5,2773.0,2784.0,2782.1916126042634,53740,4316,1452898.6260426322,1459792,28024,25716,2232,2084,Index (MOEX Index),0.36049026676279183,0.36049026676279183,12.5,0.4489942528735632,12.451343836886005,0.5214737625604764,0.021473762560476395,95.83476764199655,12,5,Saturday
2025-12-28,IMOEXF,2784.0,2795.0,2768.0,2787.0,2780.650853684893,113084,9254,1457725.379079317,1463664,57106,55978,4640,4614,Index (MOEX Index),0.10775862068965747,0.10775862068965747,27.0,0.9687836383207751,12.220012967365463,0.5049874429627533,0.00498744296275333,95.9380378657487,12,6,Sunday
2025-12-29,IMOEXF,2787.0,2828.0,2743.0,2760.5,2783.906455725687,1583732,81571,1449477.604565348,1474290,753771,829961,38742,42829,Index (MOEX Index),-0.9508432005740919,0.9508432005740919,85.0,3.079152327476906,19.41538046609702,0.4759460565297664,0.024053943470233596,95.02581755593805,12,0,Monday
2025-12-30,IMOEXF,2763.5,2780.5,2752.0,2772.0,2764.772908366534,448691,28112,1447270.701693227,1467994,258907,189784,17023,11089,Index (MOEX Index),0.416591197246885,0.416591197246885,28.5,1.0281385281385282,15.960835230506545,0.5770273974739855,0.07702739747398546,95.42168674698796,12,1,Tuesday
2024-12-30,SBERF,279.4,280.24,278.39,279.37,279.28420935412026,2785,449,81078.0,81372,1447,1338,231,218,Equity (Sberbank),,,1.8500000000000227,0.6622042452661426,6.202672605790646,0.5195691202872531,0.019569120287253106,100.0,12,0,Monday
2025-01-03,SBERF,279.7,280.46,272.01,272.5,274.6639144017494,17542,6402,78875.46079350203,81496,6469,11073,2619,3783,Equity (Sberbank),-2.4591044135018114,2.4591044135018114,8.449999999999989,3.1009174311926566,2.740081224617307,0.3687720898415232,0.1312279101584768,97.5408955864982,1,4,Friday
2025-01-06,SBERF,271.98,274.69,270.42,274.48,272.0815570672713,13448,3969,76387.25069286974,78162,7761,5687,2131,1838,Equity (Sberbank),0.7266055045871633,0.7266055045871633,4.269999999999982,1.55566890119498,3.3882590073066265,0.5771118381915527,0.07711183819155265,98.2496331030533,1,0,Monday
2025-01-08,SBERF,274.15,278.0,273.73,277.15,276.50505418422637,9256,3322,75037.33413606261,76638,4572,4684,1832,1490,Equity (Sberbank),0.9727484698338618,0.9727484698338618,4.269999999999982,1.5406819411870765,2.786273329319687,0.4939498703543647,0.006050129645635283,99.20535490568064,1,2,Wednesday
2025-01-09,SBERF,277.0,278.94,271.17,272.34,274.0561278508407,15191,6007,75340.19743632429,77794,6223,8968,2378,3629,Equity (Sberbank),-1.7355222803535963,1.7355222803535963,7.769999999999982,2.853051332892701,2.5288829698684867,0.4096504509248897,0.09034954907511028,97.48362386798868,1,3,Thursday
2025-01-10,SBERF,273.32,279.65,270.58,279.55,275.8423180909839,18778,8507,76617.19736687434,79040,9823,8955,4960,3547,Equity (Sberbank),2.647426011603149,2.647426011603149,9.069999999999993,3.2445000894294376,2.2073586458210883,0.5231121525189051,0.023112152518905082,100.0644306833232,1,4,Friday
2025-01-13,SBERF,281.0,286.2,278.8,280.02,282.32276124766423,21454,6957,79015.06281443151,83468,9169,12285,3019,3938,Equity (Sberbank),0.16812734752278402,0.16812734752278402,7.399999999999977,2.6426683808299325,3.083800488716401,0.42737950964855037,0.07262049035144963,100.23266635644485,1,0,Monday
2025-01-14,SBERF,280.9,282.56,277.72,280.15,280.34729342492636,17696,5095,83047.49715407263,86004,9462,8234,2363,2732,Equity (Sberbank),0.046425255338911064,0.046425255338911064,4.839999999999975,1.7276459039800018,3.473209028459274,0.5346971066907775,0.034697106690777524,100.27919962773382,1,1,Tuesday
2025-01-15,SBERF,280.0,282.93,276.5,282.93,279.1358535768136,19808,5969,87930.92075724577,90668,9875,9933,2814,3155,Equity (Sberbank),0.9923255398893494,0.9923255398893494,6.430000000000007,2.2726469444739004,3.31847880717038,0.4985359450726979,0.0014640549273021164,101.27429573683646,1,2,Wednesday
2025-01-16,SBERF,283.0,284.3,281.64,282.5,283.00556116593987,14533,4357,83515.03970621988,86416,6412,8121,2055,2302,Equity (Sberbank),-0.15198105538473117,0.15198105538473117,2.660000000000025,0.9415929203539912,3.335551985310994,0.4412027798802725,0.05879722011972749,101.12037799334217,1,3,Thursday
2025-01-17,SBERF,282.31,285.2,280.26,284.14,283.0539499725124,12860,3638,84424.12974161627,85404,7607,5253,1907,1731,Equity (Sberbank),0.5805309734513209,0.5805309734513209,4.939999999999998,1.7385795734497074,3.5349092908191313,0.5915241057542768,0.09152410575427683,101.70741310806457,1,4,Friday
2025-01-20,SBERF,284.43,286.59,278.07,278.5,282.5439001435636,21340,6269,86333.30419524646,88814,9184,12156,2486,3783,Equity (Sberbank),-1.9849370028859004,1.9849370028859004,8.519999999999982,3.0592459605026865,3.4040516828840324,0.43036551077788193,0.06963448922211807,99.68858503060457,1,0,Monday
2025-01-21,SBERF,279.01,283.5,276.7,283.0,279.4870886385896,11225,4084,87972.0097943193,88440,6060,5165,2143,1941,Equity (Sberbank),1.6157989228007263,1.6157989228007263,6.800000000000011,2.402826855123679,2.7485308521057785,0.5398663697104678,0.03986636971046775,101.29935211368435,1,1,Tuesday
2025-01-22,SBERF,282.34,284.56,280.58,280.8,282.4068229470006,13077,3434,88391.24170064065,89926,6119,6958,1668,1766,Equity (Sberbank),-0.7773851590106018,0.7773851590106018,3.980000000000018,1.4173789173789237,3.8080955154338962,0.4679207769366063,0.032079223063393725,100.5118659841787,1,2,Wednesday
2025-01-23,SBERF,280.5,281.27,277.76,281.27,279.71661165291323,10838,3999,88866.57314328582,90264,5157,5681,1871,2128,Equity (Sberbank),0.16737891737890198,0.16737891737890198,3.509999999999991,1.2479112596437554,2.7101775443860965,0.4758257981177339,0.0241742018822661,100.68010165730034,1,3,Thursday
2025-01-24,SBERF,281.58,283.07,279.55,281.19,281.24373893805307,12721,3616,88872.36615044248,89770,6884,5837,1958,1658,Equity (Sberbank),-0.028442421872221235,0.028442421872221235,3.519999999999982,1.2518226110459056,3.5179756637168142,0.541152425123811,0.04115242512381101,100.6514657980456,1,4,Friday
2025-01-27,SBERF,281.0,281.12,275.5,275.62,277.8264213300892,21769,4932,78780.92538523926,88148,6824,14945,2000,2932,Equity (Sberbank),-1.9808670294107156,1.9808670294107156,5.6200000000000045,2.0390392569479734,4.413828061638281,0.3134732877026965,0.1865267122973035,98.6576940974335,1,0,Monday
2025-01-28,SBERF,275.61,279.52,274.9,278.85,277.4893398113747,10886,3499,74078.99628465276,76692,5138,5748,1883,1616,Equity (Sberbank),1.1719033451853988,1.1719033451853988,4.6200000000000045,1.656804733727812,3.111174621320377,0.47198236266764654,0.028017637332353462,99.81386691484411,1,1,Tuesday
2025-01-29,SBERF,279.5,282.74,277.61,280.88,280.35802411252513,9394,2986,69977.1352980576,71342,5084,4310,1702,1284,Equity (Sberbank),0.7279899587591787,0.7279899587591787,5.1299999999999955,1.826402734263741,3.1460147354320163,0.5411965084096232,0.04119650840962319,100.54050184343343,1,2,Wednesday
2025-01-30,SBERF,280.94,283.55,280.61,282.42,281.93498064516126,6982,2325,69252.67010752688,69956,4007,2975,1274,1051,Equity (Sberbank),0.5482768442039321,0.5482768442039321,2.9399999999999977,1.0410027618440612,3.003010752688172,0.5739043254081925,0.07390432540819247,101.09174213408743,1,3,Thursday
2025-01-31,SBERF,282.59,284.2,279.0,281.12,282.611733858745,11231,3299,68300.9948469233,70452,4589,6642,1436,1863,Equity (Sberbank),-0.4603073436725502,0.4603073436725502,5.199999999999989,1.8497438816163874,3.404364959078509,0.40860119312616866,0.09139880687383134,100.62640942119769,1,4,Friday
2025-02-03,SBERF,281.01,281.52,278.34,279.96,279.45115231788077,8047,2265,71009.30949227374,71730,3355,4692,881,1384,Equity (Sberbank),-0.41263517359135804,0.41263517359135804,3.180000000000007,1.1358765537934017,3.5527593818984546,0.416925562321362,0.08307443767863798,100.21118946200377,2,0,Monday
2025-02-04,SBERF,280.57,281.57,276.3,277.7,279.1310311493018,6449,1862,69924.16541353383,70836,3147,3302,873,989,Equity (Sberbank),-0.8072581797399558,0.8072581797399558,5.269999999999982,1.8977313647821328,3.4634801288936625,0.48798263296635136,0.01201736703364864,99.40222643805706,2,1,Tuesday
2025-02-05,SBERF,277.69,283.98,275.86,283.37,279.754370752922,12738,3679,70677.84289209024,73176,7277,5461,2084,1595,Equity (Sberbank),2.041771696074912,2.041771696074912,8.120000000000005,2.865511522038326,3.4623539005164448,0.5712827759459884,0.07128277594598842,101.43179296273759,2,2,Wednesday
2025-02-06,SBERF,283.69,289.2,282.51,287.55,287.01213995943203,17827,3944,64710.4523326572,66696,9616,8211,2333,1611,Equity (Sberbank),1.4751032219359805,1.4751032219359805,6.689999999999998,2.326551904016692,4.520030425963489,0.5394065182027262,0.039406518202726226,102.92801660879837,2,3,Thursday
2025-02-07,SBERF,288.0,289.26,285.4,286.46,287.3037724215247,8514,1784,60228.86659192825,61626,4198,4316,908,876,Equity (Sberbank),-0.37906451051992196,0.37906451051992196,3.8600000000000136,1.3474830691894206,4.772421524663677,0.4930702372562838,0.006929762743716206,102.53785302645238,2,4,Friday
2025-02-10,SBERF,288.5,294.7,288.16,290.57,291.5820089064819,17780,4042,60004.120237506184,61632,9531,8249,2121,1921,Equity (Sberbank),1.4347552886964987,1.4347552886964987,6.539999999999964,2.250748528753816,4.3988124690747155,0.5360517435320585,0.03605174353205853,104.00902029566524,2,0,Monday
2025-02-11,SBERF,291.89,294.5,289.66,294.5,292.5258387799564,13391,3213,59409.51820728291,61972,7165,6226,1703,1510,Equity (Sberbank),1.3525140241594125,1.3525140241594125,4.839999999999975,1.643463497453302,4.167755991285403,0.5350608617728325,0.03506086177283252,105.41575688155493,2,1,Tuesday
2025-02-12,SBERF,295.11,315.0,287.46,314.5,302.4468731144632,76880,11270,56360.1850931677,58920,38338,38542,5772,5498,Equity (Sberbank),6.791171477079794,6.791171477079794,27.54000000000002,8.756756756756763,6.821650399290151,0.4986732570239334,0.0013267429760666083,112.57472169524287,2,2,Wednesday
2025-02-13,SBERF,316.94,320.0,307.72,315.5,313.2115291262136,39979,7828,53119.175268267754,56848,19944,20035,3702,4126,Equity (Sberbank),0.31796502384737746,0.31796502384737746,12.279999999999973,3.892234548335966,5.107179356157384,0.49886190249881185,0.0011380975011881511,112.93266993592725,2,3,Thursday
2025-02-14,SBERF,315.2,318.01,303.56,310.27,312.43323616308845,26467,5077,54653.7254284026,56888,11665,14802,2309,2768,Equity (Sberbank),-1.6576862123613423,1.6576862123613423,14.449999999999989,4.657234021980853,5.2131179830608625,0.44073752219745344,0.059262477802546565,111.06060063714787,2,4,Friday
2025-02-17,SBERF,314.5,320.17,312.85,320.17,316.5487044745057,17326,3844,54267.25754422477,55176,8388,8938,2039,1805,Equity (Sberbank),3.1907693299384476,3.1907693299384476,7.319999999999993,2.28628541087547,4.507284079084287,0.48412790026549696,0.015872099734503042,114.6042882199234,2,0,Monday
2025-02-18,SBERF,318.28,319.88,310.7,313.28,315.6427533460803,15624,3661,52503.584266593825,54332,6567,9057,1636,2025,Equity (Sberbank),-2.1519817596901802,2.1519817596901802,9.180000000000007,2.9302860061287053,4.267686424474188,0.42031490015360984,0.07968509984639016,112.13802484160789,2,1,Tuesday
2025-02-19,SBERF,313.13,317.84,311.27,316.74,314.98090909090905,8109,2321,52115.689788884105,52660,4117,3992,1278,1043,Equity (Sberbank),1.1044433094995032,1.1044433094995032,6.569999999999993,2.0742564879712044,3.4937526928048257,0.5077074855099273,0.007707485509927281,113.3765257543759,2,2,Wednesday
2025-02-20,SBERF,316.49,318.38,314.55,315.29,316.3416828929068,8144,2157,51793.93602225313,52822,4243,3901,1125,1032,Equity (Sberbank),-0.4577887226116073,0.4577887226116073,3.829999999999984,1.214754670303525,3.7756142790913305,0.5209970530451866,0.02099705304518662,112.85750080538355,2,3,Thursday
2025-02-21,SBERF,315.85,317.11,312.36,315.44,314.76199678800856,9103,1868,52239.59100642398,52868,4514,4589,900,968,Equity (Sberbank),0.04757524818419512,0.04757524818419512,4.75,1.5058331219883339,4.873126338329764,0.49588047896297927,0.004119521037020735,112.9111930414862,2,4,Friday
2025-02-24,SBERF,315.51,316.99,313.47,316.32,315.3096286745745,7440,1939,52977.51315110882,54066,2926,4514,870,1069,Equity (Sberbank),0.27897539944203853,0.27897539944203853,3.519999999999982,1.1127971674253863,3.8370293965961837,0.3932795698924731,0.10672043010752691,113.22618749328848,2,0,Monday
2025-02-25,SBERF,317.0,319.2,316.15,317.14,317.591322150962,9222,2027,54027.32313764183,54502,4708,4514,1071,956,Equity (Sberbank),0.2592311583206941,0.2592311583206941,3.0500000000000114,0.9617203758592455,4.549580661075481,0.510518325742789,0.010518325742788992,113.51970505064968,2,1,Tuesday
2025-02-26,SBERF,317.77,317.83,308.79,310.45,312.5981687565308,15248,3828,55017.438349007316,57754,6443,8805,1636,2192,Equity (Sberbank),-2.1094784637699426,2.1094784637699426,9.039999999999964,2.9119020776292364,3.9832810867293627,0.42254721930745015,0.07745278069254985,111.12503132047105,2,2,Wednesday
2025-02-27,SBERF,309.0,312.97,307.1,307.32,309.8081352718078,12762,3164,57090.14348925411,58898,6052,6710,1553,1611,Equity (Sberbank),-1.0082138830729614,1.0082138830729614,5.8700000000000045,1.9100611740205664,4.033501896333755,0.4742203416392415,0.025779658360758517,110.00465332712889,2,3,Thursday
2025-02-28,SBERF,307.12,310.96,304.55,309.8,307.2991202113606,18265,3785,56270.46710700132,57102,9542,8723,1920,1865,Equity (Sberbank),0.8069764414942115,0.8069764414942115,6.409999999999968,2.069076823757252,4.82562747688243,0.5224199288256228,0.022419928825622826,110.89236496402621,2,4,Friday
2025-03-03,SBERF,306.98,308.47,300.68,306.01,304.2563199794556,15637,3894,57942.349768875196,59490,6872,8765,1820,2074,Equity (Sberbank),-1.22336991607489,1.22336991607489,7.7900000000000205,2.545668442207778,4.015665125834618,0.43947048666624033,0.060529513333759666,109.53574113183234,3,0,Monday
2025-03-04,SBERF,309.0,319.2,307.6,316.86,314.07682242990654,18898,4066,58058.39744220364,60516,11234,7664,2417,1649,Equity (Sberbank),3.545635763537147,3.545635763537147,11.599999999999966,3.66092280502429,4.647811116576488,0.5944544396232405,0.09445443962324052,113.41947954325803,3,1,Tuesday
2025-03-05,SBERF,315.77,318.81,313.79,314.71,316.44429927007303,11542,2740,56941.42262773723,58126,5610,5932,1283,1457,Equity (Sberbank),-0.6785331061036515,0.6785331061036515,5.019999999999982,1.595119316195857,4.212408759124088,0.4860509443770577,0.013949055622942297,112.64989082578658,3,2,Wednesday
2025-03-06,SBERF,315.34,317.89,314.25,315.89,315.5861341853035,4895,1565,57306.45239616613,57846,2206,2689,667,898,Equity (Sberbank),0.374948365161587,0.374948365161587,3.6399999999999864,1.152299851214026,3.1277955271565494,0.45066394279877425,0.04933605720122575,113.07226974979416,3,3,Thursday
2025-03-07,SBERF,316.5,322.34,310.06,317.01,317.27332391048293,22612,4245,58277.337102473495,59590,10517,12095,2146,2099,Equity (Sberbank),0.3545538003735471,0.3545538003735471,12.279999999999973,3.873694836125035,5.326737338044759,0.46510702281974176,0.034892977180258244,113.4731717793607,3,4,Friday
2025-03-10,SBERF,318.0,321.11,317.07,318.37,318.8368274111675,12207,1970,59552.51065989848,61388,6339,5868,981,989,Equity (Sberbank),0.4290085486262196,0.4290085486262196,4.0400000000000205,1.2689637842761632,6.1964467005076145,0.519292209388056,0.01929220938805598,113.95998138669148,3,0,Monday
2025-03-11,SBERF,318.15,322.49,316.12,319.8,319.8119301779121,12405,2979,59004.56260490097,60438,7041,5364,1626,1353,Equity (Sberbank),0.44916292364229893,0.44916292364229893,6.3700000000000045,1.9918699186991882,4.164149043303122,0.5675937122128174,0.0675937122128174,114.47184737087017,3,1,Tuesday
2025-03-12,SBERF,319.44,324.97,315.02,318.6,318.67800404040406,11680,2475,59578.27717171717,60636,5456,6224,1088,1387,Equity (Sberbank),-0.37523452157598447,0.37523452157598447,9.950000000000045,3.123038292529832,4.719191919191919,0.4671232876712329,0.0328767123287671,114.04230948204889,3,2,Wednesday
2025-03-13,SBERF,317.55,321.21,313.0,317.28,316.83094825850617,24607,4967,66605.15321119389,72176,12118,12489,2260,2707,Equity (Sberbank),-0.4143126177024614,0.4143126177024614,8.20999999999998,2.5876197680282336,4.954097040467083,0.49246149469663103,0.00753850530336897,113.56981780434548,3,3,Thursday
2025-03-14,SBERF,317.0,321.99,314.49,320.97,319.2309917823746,13375,3529,71309.85661660528,72236,7164,6211,2029,1500,Equity (Sberbank),1.1630105900151566,1.1630105900151566,7.5,2.3366669782222638,3.790025502975347,0.5356261682242991,0.03562616822429909,114.89064681247092,3,4,Friday
2025-03-17,SBERF,325.04,327.32,323.09,326.33,326.1736972010178,15013,3930,73314.28753180662,74816,7888,7125,2226,1704,Equity (Sberbank),1.6699380004361553,1.6699380004361553,4.230000000000018,1.2962338736861514,3.8201017811704836,0.5254113101978285,0.025411310197828496,116.80924938253926,3,0,Monday
2025-03-18,SBERF,327.81,330.15,324.75,324.75,327.7667527875986,20143,3677,77758.96709273865,79748,10288,9855,1874,1803,Equity (Sberbank),-0.4841724634572331,0.4841724634572331,5.399999999999977,1.6628175519630413,5.47810715257003,0.5107481507223353,0.010748150722335259,116.24369116225795,3,1,Tuesday
2025-03-19,SBERF,325.0,329.1,322.78,326.53,325.4534469153515,14522,2788,82957.25107604018,89000,7446,7076,1519,1269,Equity (Sberbank),0.5481139337952134,0.5481139337952134,6.32000000000005,1.9355036290693202,5.208751793400287,0.512739292108525,0.01273929210852498,116.88083903067614,3,2,Wednesday
2025-03-20,SBERF,326.55,327.18,322.6,325.25,325.366692027787,18544,3023,90593.37082368508,92842,9538,9006,1518,1505,Equity (Sberbank),-0.39200073500137433,0.39200073500137433,4.579999999999984,1.4081475787855446,6.134303671849157,0.514344262295082,0.014344262295082011,116.42266528260012,3,3,Thursday
2025-03-21,SBERF,325.26,326.77,322.25,323.59,324.30017168674703,17059,3320,88964.46987951807,89746,7633,9426,1551,1769,Equity (Sberbank),-0.5103766333589665,0.5103766333589665,4.519999999999982,1.3968293210544152,5.138253012048192,0.4474470953748754,0.052552904625124575,115.82847120306403,3,4,Friday
2025-03-24,SBERF,323.43,324.3,318.71,320.21,322.09449691504506,22334,4214,90000.53773137162,91976,11981,10353,1889,2325,Equity (Sberbank),-1.0445316604345,1.0445316604345,5.590000000000032,1.7457293651041605,5.299952539155197,0.5364466732336348,0.03644667323363482,114.61860614955077,3,0,Monday
2025-03-25,SBERF,321.44,322.8,315.0,321.07,319.1417731277533,19518,3632,89011.83314977973,91616,9235,10283,1790,1842,Equity (Sberbank),0.2685737484775741,0.2685737484775741,7.800000000000011,2.429376771420566,5.373898678414097,0.47315298698637154,0.026847013013628462,114.92644163653935,3,1,Tuesday
2025-03-26,SBERF,320.82,320.82,315.59,316.23,318.11322195704054,8408,2095,87261.91217183771,88060,3914,4494,901,1194,Equity (Sberbank),-1.5074594325224955,1.5074594325224955,5.230000000000018,1.6538595326186691,4.013365155131265,0.4655090390104662,0.0344909609895338,113.19397215162688,3,2,Wednesday
2025-03-27,SBERF,315.49,317.66,312.58,312.86,314.80941837409125,11923,3026,83852.09385327164,86796,4835,7088,1403,1623,Equity (Sberbank),-1.0656800430066782,1.0656800430066782,5.080000000000041,1.6237294636578792,3.9401850627891606,0.40551874528222764,0.09448125471777236,111.98768658052045,3,3,Thursday
2025-03-28,SBERF,311.15,314.17,306.25,308.26,309.8505729417429,17827,4154,80957.84737602311,82146,7956,9871,1823,2331,Equity (Sberbank),-1.4703062072492612,1.4703062072492612,7.920000000000016,2.5692597158243093,4.291526239768897,0.4462893363998429,0.05371066360015708,110.34112467337222,3,4,Friday
2025-03-31,SBERF,306.21,311.51,303.0,310.77,308.28802804557404,12276,3423,80793.01840490797,81264,6001,6275,1720,1703,Equity (Sberbank),0.8142477129695624,0.8142477129695624,8.509999999999991,2.7383595585159415,3.586327782646801,0.4888400130335614,0.011159986966438606,111.23957475749006,3,0,Monday
2025-04-01,SBERF,312.13,313.31,303.0,303.99,308.0581133395522,19551,4288,82688.54151119402,84698,9002,10549,1877,2411,Equity (Sberbank),-2.181677768124324,2.181677768124324,10.310000000000002,3.391558932859634,4.559468283582089,0.46043680630146794,0.03956319369853206,108.81268568564985,4,1,Tuesday
2025-04-02,SBERF,304.6,306.99,301.64,306.7,305.06722166749876,15889,4006,82926.6080878682,85070,8625,7264,2145,1861,Equity (Sberbank),0.8914766933122653,0.8914766933122653,5.350000000000023,1.7443756113466002,3.9663005491762355,0.5428283718295677,0.04282837182956767,109.78272541790457,4,2,Wednesday
2025-04-03,SBERF,306.7,308.0,296.47,302.5,302.3208237496657,16073,3739,83771.59561380048,85506,7242,8831,1672,2067,Equity (Sberbank),-1.3694163677861027,1.3694163677861027,11.529999999999973,3.811570247933875,4.298742979406258,0.45056927767062777,0.049430722329372234,108.2793428070301,4,3,Thursday
2025-04-04,SBERF,302.77,303.49,285.06,286.36,293.39335225122966,29898,5286,81587.4211123723,84300,14472,15426,2493,2793,Equity (Sberbank),-5.33553719008264,5.33553719008264,18.430000000000007,6.435954742282443,5.656072644721907,0.48404575556893437,0.015954244431065634,102.50205820238394,4,4,Friday
2025-04-07,SBERF,283.3,293.95,276.03,287.69,284.6331072325797,32074,7563,76087.845035039,79462,14767,17307,3501,4062,Equity (Sberbank),0.46445034222655224,0.46445034222655224,17.920000000000016,6.228926970002439,4.240909691921195,0.46040406559830394,0.039595934401696065,102.97812936249417,4,0,Monday
2025-04-08,SBERF,291.42,294.85,281.77,282.65,290.36020029673585,16256,4044,76270.00098911968,77070,7910,8346,1935,2109,Equity (Sberbank),-1.7518857103131946,1.7518857103131946,13.080000000000041,4.62763134618788,4.019782393669634,0.48658956692913385,0.013410433070866146,101.17407022944482,4,1,Tuesday
2025-04-09,SBERF,282.65,294.94,276.6,294.33,285.25605207827914,25930,6183,77112.01455604075,78840,13498,12432,3041,3142,Equity (Sberbank),4.132319122589778,4.132319122589778,18.339999999999975,6.231101144973321,4.193757075853146,0.5205553413035094,0.020555341303509445,105.35490568063857,4,2,Wednesday
2025-04-10,SBERF,295.0,297.15,287.77,293.85,293.8224679224679,18695,3663,75719.94376194377,76508,8671,10024,1829,1834,Equity (Sberbank),-0.16308225461215686,0.16308225461215686,9.379999999999995,3.1921048153819958,5.103740103740104,0.46381385397165015,0.03618614602834985,105.18309052511007,4,3,Thursday
2025-04-11,SBERF,293.41,301.15,293.41,300.6,298.80179398872883,14931,3194,74915.74201628052,76416,8894,6037,1940,1254,Equity (Sberbank),2.297090352220521,2.297090352220521,7.739999999999952,2.5748502994011817,4.674702567313713,0.5956734311164691,0.09567343111646909,107.59924114972976,4,4,Friday
2025-04-14,SBERF,300.0,302.24,295.55,296.85,299.0158028169014,12502,2840,77126.75985915493,78014,5027,7475,1179,1661,Equity (Sberbank),-1.2475049900199653,1.2475049900199653,6.689999999999998,2.2536634663971693,4.402112676056338,0.402095664693649,0.09790433530635101,106.25693524716327,4,0,Monday
2025-04-15,SBERF,296.64,300.87,296.49,298.58,298.8839936608558,8815,1893,77018.97728473322,78580,4512,4303,1157,736,Equity (Sberbank),0.5827859188141993,0.5827859188141993,4.3799999999999955,1.4669435327215472,4.65662968832541,0.5118547929665344,0.011854792966534355,106.87618570354726,4,1,Tuesday
2025-04-16,SBERF,297.61,303.8,296.52,301.57,301.47948092916545,12479,3487,77262.78921709205,78144,7303,5176,2152,1335,Equity (Sberbank),1.001406658182069,1.001406658182069,7.28000000000003,2.414033226116666,3.578720963579008,0.585223174933889,0.08522317493388898,107.94645094319361,4,2,Wednesday
2025-04-17,SBERF,302.75,305.78,300.8,305.0,302.8632787433155,12772,2992,77420.32018716578,78372,5676,7096,1426,1566,Equity (Sberbank),1.137381039228047,1.137381039228047,4.979999999999961,1.632786885245889,4.268716577540107,0.4444096461008456,0.0555903538991544,109.1742134087411,4,3,Thursday
2025-04-18,SBERF,303.1,304.44,296.71,300.99,299.92907928388746,18153,4301,75731.35735875378,77458,7757,10396,1741,2560,Equity (Sberbank),-1.3147540983606487,1.3147540983606487,7.730000000000018,2.5681916342735702,4.2206463613113225,0.4273122899796177,0.07268771002038232,107.73884096359667,4,4,Friday
2025-04-21,SBERF,302.6,309.45,302.0,308.85,306.9723546871135,14532,4043,75073.89512738066,76338,9132,5400,2458,1585,Equity (Sberbank),2.6113824379547568,2.6113824379547568,7.449999999999989,2.4121741945928408,3.59436062329953,0.6284062758051198,0.12840627580511976,110.55231413537602,4,0,Monday
2025-04-22,SBERF,309.4,327.39,307.1,312.8,309.49561552778516,33119,7522,74281.39537357086,75906,17925,15194,4371,3151,Equity (Sberbank),1.2789379957908409,1.2789379957908409,20.289999999999964,6.486572890025563,4.402951342727998,0.5412301096047586,0.04123010960475859,111.9662096860794,4,1,Tuesday
2025-04-23,SBERF,312.0,313.51,306.11,310.25,309.4016785431512,17387,3789,69347.20084455001,71706,9192,8195,1842,1947,Equity (Sberbank),-0.8152173913043459,0.8152173913043459,7.399999999999977,2.385173247381137,4.588809712325152,0.5286708460343935,0.028670846034393516,111.05344167233417,4,2,Wednesday
2025-04-24,SBERF,311.2,313.25,309.65,310.74,311.572552238806,7107,2010,69271.85074626865,70102,4454,2653,970,1040,Equity (Sberbank),0.1579371474617286,0.1579371474617286,3.6000000000000227,1.1585248117397255,3.535820895522388,0.6267060644435064,0.1267060644435064,111.22883631026954,4,3,Thursday
2025-04-25,SBERF,312.0,318.31,311.48,317.5,314.9201223776224,15170,3432,68436.85314685314,69522,7675,7495,1656,1776,Equity (Sberbank),2.175452146489021,2.175452146489021,6.829999999999984,2.1511811023621994,4.42016317016317,0.505932762030323,0.005932762030323002,113.64856641729605,4,4,Friday
2025-04-28,SBERF,316.12,320.67,313.76,314.99,317.160907167416,14569,3781,64858.519439301774,68482,5933,8636,1615,2166,Equity (Sberbank),-0.7905511811023613,0.7905511811023613,6.910000000000025,2.193720435569391,3.8532134355990477,0.4072345390898483,0.0927654609101517,112.75011633317821,4,0,Monday
2025-04-29,SBERF,314.99,314.99,308.52,309.94,311.8528197945845,13977,3213,61371.90351696234,62652,7328,6649,1453,1760,Equity (Sberbank),-1.603225499222205,1.603225499222205,6.470000000000027,2.087500806607739,4.350140056022409,0.5242899048436718,0.024289904843671772,110.94247771772201,4,1,Tuesday
2025-04-30,SBERF,308.95,309.5,303.5,308.01,306.80953578336556,16298,3102,63318.14958091554,65860,8382,7916,1533,1569,Equity (Sberbank),-0.6227011679679983,0.6227011679679983,6.0,1.9479887016655304,5.254029658284978,0.5142962326665849,0.014296232666584863,110.25163761320114,4,2,Wednesday
2025-05-02,SBERF,306.96,306.96,300.03,300.66,303.2077891504606,8596,1954,64162.66939611054,64548,4257,4339,853,1101,Equity (Sberbank),-2.386286159540263,2.386286159540263,6.930000000000007,2.3049291558571166,4.399181166837257,0.4952303396928804,0.004769660307119616,107.62071804417081,5,4,Friday
2025-05-05,SBERF,302.3,302.39,292.11,295.47,297.23299825174826,13990,3432,65989.11363636363,67292,7543,6447,1521,1911,Equity (Sberbank),-1.726202354819395,1.726202354819395,10.279999999999973,3.4792026263241524,4.076340326340326,0.5391708363116512,0.03917083631165119,105.76296667501882,5,0,Monday
2025-05-06,SBERF,295.39,305.23,292.6,302.45,299.84890531062126,17963,3992,67205.78306613227,69000,10496,7467,2471,1521,Equity (Sberbank),2.3623379700138614,2.3623379700138614,12.629999999999995,4.175896842453296,4.499749498997996,0.5843121972944386,0.08431219729443862,108.26144539499587,5,1,Tuesday
2025-05-07,SBERF,302.8,304.86,300.8,303.43,302.86337073802326,10507,2317,64913.155804920156,66010,4553,5954,1088,1229,Equity (Sberbank),0.32402049925608356,0.32402049925608356,4.060000000000002,1.3380351316613395,4.5347432024169185,0.43333016084515086,0.06666983915484914,108.6122346708666,5,2,Wednesday
2025-05-08,SBERF,305.05,306.39,300.79,303.99,303.92705064993277,8482,2231,63547.830569251455,64298,3195,5287,1077,1154,Equity (Sberbank),0.1845565698843199,0.1845565698843199,5.599999999999966,1.8421658607190912,3.8018825638727027,0.3766800282952134,0.12331997170478659,108.81268568564985,5,3,Thursday
2025-05-12,SBERF,308.0,311.93,308.0,310.98,310.1861226786719,17093,3554,64630.65785030951,65976,8856,8237,2025,1529,Equity (Sberbank),2.2994177440047503,2.2994177440047503,3.930000000000007,1.2637468647501469,4.809510410804727,0.5181068273562277,0.018106827356227706,111.3147438880338,5,0,Monday
2025-05-13,SBERF,311.55,312.55,309.94,311.54,311.38102898550727,6188,1380,63848.53043478261,64922,2920,3268,645,735,Equity (Sberbank),0.18007588912469785,0.18007588912469785,2.6100000000000136,0.8377736406240013,4.484057971014493,0.4718810601163542,0.028118939883645777,111.51519490281704,5,1,Tuesday
2025-05-14,SBERF,311.44,313.99,304.62,304.63,310.4955971381398,6632,1817,61348.8222344524,62342,2999,3633,770,1047,Equity (Sberbank),-2.2180137382037723,2.2180137382037723,9.370000000000005,3.0758625217476956,3.6499724821133737,0.45220144752714114,0.04779855247285886,109.04177255968786,5,2,Wednesday
2025-05-15,SBERF,307.7,309.5,301.0,305.2,303.88101667990463,15255,3777,61520.270055599685,63530,7273,7982,1797,1980,Equity (Sberbank),0.1871122345139975,0.1871122345139975,8.5,2.7850589777195283,4.03891977760127,0.47676171746968204,0.023238282530317955,109.24580305687796,5,3,Thursday
2025-05-16,SBERF,304.65,309.33,297.01,307.14,303.83730510105875,17883,4156,60708.64773820982,62186,10390,7493,2082,2074,Equity (Sberbank),0.6356487549148193,0.6356487549148193,12.319999999999993,4.011200104187013,4.3029355149181905,0.5809987138623274,0.08099871386232738,109.9402226438057,5,4,Friday
2025-05-19,SBERF,309.0,313.53,307.0,309.02,310.23786099290777,13606,3525,60514.463546099294,61446,5641,7965,1753,1772,Equity (Sberbank),0.6120987171973624,0.6120987171973624,6.529999999999973,2.1131318361271028,3.859858156028369,0.41459650154343675,0.08540349845656325,110.61316533629237,5,0,Monday
2025-05-20,SBERF,309.03,309.98,305.19,306.65,307.2991556175855,4924,1433,59765.370551290995,60922,2433,2491,730,703,Equity (Sberbank),-0.7669406510905419,0.7669406510905419,4.7900000000000205,1.5620414152943163,3.4361479413817166,0.494110479285134,0.005889520714865981,109.76482800587036,5,1,Tuesday
2025-05-21,SBERF,307.05,307.61,303.51,304.52,305.5695180084746,5411,1888,59322.082627118645,59628,2747,2664,912,976,Equity (Sberbank),-0.6946029675525822,0.6946029675525822,4.100000000000023,1.3463811900696252,2.8659957627118646,0.5076695620033266,0.00766956200332658,109.00239825321259,5,2,Wednesday
2025-05-22,SBERF,304.3,306.05,299.94,303.53,302.7809075194468,15324,3471,62783.04638432728,66006,8824,6500,1734,1737,Equity (Sberbank),-0.3251017995533956,0.3251017995533956,6.110000000000014,2.0129805949988517,4.414866032843561,0.5758287653354216,0.0758287653354216,108.64802949493502,5,3,Thursday
2025-05-23,SBERF,303.0,305.38,301.7,302.29,303.0175065104167,5089,1536,66484.41276041667,67164,2211,2878,730,806,Equity (Sberbank),-0.4085263400652184,0.4085263400652184,3.680000000000007,1.2173740447914276,3.3131510416666665,0.4344664963647082,0.06553350363529181,108.20417367648638,5,4,Friday
2025-05-26,SBERF,299.96,299.96,295.95,298.47,297.7111508379888,18008,4475,63056.13720670391,66796,7962,10046,2233,2242,Equity (Sberbank),-1.263687187799789,1.263687187799789,4.009999999999991,1.3435186115857507,4.02413407821229,0.44213682807641047,0.05786317192358953,106.836811397072,5,0,Monday
2025-05-27,SBERF,296.2,300.1,296.18,299.16,299.10298,8066,2500,62527.216,64010,5101,2965,1541,959,Equity (Sberbank),0.23117901296612064,0.23117901296612064,3.920000000000016,1.3103356063644924,3.2264,0.632407636994793,0.13240763699479297,107.08379568314423,5,1,Tuesday
2025-05-28,SBERF,300.36,309.12,300.1,309.1,305.8838496354036,20377,3977,63112.39225546895,64442,9563,10814,2463,1514,Equity (Sberbank),3.3226367161385273,3.3226367161385273,9.019999999999982,2.918149466192165,5.123711340206185,0.46930362663787606,0.03069637336212394,110.64180119554715,5,2,Wednesday
2025-05-29,SBERF,308.02,310.35,306.05,307.09,307.9864836872087,10591,1931,60207.35059554635,61678,4476,6115,866,1065,Equity (Sberbank),-0.6502749919120143,0.6502749919120143,4.300000000000011,1.4002409717021107,5.484722941481098,0.42262298177698043,0.07737701822301957,109.92232523177148,5,3,Thursday
2025-05-30,SBERF,307.09,310.69,306.09,309.79,308.77536735838476,9710,1783,59615.12955692653,60616,4987,4723,977,806,Equity (Sberbank),0.8792210752548213,0.8792210752548213,4.600000000000023,1.4848768520610809,5.445877734155917,0.5135942327497426,0.013594232749742585,110.88878548161935,5,4,Friday
2025-06-02,SBERF,304.3,312.65,303.66,309.9,307.5680772391126,19994,3651,60091.33826348945,62408,10584,9410,2001,1650,Equity (Sberbank),0.0355079247231771,0.0355079247231771,8.989999999999952,2.9009357857373193,5.476307860860039,0.5293588076422927,0.029358807642292706,110.92815978809463,6,0,Monday
2025-06-03,SBERF,310.35,315.38,310.33,314.09,313.9775732031943,9601,2254,62021.80035492458,63366,3675,5926,1078,1176,Equity (Sberbank),1.3520490480800174,1.3520490480800174,5.050000000000011,1.6078194148174125,4.259538598047915,0.3827726278512655,0.11722737214873452,112.42796291656225,6,1,Tuesday
2025-06-04,SBERF,313.71,318.71,311.65,313.65,315.75463129973474,18147,3770,62425.87108753316,64448,8321,9826,1900,1870,Equity (Sberbank),-0.1400872361425054,0.1400872361425054,7.060000000000002,2.250916626813328,4.813527851458886,0.45853309086901417,0.04146690913098583,112.27046569066113,6,2,Wednesday
2025-06-05,SBERF,315.71,318.99,315.04,318.94,317.4906190278355,8743,2407,60692.87162442875,62594,5208,3535,1406,1001,Equity (Sberbank),1.6865933365216135,1.6865933365216135,3.9499999999999886,1.2384774565749008,3.6323223930203574,0.5956765412329864,0.09567654123298641,114.16401188388159,6,3,Thursday
2025-06-06,SBERF,319.65,325.37,312.73,313.6,318.4851268789397,26353,6187,57418.92064005172,59590,13930,12423,3114,3073,Equity (Sberbank),-1.6742961058506256,1.6742961058506256,12.639999999999986,4.030612244897955,4.259414902214321,0.5285925701058704,0.028592570105870352,112.25256827862691,6,4,Friday
2025-06-09,SBERF,314.29,314.86,310.32,311.8,312.0464517389605,10684,2559,56357.156701836655,57344,5380,5304,1171,1388,Equity (Sberbank),-0.5739795918367374,0.5739795918367374,4.5400000000000205,1.45606157793458,4.1750683860883155,0.5035567203294646,0.0035567203294646355,111.608261445395,6,0,Monday
2025-06-10,SBERF,312.05,313.48,308.2,309.43,310.21119965724074,10643,2334,57077.3410454156,58046,4456,6187,951,1383,Equity (Sberbank),-0.7601026298909574,0.7601026298909574,5.28000000000003,1.7063633131887759,4.559982862039417,0.4186789439067932,0.08132105609320678,110.75992411497297,6,1,Tuesday
2025-06-11,SBERF,309.43,314.24,309.0,313.08,312.44376590330785,15569,3144,58164.153944020356,60094,7907,7662,1741,1403,Equity (Sberbank),1.179588275215715,1.179588275215715,5.240000000000009,1.6736936246326848,4.951972010178117,0.5078681996274649,0.007868199627464878,112.06643519347101,6,2,Wednesday
2025-06-13,SBERF,313.1,313.15,310.32,310.76,311.34079671656207,6282,2071,59938.505070014486,60514,3245,3037,1052,1019,Equity (Sberbank),-0.7410246582343127,0.7410246582343127,2.829999999999984,0.9106706139786279,3.0333172380492517,0.5165552371856097,0.016555237185609695,111.23599527508321,6,4,Friday
2025-06-16,SBERF,311.06,314.8,310.81,312.39,312.67406619385343,11769,2961,62386.41404930766,63828,6287,5482,1606,1355,Equity (Sberbank),0.5245205303127776,0.5245205303127776,3.990000000000009,1.2772495918563365,3.9746707193515705,0.5342000169937973,0.034200016993797266,111.81945090739877,6,0,Monday
2025-06-17,SBERF,312.51,315.67,311.66,314.6,314.1045010351967,11324,2415,64045.97598343685,67568,3881,7443,1180,1235,Equity (Sberbank),0.7074490220557728,0.7074490220557728,4.009999999999991,1.2746344564526353,4.689026915113872,0.3427234192864712,0.1572765807135288,112.6105165193113,6,1,Tuesday
2025-06-18,SBERF,314.2,315.24,312.64,313.94,314.0424441388793,8512,2909,66760.1650051564,67850,3833,4679,1123,1786,Equity (Sberbank),-0.20979020979021712,0.20979020979021712,2.6000000000000227,0.828183729375047,2.9260914403575113,0.45030545112781956,0.049694548872180444,112.3742706804596,6,2,Wednesday
2025-06-19,SBERF,313.97,317.13,312.96,313.26,314.89119402985074,10626,2881,66199.42034015966,67050,5156,5470,1375,1506,Equity (Sberbank),-0.21660189845194022,0.21660189845194022,4.170000000000016,1.3311626125263412,3.688302672683096,0.4852249200075287,0.014775079992471296,112.13086587679422,6,3,Thursday
2025-06-20,SBERF,313.67,314.2,309.5,310.36,311.97494300518133,13540,2895,67480.22452504317,68966,5053,8487,1121,1774,Equity (Sberbank),-0.9257485794547549,0.9257485794547549,4.699999999999989,1.5143704085578,4.677029360967185,0.37319054652880357,0.12680945347119643,111.09281597880947,6,4,Friday
2025-06-23,SBERF,310.3,311.95,308.36,310.86,310.00466823714174,14987,2547,65137.68040832352,66504,7939,7048,1364,1183,Equity (Sberbank),0.16110323495295287,0.16110323495295287,3.589999999999975,1.1548607090008283,5.884177463682764,0.5297257623273504,0.029725762327350358,111.27179009915167,6,0,Monday
2025-06-24,SBERF,311.51,312.15,309.28,312.0,310.955729589952,13986,2707,64166.09900258589,64914,7697,6289,1513,1194,Equity (Sberbank),0.36672457054622853,0.36672457054622853,2.8700000000000045,0.9198717948717964,5.166605097894348,0.5503360503360504,0.050336050336050375,111.67985109353187,6,1,Tuesday
2025-06-25,SBERF,312.16,314.88,312.09,314.34,313.9986383347789,12988,2306,67284.55247181267,71094,6867,6121,1253,1053,Equity (Sberbank),0.749999999999984,0.749999999999984,2.7900000000000205,0.8875739644970481,5.632263660017346,0.5287188173698799,0.028718817369879912,112.51744997673336,6,2,Wednesday
2025-06-26,SBERF,314.44,315.15,313.14,313.66,313.8831571072319,10946,2005,72346.65735660848,73848,4256,6690,822,1183,Equity (Sberbank),-0.21632627091682233,0.21632627091682233,2.009999999999991,0.6408212714404102,5.459351620947631,0.38881783299835554,0.11118216700164446,112.27404517306798,6,3,Thursday
2025-06-27,SBERF,313.74,316.2,313.49,315.93,314.92957728437233,17998,2342,77768.14602903501,85036,11719,6279,1381,961,Equity (Sberbank),0.7237135752088175,0.7237135752088175,2.7099999999999795,0.8577849523628587,7.684884713919727,0.6511279031003445,0.15112790310034452,113.08658767942154,6,4,Friday
2025-06-30,SBERF,316.51,318.2,315.01,317.08,316.77237796686074,14556,2233,86086.25167935513,87658,4975,9581,1036,1197,Equity (Sberbank),0.36400468458201996,0.36400468458201996,3.1899999999999977,1.0060552541945245,6.51858486341245,0.34178345699367957,0.15821654300632043,113.4982281562086,6,0,Monday
2025-07-01,SBERF,317.4,320.16,317.16,319.08,319.2740116587176,11627,3774,86934.4949655538,87624,6800,4827,2678,1096,Equity (Sberbank),0.6307556452630259,0.6307556452630259,3.0,0.9402030838661152,3.080816110227875,0.5848456179582008,0.08484561795820078,114.21412463757741,7,1,Tuesday
2025-07-02,SBERF,319.62,320.35,318.02,320.01,319.296345053148,12594,2446,84119.26328699918,85178,6402,6192,1247,1199,Equity (Sberbank),0.29146295599848937,0.29146295599848937,2.330000000000041,0.7281022468048002,5.148814390842191,0.5083373034778466,0.008337303477846558,114.5470165014139,7,2,Wednesday
2025-07-03,SBERF,320.09,322.0,319.32,320.27,320.965987654321,10945,2430,84354.46995884774,85338,5819,5126,1300,1130,Equity (Sberbank),0.08124746101683122,0.08124746101683122,2.680000000000007,0.8367939551003862,4.504115226337449,0.5316582914572864,0.03165829145728638,114.64008304399182,7,3,Thursday
2025-07-04,SBERF,320.05,320.96,318.62,320.4,319.8199803149606,7815,2032,85833.50196850394,86402,4190,3625,928,1104,Equity (Sberbank),0.0405907515533821,0.0405907515533821,2.339999999999975,0.7303370786516776,3.845964566929134,0.5361484325015995,0.03614843250159949,114.68661631528082,7,4,Friday
2025-07-07,SBERF,320.0,320.0,313.19,314.0,316.1882308340354,19039,4748,84848.7598989048,85788,7973,11066,1498,3250,Equity (Sberbank),-1.9975031210986205,1.9975031210986205,6.810000000000002,2.1687898089171984,4.0098989048020215,0.4187719943274332,0.08122800567256683,112.39574757490067,7,0,Monday
2025-07-08,SBERF,313.24,315.72,310.32,310.32,313.5274580563469,23023,3159,84917.47958214625,91162,13243,9780,1529,1630,Equity (Sberbank),-1.1719745222929956,1.1719745222929956,5.400000000000034,1.740139211136902,7.288065843621399,0.5752074012943578,0.07520740129435777,111.07849804918209,7,1,Tuesday
2025-07-09,SBERF,311.2,312.63,308.17,310.8,310.0647225077081,18028,3892,90494.69424460431,92462,8329,9699,1858,2034,Equity (Sberbank),0.15467904098995788,0.15467904098995788,4.4599999999999795,1.4350064350064284,4.632065775950668,0.4620035500332816,0.037996449966718415,111.2503132047106,7,2,Wednesday
2025-07-10,SBERF,311.45,316.0,311.45,315.0,314.04594910792633,22054,3419,92892.31822170225,93958,10645,11409,1703,1716,Equity (Sberbank),1.3513513513513375,1.3513513513513375,4.550000000000011,1.444444444444448,6.450424100614215,0.4826788791148998,0.017321120885100183,112.75369581558508,7,3,Thursday
2025-07-11,SBERF,314.32,314.73,309.34,310.77,312.12116099893734,23722,3764,94478.79914984059,97046,9840,13882,1615,2149,Equity (Sberbank),-1.3428571428571456,1.3428571428571456,5.390000000000043,1.7344016475206885,6.3023379383634435,0.4148048225276115,0.08519517747238847,111.23957475749006,7,4,Friday
2025-07-14,SBERF,306.3,319.81,305.1,319.47,313.0666677482154,43099,6164,107269.70376378974,113384,24565,18534,3309,2855,Equity (Sberbank),2.799498021044511,2.799498021044511,14.70999999999998,4.604501205120974,6.992050616482803,0.5699668205758834,0.06996682057588344,114.35372445144434,7,0,Monday
2025-07-15,SBERF,319.47,321.12,317.52,321.12,319.9468285859613,30546,3932,122960.77212614445,139898,17063,13483,1947,1985,Equity (Sberbank),0.5164804206967633,0.5164804206967633,3.6000000000000227,1.1210762331838635,7.768565615462869,0.5586001440450468,0.058600144045046765,114.94433904857357,7,1,Tuesday
2025-07-16,SBERF,321.18,324.78,320.54,324.34,322.442780352178,42259,6474,154939.30367624343,163254,18065,24194,3328,3146,Equity (Sberbank),1.002740408570002,1.002740408570002,4.239999999999952,1.3072701486094693,6.527494593759654,0.42748290305023784,0.07251709694976216,116.09693238357733,7,2,Wednesday
2025-07-17,SBERF,325.08,331.61,325.08,330.92,328.7876353503185,64165,10048,176842.07981687898,187048,33330,30835,4748,5300,Equity (Sberbank),2.028735277794924,2.028735277794924,6.53000000000003,1.9732865949474283,6.385847929936306,0.5194420634302189,0.019442063430218925,118.45223180728067,7,3,Thursday
2025-07-18,SBERF,299.0,309.74,298.87,309.45,304.12993706568767,117911,15254,141183.85105546087,184572,78181,39730,10410,4844,Equity (Sberbank),-6.487972923969543,6.487972923969543,10.870000000000005,3.5126837938277604,7.729841353087715,0.6630509452044339,0.16305094520443386,110.76708307978666,7,4,Friday
2025-07-21,SBERF,314.35,314.35,309.65,310.81,311.457966507177,36695,6688,119718.3995215311,124856,13650,23045,2619,4069,Equity (Sberbank),0.43948941670706176,0.43948941670706176,4.7000000000000455,1.512177857855296,5.486692583732057,0.37198528409865106,0.12801471590134894,111.25389268711746,7,0,Monday
2025-07-22,SBERF,310.8,311.95,309.13,311.0,310.7162937853107,20712,3540,118280.64519774012,123542,8537,12175,1798,1742,Equity (Sberbank),0.06113059425372214,0.06113059425372214,2.819999999999993,0.9067524115755605,5.850847457627118,0.41217651602935496,0.08782348397064504,111.32190285284749,7,1,Tuesday
2025-07-23,SBERF,311.25,314.85,311.22,313.2,313.5303365785814,19816,3595,107013.19388038943,110278,10049,9767,1808,1787,Equity (Sberbank),0.7073954983922714,0.7073954983922714,3.6299999999999955,1.159003831417623,5.512100139082058,0.5071154622527251,0.00711546225272508,112.10938898235314,7,2,Wednesday
2025-07-24,SBERF,313.6,314.35,310.15,311.6,311.7566747910863,16085,2872,103892.4839832869,105598,6302,9783,1255,1617,Equity (Sberbank),-0.5108556832694622,0.5108556832694622,4.2000000000000455,1.3478818998716449,5.600626740947075,0.3917935965184955,0.10820640348150451,111.53667179725812,7,3,Thursday
2025-07-25,SBERF,311.65,312.1,306.57,309.54,309.76960237388727,25099,5055,105178.79525222552,107474,11729,13370,2205,2850,Equity (Sberbank),-0.6611039794608531,0.6611039794608531,5.53000000000003,1.7865219357756768,4.965182987141444,0.4673094545599426,0.032690545440057395,110.79929842144827,7,4,Friday
2025-07-28,SBERF,309.3,309.51,304.0,304.62,306.7468015983322,34117,5756,99434.5788742182,103468,16848,17269,2558,3198,Equity (Sberbank),-1.589455320798605,1.589455320798605,5.509999999999991,1.8088109776114474,5.9272063933287,0.4938300553976024,0.0061699446023976146,109.03819307728102,7,0,Monday
2025-07-29,SBERF,304.69,308.48,303.5,305.36,305.88651551891365,20651,4124,100921.02279340447,102900,11618,9033,2313,1811,Equity (Sberbank),0.24292561223819842,0.24292561223819842,4.980000000000018,1.6308619334555994,5.007516973811833,0.562587768146821,0.06258776814682099,109.30307477538747,7,1,Tuesday
2025-07-30,SBERF,305.26,306.49,303.75,303.94,304.7152074468085,11080,1880,100131.29042553192,101770,5604,5476,921,959,Equity (Sberbank),-0.4650248886560182,0.4650248886560182,2.740000000000009,0.9014937158649764,5.8936170212765955,0.5057761732851985,0.005776173285198527,108.79478827361564,7,2,Wednesday
2025-07-31,SBERF,304.44,306.22,303.0,305.32,304.6758823529412,11638,2346,101054.0537084399,102208,6277,5361,1170,1176,Equity (Sberbank),0.45403698098309686,0.45403698098309686,3.2200000000000273,1.0546312066029173,4.96078431372549,0.5393538408661283,0.039353840866128253,109.28875684576009,7,3,Thursday
2025-08-01,SBERF,307.23,307.7,303.41,304.43,305.34306224443435,8496,2201,103132.0345297592,104180,3822,4674,886,1315,Equity (Sberbank),-0.29149744530327926,0.29149744530327926,4.289999999999964,1.4091909470157225,3.8600636074511585,0.4498587570621469,0.0501412429378531,108.97018291155098,8,4,Friday
2025-08-04,SBERF,305.3,308.39,304.58,308.13,306.36493846153843,13293,2600,102410.67692307693,103308,7489,5804,1580,1020,Equity (Sberbank),1.2153861314587955,1.2153861314587955,3.8100000000000023,1.2364910914224525,5.112692307692308,0.5633792221469947,0.06337922214699465,110.29459140208327,8,0,Monday
2025-08-05,SBERF,307.53,308.49,305.35,307.79,307.1789012398461,12525,2339,102387.14578879863,103556,5928,6597,1140,1199,Equity (Sberbank),-0.11034303702981418,0.11034303702981418,3.1399999999999864,1.0201760940901219,5.354852501068833,0.4732934131736527,0.0267065868263473,110.17288900025058,8,1,Tuesday
2025-08-06,SBERF,307.77,313.36,303.61,310.48,307.63641755376926,29603,4603,101699.55985227026,103242,14721,14882,2253,2350,Equity (Sberbank),0.873972513726895,0.873972513726895,9.75,3.140298892038134,6.431240495329133,0.4972806810120596,0.0027193189879404223,111.1357697676916,8,2,Wednesday
2025-08-07,SBERF,310.49,316.74,309.08,313.59,313.464091070163,39423,5644,94450.99503897945,101326,24072,15351,3240,2404,Equity (Sberbank),1.001674826075738,1.001674826075738,7.660000000000025,2.4426799323958117,6.984939759036145,0.610608020698577,0.110608020698577,112.24898879622005,8,3,Thursday
2025-08-08,SBERF,314.47,318.0,312.73,317.95,315.09409614277484,20948,3474,86963.18883131836,89890,8704,12244,1549,1925,Equity (Sberbank),1.3903504576038728,1.3903504576038728,5.269999999999982,1.6574933165592018,6.029936672423719,0.41550506014894023,0.08449493985105977,113.80964312560403,8,4,Friday
2025-08-11,SBERF,320.65,322.0,317.26,318.48,319.5685444902769,18500,3394,83669.58809664114,85214,9608,8892,1699,1695,Equity (Sberbank),0.16669287623840567,0.16669287623840567,4.740000000000009,1.488319517709121,5.450795521508544,0.5193513513513514,0.019351351351351354,113.99935569316678,8,0,Monday
2025-08-12,SBERF,317.8,319.4,317.28,318.27,318.4620351758794,7343,1592,82440.72487437187,83034,3344,3999,798,794,Equity (Sberbank),-0.06593820648079785,0.06593820648079785,2.1200000000000045,0.6661011091211879,4.6124371859296485,0.45539970039493394,0.04460029960506606,113.92418656262305,8,1,Tuesday
2025-08-13,SBERF,318.55,320.23,317.34,317.9,318.6811358447489,7308,1752,83247.67465753424,83938,3482,3826,811,941,Equity (Sberbank),-0.11625349545982822,0.11625349545982822,2.890000000000043,0.9090909090909227,4.171232876712328,0.476464148877942,0.023535851122058027,113.79174571356981,8,2,Wednesday
2025-08-14,SBERF,318.21,319.95,315.24,319.55,317.7662950402713,10081,2359,83540.70538363713,83854,5046,5035,1223,1136,Equity (Sberbank),0.5190311418685312,0.5190311418685312,4.7099999999999795,1.4739477390079736,4.273420941076727,0.500545580795556,0.0005455807955559999,114.38236031069908,8,3,Thursday
2025-08-15,SBERF,319.14,320.85,318.75,319.3,319.90624564893085,11945,2011,84259.42416708106,85558,6185,5760,1120,891,Equity (Sberbank),-0.07823501799405497,0.07823501799405497,2.1000000000000227,0.6576886940181719,5.939830929885629,0.5177898702385936,0.017789870238593575,114.29287325052798,8,4,Friday
2025-08-16,SBERF,315.7,316.0,310.5,315.45,314.68898612593387,4731,937,83839.3447171825,84622,1951,2780,425,512,Equity (Sberbank),-1.2057626056999782,1.2057626056999782,5.5,1.7435409732128708,5.049092849519744,0.4123863876558867,0.0876136123441133,112.91477252389303,8,5,Saturday
2025-08-17,SBERF,315.45,316.0,314.95,314.95,315.3536559139785,1119,186,84298.9247311828,84448,647,472,89,97,Equity (Sberbank),-0.15850372483753317,0.15850372483753317,1.0500000000000114,0.3333862517860014,6.016129032258065,0.5781948168007149,0.07819481680071494,112.73579840355083,8,6,Sunday
2025-08-18,SBERF,316.42,320.31,314.68,319.19,317.4898476605006,14849,2757,83858.00072542619,85310,7444,7405,1362,1395,Equity (Sberbank),1.3462454357834552,1.3462454357834552,5.6299999999999955,1.76383971928945,5.385926731955023,0.5013132197454374,0.0013132197454374106,114.25349894405268,8,0,Monday
2025-08-19,SBERF,319.1,319.64,316.8,317.17,318.33378874856487,8483,1742,86036.22502870264,86662,3196,5287,729,1013,Equity (Sberbank),-0.6328519063880433,0.6328519063880433,2.839999999999975,0.8954188605479632,4.869690011481056,0.37675350701402804,0.12324649298597196,113.53044349787021,8,1,Tuesday
2025-08-20,SBERF,317.52,318.01,313.21,314.74,315.2677787729512,11549,2233,86726.1065830721,87488,5505,6044,1010,1223,Equity (Sberbank),-0.7661506447646405,0.7661506447646405,4.800000000000011,1.5250683103514047,5.171965965069413,0.47666464628972205,0.02333535371027795,112.66062927300713,8,2,Wednesday
2025-08-21,SBERF,314.55,315.47,310.0,310.49,312.6269172082509,15194,3539,87388.74088725628,89162,7632,7562,1645,1894,Equity (Sberbank),-1.3503208997903027,1.3503208997903027,5.470000000000027,1.761731456729694,4.29330319299237,0.5023035408713966,0.0023035408713966143,111.13934925009843,8,3,Thursday
2025-08-22,SBERF,311.01,312.9,310.5,312.58,311.6846212847555,7269,2086,89114.40747842762,89456,3947,3322,1100,986,Equity (Sberbank),0.6731295693903183,0.6731295693903183,2.3999999999999773,0.7678034423187592,3.4846596356663473,0.5429907827761727,0.04299078277617274,111.88746107312882,8,4,Friday
2025-08-23,SBERF,312.26,314.01,311.82,312.96,312.5282608695652,594,138,88941.20289855072,89076,360,234,84,54,Equity (Sberbank),0.12156887836713981,0.12156887836713981,2.1899999999999977,0.6997699386503061,4.304347826086956,0.6060606060606061,0.10606060606060608,112.02348140458889,8,5,Saturday
2025-08-24,SBERF,312.96,312.97,311.47,312.0,311.9092929292929,1138,99,89057.51515151515,89186,348,790,32,67,Equity (Sberbank),-0.30674846625766694,0.30674846625766694,1.5,0.4807692307692308,11.494949494949495,0.30579964850615116,0.19420035149384884,111.67985109353187,8,6,Sunday
2025-08-25,SBERF,311.95,312.61,309.15,311.81,310.6869288203086,7968,2009,89494.9118964659,90228,4712,3256,1131,878,Equity (Sberbank),-0.06089743589743346,0.06089743589743346,3.4600000000000364,1.1096501074372331,3.9661523145843702,0.5913654618473896,0.09136546184738958,111.61184092780184,8,0,Monday
2025-08-26,SBERF,312.29,314.36,310.78,311.85,312.6709892086331,5593,1668,89823.17745803358,90284,2877,2716,791,877,Equity (Sberbank),0.012828324941471791,0.012828324941471791,3.580000000000041,1.1479878146544944,3.3531175059952036,0.5143929912390488,0.014392991239048802,111.62615885742922,8,1,Tuesday
2025-08-27,SBERF,311.91,314.18,311.45,313.12,312.9983354192741,6063,1598,89345.13391739674,89732,2419,3644,754,844,Equity (Sberbank),0.40724707391373016,0.40724707391373016,2.730000000000018,0.8718702095043492,3.7941176470588234,0.39897740392544945,0.10102259607455055,112.0807531230984,8,2,Wednesday
2025-08-28,SBERF,313.4,315.05,310.61,311.02,312.8915832263586,10660,2337,90215.52931108259,92052,4768,5892,907,1430,Equity (Sberbank),-0.6706693919264262,0.6706693919264262,4.439999999999998,1.4275609285576485,4.56140350877193,0.4472795497185741,0.05272045028142591,111.32906181766116,8,3,Thursday
2025-08-29,SBERF,311.82,312.0,309.47,310.86,310.7796322026972,8650,2447,91574.20514916224,93810,4356,4294,1255,1192,Equity (Sberbank),-0.051443637065129444,0.051443637065129444,2.5299999999999727,0.8138711960367924,3.534940743767879,0.5035838150289017,0.0035838150289017046,111.27179009915167,8,4,Friday
2025-08-30,SBERF,310.66,310.94,310.36,310.45,310.6738888888889,404,90,93914.53333333334,94176,188,216,47,43,Equity (Sberbank),-0.13189217010873833,0.13189217010873833,0.5799999999999841,0.18682557577709263,4.488888888888889,0.46534653465346537,0.03465346534653463,111.12503132047105,8,5,Saturday
2025-08-31,SBERF,310.45,311.66,310.45,311.13,311.2876844783715,1172,393,93892.3155216285,94166,530,642,192,201,Equity (Sberbank),0.2190368819455557,0.2190368819455557,1.2100000000000364,0.38890495934176594,2.982188295165394,0.4522184300341297,0.047781569965870296,111.36843612413645,8,6,Sunday
2025-09-01,SBERF,312.0,312.87,308.7,309.46,310.4792168939727,10137,2273,94389.35327760669,95962,4872,5265,1123,1150,Equity (Sberbank),-0.5367531257030822,0.5367531257030822,4.170000000000016,1.3475085633038248,4.459744830620325,0.48061556673572065,0.019384433264279355,110.77066256219351,9,0,Monday
2025-09-02,SBERF,309.24,310.31,307.49,309.11,308.5596013179572,13362,3035,97670.26754530477,99934,6684,6678,1548,1487,Equity (Sberbank),-0.11310023912620704,0.11310023912620704,2.819999999999993,0.9122965934456967,4.402635914332784,0.5002245172878311,0.00022451728783112745,110.64538067795398,9,1,Tuesday
2025-09-03,SBERF,308.87,310.25,307.52,310.25,308.79197574532594,10120,1979,100636.07680646791,101936,6084,4036,1058,921,Equity (Sberbank),0.36880075054186445,0.36880075054186445,2.730000000000018,0.8799355358581848,5.113693784739768,0.6011857707509881,0.10118577075098811,111.05344167233417,9,2,Wednesday
2025-09-04,SBERF,310.32,311.24,307.91,309.4,309.5948544152744,7994,2095,102466.46491646778,103638,3902,4092,928,1167,Equity (Sberbank),-0.273972602739736,0.273972602739736,3.329999999999984,1.0762766645119537,3.8157517899761335,0.48811608706529896,0.011883912934701035,110.74918566775243,9,3,Thursday
2025-09-05,SBERF,309.66,311.47,309.6,310.88,310.66004923076923,7916,1625,103535.32676923077,103954,3304,4612,790,835,Equity (Sberbank),0.47834518422753547,0.47834518422753547,1.8700000000000045,0.6015182707153901,4.871384615384615,0.41738251642243557,0.08261748357756443,111.27894906396534,9,4,Friday
2025-09-06,SBERF,310.84,311.11,310.13,311.11,310.55754098360654,1012,305,103470.91147540984,103828,651,361,167,138,Equity (Sberbank),0.07398353062275653,0.07398353062275653,0.9800000000000182,0.3150011250040237,3.318032786885246,0.6432806324110671,0.14328063241106714,111.36127715932275,9,5,Saturday
2025-09-07,SBERF,310.79,311.73,310.56,311.4,311.2378488372093,528,172,103684.81395348837,103830,268,260,98,74,Equity (Sberbank),0.09321461862361602,0.09321461862361602,1.170000000000016,0.3757225433526063,3.0697674418604652,0.5075757575757576,0.007575757575757569,111.46508214912123,9,6,Sunday
2025-09-08,SBERF,311.83,313.87,311.43,313.2,312.7731165158371,9489,1768,104326.93891402715,104982,5209,4280,944,824,Equity (Sberbank),0.5780346820809301,0.5780346820809301,2.4399999999999977,0.7790549169859508,5.367081447963801,0.5489514174307092,0.04895141743070919,112.10938898235314,9,0,Monday
2025-09-09,SBERF,313.77,314.48,312.0,313.49,313.327016509434,8197,1696,103419.52948113208,104492,3425,4772,765,931,Equity (Sberbank),0.09259259259259967,0.09259259259259967,2.480000000000018,0.7910938147947361,4.83313679245283,0.4178357935830182,0.0821642064169818,112.21319397215164,9,1,Tuesday
2025-09-10,SBERF,313.0,313.24,309.6,310.17,311.33578044596914,13780,2332,103194.83018867925,105208,5668,8112,956,1376,Equity (Sberbank),-1.0590449456122975,1.0590449456122975,3.6399999999999864,1.1735499887158611,5.909090909090909,0.41132075471698115,0.08867924528301885,111.02480581307942,9,2,Wednesday
2025-09-11,SBERF,310.68,311.16,306.35,307.9,308.12935253935257,19487,3367,107811.95247995248,111848,9594,9893,1508,1859,Equity (Sberbank),-0.7318567237321605,0.7318567237321605,4.810000000000002,1.5621955180253337,5.787644787644788,0.4923282188125417,0.007671781187458315,110.21226330672584,9,3,Thursday
2025-09-12,SBERF,308.18,308.98,303.2,303.92,305.7507458975634,25212,4022,113510.57782197911,117152,11105,14107,1820,2202,Equity (Sberbank),-1.2926274764533785,1.2926274764533785,5.78000000000003,1.9018162674388093,6.268523122824465,0.440464858004125,0.05953514199587501,108.78762930880195,9,4,Friday
2025-09-13,SBERF,303.9,304.2,303.25,303.26,303.6720833333334,704,168,115595.25,115704,303,401,69,99,Equity (Sberbank),-0.21716241116084278,0.21716241116084278,0.9499999999999886,0.31326254698937833,4.190476190476191,0.4303977272727273,0.06960227272727271,108.55138346995024,9,5,Saturday
2025-09-14,SBERF,303.39,304.86,303.0,304.77,303.8358565737052,1450,251,114598.33466135459,115704,254,1196,111,140,Equity (Sberbank),0.49792257468839196,0.49792257468839196,1.8600000000000136,0.6102962890048278,5.776892430278885,0.17517241379310344,0.32482758620689656,109.09188531338367,9,6,Sunday
2025-09-15,SBERF,304.69,304.96,301.07,302.8,302.8207941082293,24705,3123,116646.8479026577,118466,12983,11722,1599,1524,Equity (Sberbank),-0.646389080290044,0.646389080290044,3.8899999999999864,1.2846763540290576,7.910662824207493,0.5255211495648654,0.025521149564865397,108.38672727923542,9,0,Monday
2025-09-16,SBERF,302.88,304.59,300.41,302.12,302.0717185289958,15824,2828,120536.33592644978,125490,7691,8133,1372,1456,Equity (Sberbank),-0.22457067371202122,0.22457067371202122,4.17999999999995,1.3835562028332946,5.5954738330975955,0.48603387259858444,0.013966127401415562,108.14332247557003,9,1,Tuesday
2025-09-17,SBERF,302.12,306.41,300.37,305.02,303.53399566865187,25548,3694,128811.7866811045,141796,11427,14121,1915,1779,Equity (Sberbank),0.9598834900039543,0.9598834900039543,6.0400000000000205,1.980198019801987,6.916080129940444,0.4472757162987318,0.05272428370126819,109.18137237355478,9,2,Wednesday
2025-09-18,SBERF,304.96,304.96,301.39,302.63,302.83265818045675,17842,2671,148339.23474354175,153246,5437,12405,1059,1612,Equity (Sberbank),-0.783555176709716,0.783555176709716,3.569999999999993,1.1796583286521471,6.679895170348185,0.30473041138885776,0.19526958861114224,108.32587607831907,9,3,Thursday
2025-09-19,SBERF,302.13,303.98,295.0,295.31,298.7405782848151,36627,5084,146406.83162863887,153496,17519,19108,2609,2475,Equity (Sberbank),-2.4187952284968395,2.4187952284968395,8.980000000000018,3.040872303680884,7.204366640440598,0.4783083517623611,0.021691648237638916,105.70569495650928,9,4,Friday
2025-09-22,SBERF,295.75,299.5,292.49,298.26,295.21147920508093,37739,4881,130479.17271051015,136490,18887,18852,2529,2352,Equity (Sberbank),0.9989502556635443,0.9989502556635443,7.009999999999991,2.350298397371418,7.7318172505634095,0.5004637112801081,0.00046371128010813667,106.76164226652824,9,0,Monday
2025-09-23,SBERF,298.01,300.35,290.63,292.01,296.38119620901637,25155,3904,125019.59989754099,126442,11402,13753,1798,2106,Equity (Sberbank),-2.095487158854692,2.095487158854692,9.720000000000027,3.328653128317533,6.443391393442623,0.45326972768833235,0.04673027231166765,104.52446576225078,9,1,Tuesday
2025-09-24,SBERF,292.45,297.26,288.96,293.97,293.41915069686405,34825,4592,124183.22865853658,129300,16867,17958,2324,2268,Equity (Sberbank),0.6712098900722774,0.6712098900722774,8.300000000000011,2.8234173555124706,7.583841463414634,0.4843359655419957,0.015664034458004295,105.2260443139922,9,2,Wednesday
2025-09-25,SBERF,294.3,295.0,289.88,290.57,292.44542496050553,19246,3165,125329.46856240126,128290,8551,10695,1261,1904,Equity (Sberbank),-1.1565806034629533,1.1565806034629533,5.1200000000000045,1.7620538940702775,6.08088467614534,0.4443001143094669,0.05569988569053308,104.00902029566524,9,3,Thursday
2025-09-26,SBERF,290.44,293.0,288.67,291.94,290.63522185430463,18591,3020,123521.79337748344,124634,9512,9079,1556,1464,Equity (Sberbank),0.4714870771242774,0.4714870771242774,4.329999999999984,1.4831814756456752,6.155960264900663,0.5116454198267979,0.011645419826797898,104.49940938540287,9,4,Friday
2025-09-27,SBERF,291.61,292.56,291.53,291.73,291.89825,416,120,123471.66666666667,123500,344,72,79,41,Equity (Sberbank),-0.07193258888812393,0.07193258888812393,1.0300000000000296,0.35306619134131884,3.466666666666667,0.8269230769230769,0.32692307692307687,104.42424025485914,9,5,Saturday
2025-09-28,SBERF,292.1,292.13,291.5,291.52,291.77383333333336,179,60,123542.43333333333,123574,102,77,27,33,Equity (Sberbank),-0.07198436910843542,0.07198436910843542,0.6299999999999955,0.21610867178924104,2.9833333333333334,0.5698324022346368,0.06983240223463683,104.34907112431542,9,6,Sunday
2025-09-29,SBERF,291.35,295.6,287.01,288.12,291.3250834506334,33538,4973,122465.6098934245,124608,12029,21509,2044,2929,Equity (Sberbank),-1.1663007683863857,1.1663007683863857,8.590000000000032,2.9813966402887795,6.7440176955560025,0.35866777983183257,0.14133222016816743,103.13204710598846,9,0,Monday
2025-09-30,SBERF,288.65,290.22,285.48,288.67,287.84106826347306,23903,4175,123442.9039520958,124590,12461,11442,2198,1977,Equity (Sberbank),0.1908926836040603,0.1908926836040603,4.740000000000009,1.6420133716700762,5.725269461077844,0.5213153160691126,0.021315316069112633,103.32891863836488,9,1,Tuesday
2025-10-01,SBERF,288.8,290.71,285.55,286.94,287.82615799943164,15661,3519,124433.38050582552,125344,7701,7960,1572,1947,Equity (Sberbank),-0.5993002390272673,0.5993002390272673,5.159999999999968,1.798285355823506,4.450412048877522,0.49173105165698233,0.008268948343017668,102.70966818198089,10,2,Wednesday
2025-10-02,SBERF,286.3,286.9,283.36,285.84,285.1256025974026,24840,3850,124640.69870129871,126726,9770,15070,1608,2242,Equity (Sberbank),-0.38335540531122536,0.38335540531122536,3.5399999999999636,1.2384550797648908,6.451948051948052,0.39331723027375204,0.10668276972624796,102.31592511722805,10,3,Thursday
2025-10-03,SBERF,286.2,287.61,283.0,283.53,284.94878289473684,14722,3040,122635.97302631578,123838,6207,8515,1322,1718,Equity (Sberbank),-0.8081444164567575,0.8081444164567575,4.610000000000014,1.625930236659265,4.842763157894737,0.4216139111533759,0.07838608884662412,101.48906468124707,10,4,Friday
2025-10-04,SBERF,283.2,283.67,279.96,280.88,281.0806523765144,6488,1073,123579.62907735321,124616,2945,3543,460,613,Equity (Sberbank),-0.9346453638062857,0.9346453638062857,3.7100000000000364,1.3208487610367545,6.046598322460391,0.4539149198520345,0.046085080147965474,100.54050184343343,10,5,Saturday
2025-10-05,SBERF,280.97,282.65,279.5,282.64,280.830059347181,1377,337,123307.63798219584,123486,740,637,189,148,Equity (Sberbank),0.6266021076616335,0.6266021076616335,3.1499999999999773,1.1144919332012373,4.086053412462908,0.5374001452432825,0.0374001452432825,101.17049074703797,10,6,Sunday
2025-10-06,SBERF,282.7,291.62,282.02,291.27,287.1606232716443,37194,4701,121778.3186556052,124584,18942,18252,2638,2063,Equity (Sberbank),3.0533540900084866,3.0533540900084866,9.600000000000023,3.2959110104027274,7.91193363114231,0.5092756896273593,0.009275689627359252,104.2595840641443,10,0,Monday
2025-10-07,SBERF,291.27,296.41,289.01,294.63,294.06353046997975,33092,4447,119597.45176523499,121282,16204,16888,2186,2261,Equity (Sberbank),1.1535688536409516,1.1535688536409516,7.400000000000034,2.5116247496860584,7.441421182819878,0.48966517587332287,0.010334824126677133,105.46229015284389,10,1,Tuesday
2025-10-08,SBERF,294.63,295.29,278.33,282.45,286.07242439104135,36980,6117,120131.53572012424,122822,17807,19173,2930,3187,Equity (Sberbank),-4.133998574483256,4.133998574483256,16.960000000000036,6.004602584528248,6.04544711459866,0.4815305570578691,0.018469442942130876,101.10248058130793,10,2,Wednesday
2025-10-09,SBERF,282.75,291.44,279.35,289.7,286.9793275810771,55397,6722,121006.16155905981,123316,28252,27145,3438,3284,Equity (Sberbank),2.566825986900345,2.566825986900345,12.089999999999975,4.173282706247834,8.241148467717942,0.5099915157860534,0.009991515786053395,103.69760532626981,10,3,Thursday
2025-10-10,SBERF,288.3,290.03,284.54,285.44,287.450398302318,19283,3063,125623.87528566764,127010,9026,10257,1501,1562,Equity (Sberbank),-1.470486710390051,1.470486710390051,5.489999999999952,1.9233464125560369,6.295461965393405,0.4680806928382513,0.03191930716174868,102.17274582095428,10,4,Friday
2025-10-11,SBERF,282.5,286.83,281.3,285.6,284.6989690721649,1594,291,126629.69072164949,127046,916,678,153,138,Equity (Sberbank),0.056053811659206865,0.056053811659206865,5.529999999999973,1.936274509803912,5.47766323024055,0.5746549560853199,0.07465495608531991,102.23001753946379,10,5,Saturday
2025-10-12,SBERF,285.62,287.44,285.61,287.44,286.55934959349594,1935,246,126304.65040650406,126618,1342,593,183,63,Equity (Sberbank),0.6442577030812302,0.6442577030812302,1.829999999999984,0.6366546061786753,7.865853658536586,0.6935400516795865,0.19354005167958654,102.88864230232309,10,6,Sunday
2025-10-13,SBERF,287.21,289.0,282.63,285.78,285.9218298261665,16027,3279,126954.54955779201,128472,8458,7569,1649,1630,Equity (Sberbank),-0.5775118285555325,0.5775118285555325,6.3700000000000045,2.228987332913432,4.887770661787131,0.5277344481187995,0.02773444811879955,102.29444822278697,10,0,Monday
2025-10-14,SBERF,286.47,287.23,282.48,284.06,284.2012264150943,13524,2120,128070.68962264151,130240,6668,6856,965,1155,Equity (Sberbank),-0.601861571838469,0.601861571838469,4.75,1.672181933394353,6.379245283018868,0.4930493936705117,0.006950606329488296,101.67877724880982,10,1,Tuesday
2025-10-15,SBERF,284.4,285.77,282.41,283.99,283.9327050053248,12360,1878,127178.797657082,128894,4898,7462,839,1039,Equity (Sberbank),-0.02464268112369883,0.02464268112369883,3.359999999999957,1.1831402514172882,6.5814696485623,0.39627831715210354,0.10372168284789646,101.65372087196192,10,2,Wednesday
2025-10-16,SBERF,284.13,304.5,282.8,303.34,294.5926102550478,66676,7528,125228.39744952178,128890,34867,31809,4375,3153,Equity (Sberbank),6.813620197894288,6.813620197894288,21.69999999999999,7.153688929913625,8.857066950053134,0.5229317895494631,0.022931789549463066,108.58001932920499,10,3,Thursday
2025-10-17,SBERF,302.74,304.46,300.2,301.31,301.8422942386831,18305,2916,122708.20438957476,123850,8059,10246,1430,1486,Equity (Sberbank),-0.6692160611854625,0.6692160611854625,4.259999999999991,1.41382629185888,6.277434842249657,0.4402622234362196,0.059737776563780376,107.85338440061567,10,4,Friday
2025-10-18,SBERF,301.08,305.23,301.08,304.59,304.1001091703057,2263,458,121840.23144104803,122114,1147,1116,267,191,Equity (Sberbank),1.088579867910111,1.088579867910111,4.150000000000034,1.362487277980247,4.941048034934497,0.5068493150684932,0.006849315068493178,109.02745463006048,10,5,Saturday
2025-10-19,SBERF,304.84,305.86,302.76,303.19,303.67220458553794,2765,567,121666.91710758378,122136,1662,1103,285,282,Equity (Sberbank),-0.45963426245115846,0.45963426245115846,3.1000000000000227,1.0224611629671239,4.8765432098765435,0.6010849909584087,0.10108499095840873,108.52632709310232,10,6,Sunday
2025-10-20,SBERF,303.93,306.4,303.42,304.78,305.0065909090909,18337,2376,123464.15909090909,127394,6553,11784,1087,1289,Equity (Sberbank),0.52442362874765,0.52442362874765,2.9799999999999613,0.9777544458297662,7.717592592592593,0.357364890658232,0.14263510934176798,109.0954647957905,10,0,Monday
2025-10-21,SBERF,302.94,302.94,291.61,296.3,297.89257294429706,36367,4901,124563.86533360538,127018,13881,22486,2034,2867,Equity (Sberbank),-2.7823347988713,2.7823347988713,11.329999999999984,3.8238272021599675,7.420322383187105,0.3816921934721038,0.11830780652789619,106.06006371478685,10,1,Tuesday
2025-10-22,SBERF,294.07,296.22,287.26,290.72,292.49245350734094,18030,3065,127305.93605220229,129568,8993,9037,1488,1577,Equity (Sberbank),-1.8832264596692516,1.8832264596692516,8.960000000000036,3.0820033021464073,5.882544861337683,0.4987798114254021,0.0012201885745978802,104.06271253176791,10,2,Wednesday
2025-10-23,SBERF,288.0,292.58,285.81,292.49,288.5470830376153,28040,4227,130106.42583392478,133430,11376,16664,2126,2101,Equity (Sberbank),0.6088332416070319,0.6088332416070319,6.769999999999982,2.314609046463121,6.633546250295718,0.40570613409415124,0.09429386590584876,104.69628091777929,10,3,Thursday
2025-10-24,SBERF,293.01,295.0,286.95,288.0,290.1664511766297,28314,3697,127612.70543684068,129672,13107,15207,1695,2002,Equity (Sberbank),-1.5350952169304932,1.5350952169304932,8.050000000000011,2.795138888888893,7.658642142277523,0.4629158720067811,0.03708412799321892,103.08909331710635,10,4,Friday
2025-10-27,SBERF,286.4,286.55,282.7,283.2,284.6028987778126,25297,3191,126547.0780319649,129512,11591,13706,1400,1791,Equity (Sberbank),-1.6666666666666718,1.6666666666666718,3.8500000000000227,1.3594632768361663,7.927608900031339,0.45819662410562517,0.04180337589437483,101.37094176182124,10,0,Monday
2025-10-28,SBERF,284.3,291.12,284.3,289.4,288.435805506737,21548,3414,126052.64323374341,127908,11212,10336,2014,1400,Equity (Sberbank),2.1892655367231617,2.1892655367231617,6.819999999999993,2.356599861782997,6.311657879320445,0.5203267124559123,0.020326712455912332,103.59022085406448,10,1,Tuesday
2025-10-29,SBERF,290.13,291.82,288.42,290.85,290.1998739216988,9089,1507,125275.61911081619,125978,4677,4412,867,640,Equity (Sberbank),0.5010366275052025,0.5010366275052025,3.3999999999999773,1.1689874505758904,6.031187790311878,0.5145780613928925,0.014578061392892527,104.1092458030569,10,2,Wednesday
2025-10-30,SBERF,290.23,298.22,290.18,296.77,295.4788382749326,23353,3710,129555.66307277628,132466,11692,11661,2200,1510,Equity (Sberbank),2.0354134433556714,2.0354134433556714,8.04000000000002,2.7091687165144798,6.294609164420486,0.5006637262878431,0.0006637262878430583,106.22829938790849,10,3,Thursday
2025-10-31,SBERF,297.65,298.0,290.29,292.08,293.9491314633322,20010,2959,130238.34538695506,132042,9402,10608,1167,1792,Equity (Sberbank),-1.5803484179667704,1.5803484179667704,7.7099999999999795,2.639687756778958,6.762419736397431,0.4698650674662669,0.030134932533733116,104.54952213909867,10,4,Friday
2025-11-01,SBERF,293.01,294.81,292.99,293.59,293.93366886171214,6491,1063,131132.5136406397,133172,3905,2586,536,527,Equity (Sberbank),0.5169816488633128,0.5169816488633128,1.8199999999999932,0.6199121223474892,6.106302916274695,0.6016022184563241,0.10160221845632411,105.09002398253212,11,5,Saturday
2025-11-03,SBERF,295.02,300.14,295.0,298.08,298.23773279352224,18938,2223,133587.30634278004,136602,8421,10517,1095,1128,Equity (Sberbank),1.5293436424946405,1.5293436424946405,5.139999999999986,1.7243692968330604,8.519118308591993,0.4446615270883937,0.05533847291160632,106.69721158320506,11,0,Monday
2025-11-05,SBERF,297.2,299.21,294.12,296.39,296.6758908045977,24738,3480,132786.94655172413,135862,11770,12968,1755,1725,Equity (Sberbank),-0.5669618894256545,0.5669618894256545,5.089999999999975,1.717331893788581,7.108620689655172,0.475786239793031,0.024213760206969026,106.09227905644842,11,2,Wednesday
2025-11-06,SBERF,296.98,297.42,292.57,294.85,294.35605633802817,17051,2911,131410.87049124012,133412,9026,8025,1557,1354,Equity (Sberbank),-0.5195856810283672,0.5195856810283672,4.850000000000023,1.644904188570467,5.857437306767434,0.5293531171192305,0.0293531171192305,105.54103876579448,11,3,Thursday
2025-11-07,SBERF,295.5,298.5,295.02,296.86,297.0151836734694,10735,2450,129195.46285714286,130764,6200,4535,1521,929,Equity (Sberbank),0.6817025606240534,0.6817025606240534,3.480000000000018,1.1722697567877174,4.381632653061224,0.5775500698649279,0.07755006986492785,106.2605147295701,11,4,Friday
2025-11-08,SBERF,297.14,299.06,296.53,298.05,298.06260714285713,1286,280,128249.17142857143,128532,512,774,116,164,Equity (Sberbank),0.4008623593613203,0.4008623593613203,2.5300000000000296,0.8488508639490118,4.5928571428571425,0.39813374805598756,0.10186625194401244,106.68647313598454,11,5,Saturday
2025-11-09,SBERF,298.15,298.65,297.73,298.6,298.0612605042017,449,119,128506.40336134454,128600,350,99,75,44,Equity (Sberbank),0.18453279651065024,0.18453279651065024,0.9199999999999591,0.3081044876088275,3.773109243697479,0.779510022271715,0.27951002227171495,106.88334466836096,11,6,Sunday
2025-11-10,SBERF,298.6,303.2,298.5,300.71,301.5110898699251,28755,5074,129209.02089081593,130344,14903,13852,2672,2402,Equity (Sberbank),0.7066309444072161,0.7066309444072161,4.699999999999989,1.562967643244318,5.667126527394561,0.5182750825943314,0.018275082594331415,107.63861545620503,11,0,Monday
2025-11-11,SBERF,300.73,302.29,298.41,301.24,300.5138425381904,8345,1702,129444.74148061105,130202,3715,4630,775,927,Equity (Sberbank),0.17624954274884086,0.17624954274884086,3.8799999999999955,1.2880095604833341,4.903055229142185,0.445176752546435,0.05482324745356498,107.82832802376777,11,1,Tuesday
2025-11-12,SBERF,301.28,302.3,297.3,299.64,299.44357383357385,13502,2079,131594.03655603656,134606,5973,7529,908,1171,Equity (Sberbank),-0.5311379630859148,0.5311379630859148,5.0,1.6686690695501267,6.494468494468494,0.44237890682861797,0.05762109317138203,107.25561083867272,11,2,Wednesday
2025-11-13,SBERF,299.35,301.95,298.05,299.23,299.8100762112139,6556,1837,133257.2008709853,134632,3249,3307,818,1019,Equity (Sberbank),-0.13683086370309683,0.13683086370309683,3.8999999999999773,1.3033452528155522,3.568862275449102,0.4955765710799268,0.004423428920073191,107.10885205999212,11,3,Thursday
2025-11-14,SBERF,299.67,299.99,296.01,297.52,297.49619860627183,15671,2870,133325.13031358886,134912,7493,8178,1225,1645,Equity (Sberbank),-0.5714667646960603,0.5714667646960603,3.980000000000018,1.3377251949448838,5.460278745644599,0.4781443430540489,0.021855656945951096,106.49676056842179,11,4,Friday
2025-11-15,SBERF,297.96,298.0,297.04,297.45,297.506847826087,688,92,133199.04347826086,133588,51,637,28,64,Equity (Sberbank),-0.023527830061842447,0.023527830061842447,0.9599999999999795,0.32274331820473345,7.478260869565218,0.07412790697674419,0.4258720930232558,106.4717041915739,11,5,Saturday
2025-11-16,SBERF,297.45,297.71,296.87,297.35,297.1368243243243,756,148,132891.51351351352,133414,213,543,60,88,Equity (Sberbank),-0.03361909564632004,0.03361909564632004,0.839999999999975,0.2824953758197326,5.108108108108108,0.28174603174603174,0.21825396825396826,106.43590936750546,11,6,Sunday
2025-11-17,SBERF,296.77,296.77,294.09,295.22,295.64448017408125,13196,4136,133465.87137330754,134766,7254,5942,2062,2074,Equity (Sberbank),-0.7163275601143382,0.7163275601143382,2.680000000000007,0.9077975746900638,3.1905222437137333,0.5497120339496817,0.04971203394968171,105.6734796148477,11,0,Monday
2025-11-18,SBERF,295.22,303.05,293.74,299.67,300.2214160870341,38237,5607,130835.27305154271,133718,19428,18809,2943,2664,Equity (Sberbank),1.5073504505114688,1.5073504505114688,9.310000000000002,3.106750759168419,6.8195113251293025,0.5080942542563486,0.008094254256348576,107.26634928589327,11,1,Tuesday
2025-11-19,SBERF,301.76,310.21,298.9,305.03,305.3293960244648,32566,5232,134584.76911314984,135838,15833,16733,2728,2504,Equity (Sberbank),1.788634164247327,1.788634164247327,11.310000000000002,3.707832016522966,6.224388379204893,0.48618190751090096,0.013818092489099043,109.18495185596161,11,2,Wednesday
2025-11-20,SBERF,306.53,309.34,302.3,308.33,305.7040424600569,31592,4569,134762.14007441452,135880,16695,14897,2417,2152,Equity (Sberbank),1.0818608005769947,1.0818608005769947,7.039999999999964,2.283267927220823,6.914423287371416,0.5284565712838694,0.02845657128386936,110.36618105022013,11,3,Thursday
2025-11-21,SBERF,307.38,308.68,304.5,307.36,306.63696613995484,12195,2215,134486.958013544,135090,6718,5477,1181,1034,Equity (Sberbank),-0.31459799565399793,0.31459799565399793,4.180000000000007,1.3599687662675712,5.505643340857787,0.5508815088150881,0.05088150881508813,110.01897125675629,11,4,Friday
2025-11-24,SBERF,308.71,309.9,303.97,306.26,306.23573149741827,13239,2905,134703.23511187607,136198,7001,6238,1529,1376,Equity (Sberbank),-0.3578865174388435,0.3578865174388435,5.92999999999995,1.9362633056879612,4.557314974182444,0.5288163758592038,0.028816375859203824,109.62522819200342,11,0,Monday
2025-11-25,SBERF,307.0,308.44,303.4,307.29,306.2958552365548,15211,2473,134357.08127780023,135732,8916,6295,1330,1143,Equity (Sberbank),0.33631554888005066,0.33631554888005066,5.0400000000000205,1.6401444889192687,6.150828952689042,0.5861547564262705,0.08615475642627046,109.99391487990837,11,1,Tuesday
2025-11-26,SBERF,306.79,306.79,304.36,305.61,305.16692047377325,6303,1182,133668.96615905245,135210,2975,3328,547,635,Equity (Sberbank),-0.5467148296397606,0.5467148296397606,2.430000000000007,0.7951310493766588,5.33248730964467,0.4719974615262573,0.028002538473742677,109.39256183555858,11,2,Wednesday
2025-11-27,SBERF,305.6,306.59,297.71,300.09,301.8301526135063,18852,2621,136202.376192293,138018,9973,8879,1259,1362,Equity (Sberbank),-1.8062236183371105,1.8062236183371105,8.879999999999995,2.9591122663201026,7.192674551697825,0.5290154890727774,0.0290154890727774,107.41668754698071,11,3,Thursday
2025-11-28,SBERF,300.26,305.48,299.9,304.31,302.6729236947792,12422,2490,136132.46907630522,137836,6639,5783,1404,1086,Equity (Sberbank),1.4062447932287059,1.4062447932287059,5.580000000000041,1.833656468732556,4.988755020080322,0.5344549991949766,0.03445499919497663,108.92722912266886,11,4,Friday
2025-11-29,SBERF,304.61,304.68,303.85,303.99,304.28583333333336,655,120,134317.63333333333,134400,183,472,45,75,Equity (Sberbank),-0.10515592652229344,0.10515592652229344,0.8299999999999841,0.2730352972137189,5.458333333333333,0.27938931297709924,0.22061068702290076,108.81268568564985,11,5,Saturday
2025-11-30,SBERF,304.4,306.16,304.1,305.74,305.29129870129873,405,154,134361.02597402598,134396,231,174,88,66,Equity (Sberbank),0.5756768314747251,0.5756768314747251,2.0600000000000023,0.6737751030287179,2.6298701298701297,0.5703703703703704,0.07037037037037042,109.43909510684755,11,6,Sunday
2025-12-01,SBERF,305.34,306.75,303.57,305.22,305.3261168562564,10795,1934,135959.57083764218,136872,4952,5843,914,1020,Equity (Sberbank),-0.1700791522208367,0.1700791522208367,3.180000000000007,1.0418714369962672,5.581695966907962,0.4587308939323761,0.041269106067623906,109.25296202169167,12,0,Monday
2025-12-02,SBERF,305.07,306.1,301.56,304.34,304.5093783946892,8427,1657,135148.8316234158,136540,4228,4199,811,846,Equity (Sberbank),-0.28831662407445835,0.28831662407445835,4.5400000000000205,1.491752645068023,5.085697042848522,0.5017206597840276,0.0017206597840275784,108.93796756988938,12,1,Tuesday
2025-12-03,SBERF,302.43,304.31,299.62,303.02,301.73529963310233,10548,2453,138264.67183041174,139552,5582,4966,1294,1159,Equity (Sberbank),-0.43372543865413116,0.43372543865413116,4.689999999999998,1.5477526235892014,4.300040766408479,0.5291998483124764,0.02919984831247635,108.46547589218598,12,2,Wednesday
2025-12-04,SBERF,303.74,304.82,301.88,302.15,302.8892417331813,6736,1754,137575.65564424172,138190,2903,3833,799,955,Equity (Sberbank),-0.2871097617318963,0.2871097617318963,2.9399999999999977,0.9730266423961601,3.8403648802736603,0.43096793349168644,0.06903206650831356,108.15406092279056,12,3,Thursday
2025-12-05,SBERF,302.45,308.25,302.33,307.02,306.1404650361695,11765,2903,136947.09886324493,138036,6225,5540,1685,1218,Equity (Sberbank),1.6117822273705062,1.6117822273705062,5.920000000000016,1.9282131457234108,4.052704099207716,0.5291117722056948,0.02911177220569483,109.89726885492357,12,4,Friday
2025-12-08,SBERF,307.81,308.1,304.55,305.33,306.4013588110404,8329,1884,135997.81740976646,136912,3616,4713,807,1077,Equity (Sberbank),-0.5504527392352299,0.5504527392352299,3.5500000000000114,1.162676448432847,4.420912951167728,0.43414575579301234,0.06585424420698766,109.29233632816695,12,0,Monday
2025-12-09,SBERF,305.0,307.97,304.89,306.95,306.54867583497054,12721,2545,136008.97131630647,138138,7215,5506,1455,1090,Equity (Sberbank),0.5305734778763949,0.5305734778763949,3.080000000000041,1.0034207525655778,4.998428290766208,0.5671723921075387,0.06717239210753867,109.87221247807565,12,1,Tuesday
2025-12-10,SBERF,307.67,307.93,306.36,307.04,307.0517975340688,6019,1541,134857.8221933809,135516,3376,2643,847,694,Equity (Sberbank),0.029320736276283732,0.029320736276283732,1.5699999999999932,0.5113340281396538,3.90590525632706,0.5608905133743147,0.060890513374314725,109.90442781973728,12,2,Wednesday
2025-12-11,SBERF,307.16,309.91,304.0,307.25,307.60581577363035,56532,6644,147386.73088500902,165884,29397,27135,4066,2578,Equity (Sberbank),0.06839499739446087,0.06839499739446087,5.910000000000025,1.9235150528885354,8.508729680915112,0.5200063680747188,0.020006368074718783,109.97959695028099,12,3,Thursday
2025-12-12,SBERF,307.76,307.77,303.76,304.03,305.9194497760717,13739,3126,136096.9053103007,139324,7399,6340,1604,1522,Equity (Sberbank),-1.0480065093572133,1.0480065093572133,4.009999999999991,1.3189487879485549,4.395073576455534,0.5385399228473688,0.038539922847368846,108.82700361527722,12,4,Friday
2025-12-13,SBERF,304.0,306.64,302.1,305.12,305.0178165938865,710,229,132039.00436681224,132130,239,471,107,122,Equity (Sberbank),0.3585172515870205,0.3585172515870205,4.539999999999964,1.4879391714735066,3.1004366812227073,0.33661971830985915,0.16338028169014085,109.21716719762323,12,5,Saturday
2025-12-14,SBERF,305.13,305.13,304.16,304.84,304.70358974358976,263,117,131955.6923076923,131978,142,121,41,76,Equity (Sberbank),-0.09176717357106678,0.09176717357106678,0.9699999999999704,0.3181997113239636,2.247863247863248,0.5399239543726235,0.03992395437262353,109.11694169023158,12,6,Sunday
2025-12-15,SBERF,305.13,305.99,303.38,305.35,304.7442131747484,7509,2186,132056.32570905765,132348,3874,3635,1196,990,Equity (Sberbank),0.16730087914973435,0.16730087914973435,2.6100000000000136,0.8547568364172305,3.4350411710887467,0.5159142362498336,0.01591423624983357,109.29949529298064,12,0,Monday
2025-12-16,SBERF,305.36,306.5,303.96,305.19,305.2333497316637,13384,2236,132699.57602862254,134948,5729,7655,1041,1195,Equity (Sberbank),-0.05239888652367464,0.05239888652367464,2.5400000000000205,0.8322684229496446,5.985688729874776,0.4280484160191273,0.0719515839808727,109.24222357447113,12,1,Tuesday
2025-12-17,SBERF,305.4,305.75,302.21,303.98,303.62951283547255,15114,3428,130482.72228704784,132344,7970,7144,1691,1737,Equity (Sberbank),-0.3964743274681326,0.3964743274681326,3.5400000000000205,1.1645502993618069,4.408984830805134,0.5273256583300251,0.027325658330025093,108.80910620324302,12,2,Wednesday
2025-12-18,SBERF,304.19,304.23,300.83,302.75,302.2841056670602,18372,3388,133668.91440377804,139384,9369,9003,1739,1649,Equity (Sberbank),-0.404631883676565,0.404631883676565,3.400000000000034,1.1230388109000937,5.422668240850059,0.5099608099281515,0.009960809928151515,108.3688298672012,12,3,Thursday
2025-12-19,SBERF,302.85,303.7,298.74,300.27,301.12103238866393,27215,4940,143612.54210526316,146946,12493,14722,2184,2756,Equity (Sberbank),-0.8191577208918277,0.8191577208918277,4.9599999999999795,1.6518466713291304,5.5091093117408905,0.45904831894176007,0.04095168105823993,107.48111823030388,12,4,Friday
2025-12-20,SBERF,300.27,301.15,300.27,301.11,300.8382051282051,1100,195,142899.73333333334,143400,438,662,101,94,Equity (Sberbank),0.279748226596066,0.279748226596066,0.8799999999999955,0.2922520009298912,5.641025641025641,0.3981818181818182,0.10181818181818181,107.7817947524788,12,5,Saturday
2025-12-21,SBERF,301.07,301.07,300.0,300.14,300.48973856209153,792,153,143483.92156862744,143794,200,592,55,98,Equity (Sberbank),-0.322141410115917,0.322141410115917,1.0699999999999932,0.35650029986006304,5.176470588235294,0.25252525252525254,0.24747474747474746,107.43458495901493,12,6,Sunday
2025-12-22,SBERF,300.18,300.18,297.11,298.22,298.53325721153846,14661,2496,146093.0184294872,147986,7100,7561,1189,1307,Equity (Sberbank),-0.6397014726460815,0.6397014726460815,3.069999999999993,1.0294413520219947,5.873798076923077,0.4842780165063775,0.015721983493622527,106.74732433690089,12,0,Monday
2025-12-23,SBERF,298.8,302.0,297.77,300.95,300.2812287535411,15108,2824,148706.59419263457,150358,8159,6949,1772,1052,Equity (Sberbank),0.9154315605928387,0.9154315605928387,4.230000000000018,1.405549094533982,5.34985835694051,0.5400450092666137,0.040045009266613696,107.72452303396929,12,1,Tuesday
2025-12-24,SBERF,301.11,303.5,299.55,302.36,302.0597951949586,15491,2539,144268.5120126034,145848,7552,7939,1280,1259,Equity (Sberbank),0.4685163648446622,0.4685163648446622,3.9499999999999886,1.3063897340918074,6.101220953131154,0.48750887612161903,0.012491123878380972,108.22923005333429,12,2,Wednesday
2025-12-25,SBERF,302.38,302.49,300.55,300.78,301.2810933028048,6972,1747,140162.70749856898,141808,2817,4155,724,1023,Equity (Sberbank),-0.5225558936367336,0.5225558936367336,1.9399999999999977,0.6449896934636604,3.9908414424728105,0.4040447504302926,0.09595524956970741,107.66367183305292,12,3,Thursday
2025-12-26,SBERF,300.8,303.0,300.79,303.0,302.141583503055,10931,1964,140698.24236252546,142080,5566,5365,1116,848,Equity (Sberbank),0.738080989427492,0.738080989427492,2.2099999999999795,0.7293729372937225,5.565682281059063,0.5091940353124143,0.00919403531241425,108.4583169273723,12,4,Friday
2025-12-27,SBERF,303.0,303.91,302.87,302.87,303.551025,3733,400,141128.525,143684,595,3138,112,288,Equity (Sberbank),-0.04290429042904664,0.04290429042904664,1.0400000000000205,0.34338164889227074,9.3325,0.15938923118135548,0.3406107688186445,108.41178365608333,12,5,Saturday
2025-12-28,SBERF,302.73,303.3,301.9,303.28,302.66497435897435,551,195,143659.8358974359,143726,196,355,89,106,Equity (Sberbank),0.1353716115825243,0.1353716115825243,1.400000000000034,0.4616196254286581,2.825641025641026,0.35571687840290384,0.14428312159709616,108.55854243476392,12,6,Sunday
2025-12-29,SBERF,303.0,306.67,299.1,300.8,302.5116825672159,33068,4612,143202.7415437988,148372,17439,15629,2455,2157,Equity (Sberbank),-0.8177261936164526,0.8177261936164526,7.569999999999993,2.5166223404255295,7.169991326973114,0.5273678480706423,0.027367848070642298,107.67083079786663,12,0,Monday
2025-12-30,SBERF,301.07,301.3,299.54,300.69,300.2842487046632,8586,1737,139183.26079447323,140610,4599,3987,946,791,Equity (Sberbank),-0.036569148936171914,0.036569148936171914,1.759999999999991,0.5853204296784033,4.94300518134715,0.5356394129979035,0.03563941299790352,107.63145649139135,12,1,Tuesday
2024-12-30,USDRUBF,103.0,103.14,102.9,103.13,103.0682366589327,3698,862,416177.70069605566,416812,1850,1848,441,421,Currency (USD/RUB),,,0.23999999999999488,0.23271598952777553,4.290023201856148,0.5002704164413196,0.00027041644131964304,100.0,12,0,Monday
2025-01-03,USDRUBF,103.18,104.34,103.18,103.86,103.86237071048815,36421,8276,418801.01957467373,422608,17975,18446,4254,4022,Currency (USD/RUB),0.7078444681470009,0.7078444681470009,1.1599999999999966,1.1168881186212176,4.400797486708555,0.49353395019356966,0.006466049806430341,100.707844468147,1,4,Friday
2025-01-06,USDRUBF,103.87,104.1,102.2,102.87,102.86075702417624,47468,10713,421153.1933165313,422658,23192,24276,5086,5627,Currency (USD/RUB),-0.9532062391681029,0.9532062391681029,1.8999999999999915,1.8469913483036757,4.430878372071315,0.4885817814106345,0.01141821858936548,99.74789101134492,1,0,Monday
2025-01-08,USDRUBF,102.97,103.33,102.29,102.76,102.64076110974712,34301,8146,420655.3157377854,422564,17304,16997,4099,4047,Currency (USD/RUB),-0.10693107805969104,0.10693107805969104,1.039999999999992,1.0120669521214403,4.210778296096244,0.5044750881898487,0.004475088189848653,99.64122951614468,1,2,Wednesday
2025-01-09,USDRUBF,102.7,103.29,102.45,102.65,102.88425666754688,50941,11361,420836.27268726344,423504,26483,24458,5838,5523,Currency (USD/RUB),-0.1070455430128403,0.1070455430128403,0.8400000000000034,0.8183146614710214,4.483848252794648,0.5198759349050863,0.019875934905086323,99.53456802094445,1,3,Thursday
2025-01-10,USDRUBF,102.62,103.42,102.52,103.25,102.95463727023856,52672,10228,418516.8404380133,421470,25984,26688,5229,4999,Currency (USD/RUB),0.5845104724792938,0.5845104724792938,0.9000000000000057,0.8716707021791823,5.149784904184592,0.4933171324422843,0.006682867557715688,100.1163579947639,1,4,Friday
2025-01-13,USDRUBF,103.24,104.05,103.04,103.86,103.5378654026461,45742,9599,413202.9065527659,416554,25312,20430,4797,4802,Currency (USD/RUB),0.5907990314770073,0.5907990314770073,1.009999999999991,0.972462930868468,4.765288050838629,0.5533645227580779,0.053364522758077904,100.707844468147,1,0,Monday
2025-01-14,USDRUBF,103.84,104.44,103.43,103.71,103.90942199596988,45076,9429,410994.0831477357,413274,22988,22088,4467,4962,Currency (USD/RUB),-0.14442518775275026,0.14442518775275026,1.009999999999991,0.973869443640913,4.780570580125146,0.5099831395864761,0.00998313958647612,100.56239697469213,1,1,Tuesday
2025-01-15,USDRUBF,103.72,104.33,103.44,103.74,103.91704337076337,59629,9707,412436.13742659934,415618,22226,37403,4498,5209,Currency (USD/RUB),0.028926815157648278,0.028926815157648278,0.8900000000000006,0.8579140158087531,6.1428865766972285,0.3727380972345671,0.12726190276543292,100.59148647338311,1,2,Wednesday
2025-01-16,USDRUBF,103.69,103.87,103.43,103.73,103.64803313609468,41289,8450,412690.2826035503,417436,25384,15905,4720,3730,Currency (USD/RUB),-0.009639483323686804,0.009639483323686804,0.4399999999999977,0.4241781548250243,4.886272189349112,0.614788442442297,0.11478844244229702,100.58178997381945,1,3,Thursday
2025-01-17,USDRUBF,103.73,104.03,102.68,102.99,103.34389499896244,52958,9638,407786.6930898527,410950,26081,26877,4557,5081,Currency (USD/RUB),-0.7133905331148216,0.7133905331148216,1.3499999999999943,1.310806874453825,5.49470844573563,0.4924846104460138,0.007515389553986174,99.86424900610879,1,4,Friday
2025-01-20,USDRUBF,103.13,103.15,101.91,102.07,102.34542648862242,68531,14678,407896.53331516555,410478,37262,31269,7626,7052,Currency (USD/RUB),-0.893290610738906,0.893290610738906,1.240000000000009,1.2148525521700884,4.668960348821365,0.5437247377099415,0.04372473770994145,98.9721710462523,1,0,Monday
2025-01-21,USDRUBF,102.1,102.35,100.24,100.5,101.27958572472086,85537,19166,409262.453407075,417412,40838,44699,9187,9979,Currency (USD/RUB),-1.5381600862153344,1.5381600862153344,2.1099999999999994,2.0995024875621886,4.462955233225504,0.47743081941148274,0.022569180588517257,97.44982061475808,1,1,Tuesday
2025-01-22,USDRUBF,100.3,100.81,99.63,100.65,100.19414978441911,72740,16931,422418.853227807,426934,33860,38880,7694,9237,Currency (USD/RUB),0.14925373134329067,0.14925373134329067,1.1800000000000068,1.1723795330352775,4.296261295847853,0.4654935386307396,0.03450646136926039,97.59526810821293,1,2,Wednesday
2025-01-23,USDRUBF,100.6,101.44,100.48,101.22,100.9944036614915,62787,11143,421213.03580723325,425986,31701,31086,5639,5504,Currency (USD/RUB),0.5663189269746516,0.5663189269746516,0.9599999999999937,0.9484291641967929,5.634658530018846,0.5048975106311816,0.004897510631181601,98.14796858334141,1,3,Thursday
2025-01-24,USDRUBF,101.15,101.22,99.75,100.26,100.40036063569681,74551,14724,433905.58584623743,441440,33180,41371,6892,7832,Currency (USD/RUB),-0.9484291641967957,0.9484291641967957,1.4699999999999989,1.46618791143028,5.063230100516164,0.4450644525224343,0.05493554747756568,97.2171046252303,1,4,Friday
2025-01-27,USDRUBF,100.4,100.73,98.86,99.72,99.49559225999573,74086,18708,443104.8376095788,450588,36341,37745,9222,9486,Currency (USD/RUB),-0.5385996409335791,0.5385996409335791,1.8700000000000045,1.875250701965508,3.9601240111182383,0.4905245255513862,0.009475474448613797,96.6934936487928,1,0,Monday
2025-01-28,USDRUBF,99.79,100.74,99.15,99.69,99.7964502617801,56496,14325,453732.2867713787,456834,26471,30025,6959,7366,Currency (USD/RUB),-0.030084235860405872,0.030084235860405872,1.5899999999999892,1.5949443274149755,3.9438743455497383,0.46854644576607196,0.03145355423392804,96.66440415010182,1,1,Tuesday
2025-01-29,USDRUBF,99.65,100.08,99.18,99.5,99.55429570822197,57352,12722,460501.51532777864,467870,26731,30621,5699,7023,Currency (USD/RUB),-0.19059083157788592,0.19059083157788592,0.8999999999999915,0.9045226130653181,4.508096211287533,0.4660866229599665,0.0339133770400335,96.48017065839232,1,2,Wednesday
2025-01-30,USDRUBF,99.48,99.89,98.22,98.4,98.98291654703799,91215,20898,476768.0273710403,487064,42437,48778,9672,11226,Currency (USD/RUB),-1.1055276381909507,1.1055276381909507,1.6700000000000017,1.697154471544717,4.364771748492679,0.46524146247875897,0.03475853752124103,95.41355570639001,1,3,Thursday
2025-01-31,USDRUBF,98.4,99.5,98.16,99.47,98.79831654486799,66617,15189,488488.16959641845,499352,32687,33930,7958,7231,Currency (USD/RUB),1.0873983739837279,1.0873983739837279,1.3400000000000034,1.3471398411581414,4.385871354269537,0.49067054955942174,0.009329450440578257,96.45108115970135,1,4,Friday
2025-02-03,USDRUBF,99.69,100.6,99.52,99.86,99.93747476862515,93437,23879,487156.3708698019,494766,46862,46575,12385,11494,Currency (USD/RUB),0.3920780134714086,0.3920780134714086,1.0799999999999983,1.0815141197676732,3.9129360525985177,0.5015357941714739,0.0015357941714738699,96.829244642684,2,0,Monday
2025-02-04,USDRUBF,99.94,99.98,99.2,99.85,99.52072604532616,55383,14517,483464.0830750155,487404,25238,30145,6755,7762,Currency (USD/RUB),-0.010014019627480053,0.010014019627480053,0.7800000000000011,0.7811717576364559,3.815044430667493,0.45569940234367945,0.04430059765632055,96.81954814312034,2,1,Tuesday
2025-02-05,USDRUBF,99.85,100.25,97.47,97.65,98.3723632970451,146131,32150,499705.9446345257,515134,71634,74497,15101,17049,Currency (USD/RUB),-2.2033049574361474,2.2033049574361474,2.780000000000001,2.8469022017409125,4.545287713841368,0.49020399504554135,0.009796004954458648,94.68631823911568,2,2,Wednesday
2025-02-06,USDRUBF,97.6,99.07,97.04,98.9,97.9501004404561,105174,24293,519939.8170666447,523776,51962,53212,12672,11621,Currency (USD/RUB),1.280081925243226,1.280081925243226,2.029999999999987,2.052578361981787,4.329395299057341,0.4940574666742731,0.0059425333257269175,95.89838068457289,2,3,Thursday
2025-02-07,USDRUBF,98.9,99.28,98.18,99.2,98.76398192116253,64263,17479,522347.0201956634,528082,28964,35299,8010,9469,Currency (USD/RUB),0.30333670374114163,0.30333670374114163,1.0999999999999943,1.1088709677419297,3.6765833285657075,0.4507103621057218,0.049289637894278204,96.1892756714826,2,4,Friday
2025-02-10,USDRUBF,99.2,99.26,97.83,98.18,98.42742039093329,45221,10897,522906.3795540057,527528,24404,20817,5311,5586,Currency (USD/RUB),-1.0282258064516103,1.0282258064516103,1.4300000000000068,1.4565084538602635,4.149857759016243,0.539660777072599,0.03966077707259896,95.20023271598954,2,0,Monday
2025-02-11,USDRUBF,98.18,98.18,96.73,96.97,97.37928092207122,68915,17439,520472.6646023281,526124,35790,33125,8536,8903,Currency (USD/RUB),-1.2324302301894519,1.2324302301894519,1.4500000000000028,1.495307827163043,3.951774757726934,0.5193354131901617,0.019335413190161743,94.02695626878698,2,1,Tuesday
2025-02-12,USDRUBF,97.18,97.18,91.76,92.46,94.63128312051077,237954,50120,544703.4506384677,562124,100392,137562,22097,28023,Currency (USD/RUB),-4.650922965865734,4.650922965865734,5.420000000000002,5.861994375946358,4.747685554668795,0.42189666910411255,0.07810333089588745,89.65383496557743,2,2,Wednesday
2025-02-13,USDRUBF,92.67,94.15,92.11,92.39,92.93784317201442,150086,33846,580235.8861903917,589542,71522,78564,16504,17342,Currency (USD/RUB),-0.0757084144494824,0.0757084144494824,2.0400000000000063,2.208031172204791,4.434379247178396,0.4765401169995869,0.023459883000413073,89.58595946863183,2,3,Thursday
2025-02-14,USDRUBF,92.33,94.55,91.3,93.79,92.97269948061034,154655,37159,592496.7501816518,597042,79186,75469,18889,18270,Currency (USD/RUB),1.5153155103366123,1.5153155103366123,3.25,3.465188186373814,4.1619796011733365,0.5120170702531441,0.012017070253144135,90.94346940754389,2,4,Friday
2025-02-17,USDRUBF,93.72,93.82,91.71,91.91,92.69128985166,83521,21235,589288.4707322816,594618,37413,46108,9961,11274,Currency (USD/RUB),-2.0044780893485603,2.0044780893485603,2.1099999999999994,2.295724077902295,3.9331763597833764,0.4479472228541325,0.05205277714586748,89.12052748957626,2,0,Monday
2025-02-18,USDRUBF,91.93,92.87,91.93,92.57,92.46248291829014,81214,17709,595571.2089897792,598214,47145,34069,9578,8131,Currency (USD/RUB),0.7180937874007087,0.7180937874007087,0.9399999999999977,1.015447769255696,4.586029702411204,0.5805033614893984,0.0805033614893984,89.76049646077766,2,1,Tuesday
2025-02-19,USDRUBF,92.56,92.74,91.17,91.54,91.815341673096,74687,18146,599868.7213711011,604944,34765,39922,8198,9948,Currency (USD/RUB),-1.1126714918439973,1.1126714918439973,1.5699999999999932,1.7150972252567107,4.115893309820346,0.46547591950406364,0.03452408049593636,88.76175700572094,2,2,Wednesday
2025-02-20,USDRUBF,91.54,91.67,88.85,89.3,90.03762027027027,120682,29600,606942.8585135135,618594,55915,64767,13497,16103,Currency (USD/RUB),-2.447017697181575,2.447017697181575,2.8200000000000074,3.1578947368421137,4.077094594594595,0.4633251023350624,0.03667489766493759,86.58974110346165,2,3,Thursday
2025-02-21,USDRUBF,89.39,90.44,88.64,89.29,89.56682518923633,123953,25233,626815.0475171403,637514,64879,59074,13141,12092,Currency (USD/RUB),-0.011198208286666844,0.011198208286666844,1.7999999999999972,2.015903236644638,4.912337018983077,0.5234161335344848,0.023416133534484795,86.580044603898,2,4,Friday
2025-02-24,USDRUBF,89.29,89.94,88.04,88.18,88.9379393745428,90303,21872,637200.099670812,648222,40702,49601,9938,11934,Currency (USD/RUB),-1.2431403292641918,1.2431403292641918,1.8999999999999915,2.154683601723737,4.128703365032919,0.450726996888254,0.04927300311174598,85.50373315233202,2,0,Monday
2025-02-25,USDRUBF,88.18,88.4,87.01,87.12,87.59870610197176,118470,25713,666784.0917823669,687480,54513,63957,12133,13580,Currency (USD/RUB),-1.2020866409616748,1.2020866409616748,1.3900000000000006,1.5955004591368234,4.607397036518493,0.4601418080526716,0.039858191947328425,84.47590419858432,2,1,Tuesday
2025-02-26,USDRUBF,87.15,89.95,86.56,89.56,88.2116128956843,200340,42774,707405.7039322953,716792,101857,98483,22127,20647,Currency (USD/RUB),2.800734618916434,2.800734618916434,3.3900000000000006,3.785171951764181,4.683686351521953,0.5084206848357792,0.00842068483577918,86.84185009211676,2,2,Wednesday
2025-02-27,USDRUBF,89.77,91.0,88.26,90.74,89.50105543549279,199379,39794,699773.5932552646,715394,103549,95830,20781,19013,Currency (USD/RUB),1.3175524787851556,1.3175524787851556,2.739999999999995,3.019616486665192,5.010277931346434,0.5193576053646572,0.01935760536465725,87.98603704062833,2,3,Thursday
2025-02-28,USDRUBF,90.75,90.82,89.22,89.3,90.1168991159957,176755,33484,717428.0651654522,728044,97083,79672,17120,16364,Currency (USD/RUB),-1.5869517302182001,1.5869517302182001,1.5999999999999943,1.7917133258678548,5.278789869788556,0.5492517891997397,0.049251789199739715,86.58974110346165,2,4,Friday
2025-03-03,USDRUBF,89.46,91.07,89.45,90.06,90.36114314354451,114588,24940,723153.0680834001,730286,57887,56701,12750,12190,Currency (USD/RUB),0.8510638297872353,0.8510638297872353,1.6199999999999903,1.798800799467011,4.594546912590216,0.5051750619611128,0.005175061961112837,87.32667507029963,3,0,Monday
2025-03-04,USDRUBF,90.06,90.52,89.5,89.63,90.055643081761,104042,19080,723970.2154088051,730434,53307,50735,9598,9482,Currency (USD/RUB),-0.47745947146348167,0.47745947146348167,1.019999999999996,1.138011826397407,5.4529350104821805,0.5123603929182445,0.012360392918244534,86.90972558906235,3,1,Tuesday
2025-03-05,USDRUBF,89.69,90.9,89.69,90.61,90.34665508253693,92893,18416,726074.0439834927,732948,47509,45384,9103,9313,Currency (USD/RUB),1.093383911636736,1.093383911636736,1.210000000000008,1.3353934444321907,5.044146394439617,0.5114378909067422,0.011437890906742187,87.85998254630078,3,2,Wednesday
2025-03-06,USDRUBF,90.7,91.01,89.97,90.29,90.39294766684546,61606,13051,737175.4329936403,743500,29696,31910,6336,6715,Currency (USD/RUB),-0.3531619026597377,0.3531619026597377,1.0400000000000063,1.1518440580352267,4.7204045666998695,0.4820309710093173,0.0179690289906827,87.54969456026376,3,3,Thursday
2025-03-07,USDRUBF,90.25,90.47,88.3,88.54,89.24175065455603,160502,30937,734706.7229530982,744200,71565,88937,14067,16870,Currency (USD/RUB),-1.9381991361169582,1.9381991361169582,2.1700000000000017,2.45086966342896,5.18802728124899,0.4458822943016286,0.05411770569837138,85.85280713662368,3,4,Friday
2025-03-10,USDRUBF,88.57,89.25,87.22,87.74,88.27657364749243,104408,22791,730618.4906322671,740752,50763,53645,11035,11756,Currency (USD/RUB),-0.9035464196973209,0.9035464196973209,2.030000000000001,2.3136539776612732,4.58110657715765,0.486198375603402,0.013801624396597989,85.07708717153108,3,0,Monday
2025-03-11,USDRUBF,87.9,88.28,86.12,87.74,87.12302702083154,161429,34899,751471.3634201552,758196,78392,83037,17176,17723,Currency (USD/RUB),0.0,0.0,2.1599999999999966,2.4618190107134676,4.62560531820396,0.4856128700543273,0.014387129945672705,85.07708717153108,3,1,Tuesday
2025-03-12,USDRUBF,87.75,88.41,87.18,87.93,87.88726835423074,101696,25362,778115.8193360146,795348,53405,48291,12841,12521,Currency (USD/RUB),0.21654889446092174,0.21654889446092174,1.2299999999999898,1.398839986352769,4.009778408642852,0.5251435651353052,0.025143565135305246,85.26132066324058,3,2,Wednesday
2025-03-13,USDRUBF,87.93,88.37,86.03,86.5,87.07153834937299,144640,34290,813574.8016914552,829836,70679,73961,16248,18042,Currency (USD/RUB),-1.6262936426703178,1.6262936426703178,2.3400000000000034,2.705202312138732,4.218139399241761,0.4886545907079646,0.011345409292035424,83.87472122563754,3,3,Thursday
2025-03-14,USDRUBF,86.69,87.37,85.95,86.59,86.6750355913642,116048,25568,828844.6433041302,833418,48908,67140,10813,14755,Currency (USD/RUB),0.1040462427745803,0.1040462427745803,1.4200000000000017,1.6399122300496611,4.538798498122653,0.4214462980835516,0.07855370191644839,83.96198972171047,3,4,Friday
2025-03-17,USDRUBF,86.55,86.64,83.62,83.79,85.09049953446949,223264,49406,850792.0436384245,886862,96321,126943,22329,27077,Currency (USD/RUB),-3.233629749393696,3.233629749393696,3.019999999999996,3.604248717030667,4.5189653078573455,0.43142199369356454,0.06857800630643546,81.24696984388636,3,0,Monday
2025-03-18,USDRUBF,83.79,85.24,82.62,85.0,83.99908125243313,354851,71924,823854.8496190424,844866,170515,184336,35280,36644,Currency (USD/RUB),1.4440864064924064,1.4440864064924064,2.6199999999999903,3.082352941176459,4.933693899115733,0.48052562906684776,0.01947437093315224,82.42024629108892,3,1,Tuesday
2025-03-19,USDRUBF,85.0,85.88,84.36,85.66,85.17090153692365,223227,48018,859855.7013619893,892244,111355,111872,24631,23387,Currency (USD/RUB),0.7764705882352896,0.7764705882352896,1.519999999999996,1.7744571561989213,4.648819192802699,0.4988419859604797,0.0011580140395203165,83.06021526229031,3,2,Wednesday
2025-03-20,USDRUBF,85.66,86.85,85.32,86.33,86.28721994920993,214757,42528,900556.7151053423,913860,101899,112858,21126,21402,Currency (USD/RUB),0.7821620359561132,0.7821620359561132,1.5300000000000011,1.772269199582997,5.049778969149736,0.47448511573545915,0.02551488426454085,83.70988073305537,3,3,Thursday
2025-03-21,USDRUBF,86.35,86.84,85.6,86.03,86.2115765643394,99370,22086,918143.1593769809,923094,48139,51231,10591,11495,Currency (USD/RUB),-0.34750376462411303,0.34750376462411303,1.240000000000009,1.4413576659304999,4.49923028162637,0.4844419845023649,0.01555801549763508,83.41898574614565,3,4,Friday
2025-03-24,USDRUBF,86.05,86.89,84.83,86.38,85.87027098273761,176428,35279,926904.251537742,933774,89308,87120,18457,16822,Currency (USD/RUB),0.40683482506100876,0.40683482506100876,2.0600000000000023,2.384811298911788,5.000935400663284,0.5062008298002585,0.006200829800258489,83.75836323087366,3,0,Monday
2025-03-25,USDRUBF,86.35,86.65,85.02,85.33,85.7392387146136,125168,26140,927326.4652639633,937360,63378,61790,12689,13451,Currency (USD/RUB),-1.2155591572123092,1.2155591572123092,1.6300000000000097,1.9102308683933078,4.788370313695486,0.5063434743704461,0.006343474370446134,82.74023077668961,3,1,Tuesday
2025-03-26,USDRUBF,85.3,85.75,84.93,85.36,85.33149227459417,101837,20452,932464.3601603755,935058,45890,55947,9513,10939,Currency (USD/RUB),0.03515762334467265,0.03515762334467265,0.8199999999999932,0.9606373008434784,4.97931742616859,0.4506220725276668,0.049377927472333216,82.7693202753806,3,2,Wednesday
2025-03-27,USDRUBF,85.36,85.85,84.4,84.87,85.08654022530156,100060,20062,933708.0188415911,943200,42012,58048,9105,10957,Currency (USD/RUB),-0.5740393626991525,0.5740393626991525,1.4499999999999886,1.7084953458230099,4.987538630246236,0.4198680791525085,0.08013192084749149,82.29419179676137,3,3,Thursday
2025-03-28,USDRUBF,84.85,87.65,84.51,87.32,86.25624844803866,168054,29801,930588.8848696352,939130,88051,80003,15845,13956,Currency (USD/RUB),2.8867679981147587,2.8867679981147587,3.1400000000000006,3.5959688502061398,5.639206738028925,0.523944684446666,0.023944684446665976,84.66983418985747,3,4,Friday
2025-03-31,USDRUBF,87.55,88.05,86.55,86.96,87.21591149925092,131895,27367,928215.109365294,938334,67172,64723,13488,13879,Currency (USD/RUB),-0.41227668346311974,0.41227668346311974,1.5,1.7249310027598896,4.819490627397961,0.509283900072027,0.009283900072026952,84.32076020556579,3,0,Monday
2025-04-01,USDRUBF,86.96,87.14,85.41,86.0,86.12188308602208,85251,18937,940003.5758567883,953606,41758,43493,9003,9934,Currency (USD/RUB),-1.1039558417663242,1.1039558417663242,1.730000000000004,2.0116279069767486,4.501821830279347,0.48982416628543946,0.010175833714560545,83.38989624745467,4,1,Tuesday
2025-04-02,USDRUBF,86.0,86.38,85.43,85.91,85.91181083363493,69891,16578,955922.1483894318,960160,38001,31890,8398,8180,Currency (USD/RUB),-0.10465116279070319,0.10465116279070319,0.9499999999999886,1.1058084041438583,4.215888526963446,0.5437180752886638,0.04371807528866378,83.30262775138175,4,2,Wednesday
2025-04-03,USDRUBF,85.93,86.73,85.11,86.29,85.86422846998296,120025,27601,957617.7189956886,961212,60018,60007,13766,13835,Currency (USD/RUB),0.4423233616575706,0.4423233616575706,1.6200000000000045,1.8773901958512047,4.348574327017137,0.5000458237867111,4.582378671114107e-05,83.67109473480075,4,3,Thursday
2025-04-04,USDRUBF,86.26,88.5,85.56,87.98,87.28597818271972,173007,40335,957624.4257840585,963032,89126,83881,21529,18806,Currency (USD/RUB),1.9585119944373508,1.9585119944373508,2.9399999999999977,3.3416685610365966,4.28925251022685,0.5151583461940846,0.015158346194084626,85.30980316105887,4,4,Friday
2025-04-07,USDRUBF,88.02,89.17,87.1,88.14,88.40840968200574,135878,28837,952248.8201269202,958064,68539,67339,14206,14631,Currency (USD/RUB),0.1818595135258061,0.1818595135258061,2.0700000000000074,2.3485364193328877,4.7119325866074835,0.5044157258717379,0.0044157258717378856,85.4649471540774,4,0,Monday
2025-04-08,USDRUBF,88.16,89.32,87.57,89.31,88.25880744931247,105662,24217,951412.9924433249,953958,54403,51259,12356,11861,Currency (USD/RUB),1.327433628318575,1.327433628318575,1.75,1.9594670249692085,4.363133336086221,0.5148776286649883,0.014877628664988318,86.59943760302531,4,1,Tuesday
2025-04-09,USDRUBF,89.31,89.34,86.53,86.96,88.2764715553236,152529,38320,966129.36868476,978154,66507,86022,18237,20083,Currency (USD/RUB),-2.6312842906729417,2.6312842906729417,2.8100000000000023,3.231370745170196,3.980401878914405,0.4360285585036288,0.06397144149637118,84.32076020556579,4,2,Wednesday
2025-04-10,USDRUBF,87.21,88.0,86.55,87.04,87.18061654011225,96825,24232,973673.2196269396,981072,49880,46945,11906,12326,Currency (USD/RUB),0.09199632014720294,0.09199632014720294,1.4500000000000028,1.6659007352941209,3.9957494222515684,0.5151562096565969,0.01515620965659692,84.39833220207507,4,3,Thursday
2025-04-11,USDRUBF,86.82,87.03,84.6,85.11,85.8113362278569,119908,28790,971552.2673845085,985436,55096,64812,12707,16083,Currency (USD/RUB),-2.2173713235294157,2.2173713235294157,2.430000000000007,2.855128657032084,4.164918374435568,0.45948560563098373,0.04051439436901627,82.52690778628914,4,4,Friday
2025-04-14,USDRUBF,85.1,85.57,84.24,84.75,84.77693889752481,107667,25089,985918.4530272231,988422,54802,52865,12383,12706,Currency (USD/RUB),-0.4229820232640069,0.4229820232640069,1.3299999999999983,1.5693215339233018,4.291402606720077,0.5089953281878384,0.008995328187838436,82.17783380199748,4,0,Monday
2025-04-15,USDRUBF,84.81,85.06,83.6,84.14,84.15025216036267,171031,35295,1001177.1854370307,1015944,90043,80988,19106,16189,Currency (USD/RUB),-0.7197640117994064,0.7197640117994064,1.460000000000008,1.735203232707402,4.8457571894035985,0.5264718092041794,0.026471809204179353,81.58634732861437,4,1,Tuesday
2025-04-16,USDRUBF,84.26,85.45,83.9,84.57,84.76926416173946,142642,26215,1013999.51569712,1021268,61889,80753,12202,14013,Currency (USD/RUB),0.5110530068932695,0.5110530068932695,1.5499999999999972,1.8328012297504994,5.441235933625787,0.4338764178853353,0.06612358211466468,82.00329680985165,4,2,Wednesday
2025-04-17,USDRUBF,84.68,84.82,82.1,82.16,83.3092315693338,184870,39418,1033939.7836014003,1046428,85107,99763,18163,21255,Currency (USD/RUB),-2.8497102991604573,2.8497102991604573,2.719999999999999,3.3106134371957143,4.6899893449693035,0.46036133499215665,0.039638665007843354,79.66644041501019,4,3,Thursday
2025-04-18,USDRUBF,82.28,83.57,81.58,82.47,82.5980058393333,155997,35278,1049002.6198197177,1054878,75057,80940,17339,17939,Currency (USD/RUB),0.3773125608568684,0.3773125608568684,1.9899999999999949,2.4129986661816356,4.421934350019843,0.4811438681513106,0.018856131848689395,79.96703190148357,4,4,Friday
2025-04-21,USDRUBF,82.28,82.56,81.55,82.42,82.0992778846584,105158,22351,1057165.6291888505,1061414,54211,50947,10943,11408,Currency (USD/RUB),-0.060628107190485725,0.060628107190485725,1.0100000000000051,1.2254307206988657,4.704845420786542,0.5155195039844805,0.015519503984480543,79.91854940366528,4,0,Monday
2025-04-22,USDRUBF,82.32,82.51,81.55,82.39,82.03993945333006,130165,28573,1060872.5948972807,1068054,65552,64613,14667,13906,Currency (USD/RUB),-0.03639893229798741,0.03639893229798741,0.960000000000008,1.1651899502366887,4.555524446155461,0.50360696039642,0.003606960396419945,79.88945990497432,4,1,Tuesday
2025-04-23,USDRUBF,82.38,84.14,82.3,84.01,83.40098622003958,131145,27286,1056450.546800557,1062572,65484,65661,13425,13861,Currency (USD/RUB),1.9662580410243935,1.9662580410243935,1.8400000000000034,2.190215450541606,4.806310928681375,0.4993251744252545,0.000674825574745519,81.46029283428683,4,2,Wednesday
2025-04-24,USDRUBF,84.1,84.15,83.11,83.6,83.53385511651469,79967,17766,1062127.4645952943,1065926,39119,40848,8613,9153,Currency (USD/RUB),-0.488037138435915,0.488037138435915,1.0400000000000063,1.2440191387559885,4.501125745806597,0.4891892905823652,0.01081070941763479,81.06273635217687,4,3,Thursday
2025-04-25,USDRUBF,83.62,83.68,83.04,83.37,83.30498455200824,71166,15536,1071470.4782440783,1076284,34497,36669,7224,8312,Currency (USD/RUB),-0.27511961722487266,0.27511961722487266,0.6400000000000006,0.767662228619408,4.580715756951596,0.4847399038866875,0.015260096113312527,80.83971686221275,4,4,Friday
2025-04-28,USDRUBF,83.37,83.79,82.17,82.54,82.8519174945669,109621,25768,1070161.139708165,1077044,53333,56288,11544,14224,Currency (USD/RUB),-0.9955619527407866,0.9955619527407866,1.6200000000000045,1.962684758904779,4.254152437131325,0.48652174309666946,0.013478256903330543,80.03490739842918,4,0,Monday
2025-04-29,USDRUBF,82.6,82.7,82.01,82.35,82.27075506551984,78980,17323,1080687.1481844946,1084052,40042,38938,8798,8525,Currency (USD/RUB),-0.23019142234069756,0.23019142234069756,0.6899999999999977,0.8378870673952614,4.559256479824511,0.5069891111673841,0.006989111167384099,79.85067390671968,4,1,Tuesday
2025-04-30,USDRUBF,82.35,82.67,81.44,82.17,81.85371388411683,112338,25612,1100205.3856004998,1111210,57031,55307,12383,13229,Currency (USD/RUB),-0.21857923497267118,0.21857923497267118,1.230000000000004,1.496896677619574,4.386147118538185,0.5076732717335185,0.007673271733518505,79.67613691457385,4,2,Wednesday
2025-05-02,USDRUBF,82.25,83.69,81.96,83.16,83.08279436882148,95460,19321,1102082.6632161897,1107350,46939,48521,9762,9559,Currency (USD/RUB),1.2048192771084265,1.2048192771084265,1.730000000000004,2.080327080327085,4.940738057036385,0.4917138068300859,0.00828619316991408,80.63609037137593,5,4,Friday
2025-05-05,USDRUBF,83.28,83.9,81.64,82.05,82.36572970770953,142604,29457,1121520.5439114643,1138608,65072,77532,13365,16092,Currency (USD/RUB),-1.334776334776333,1.334776334776333,2.260000000000005,2.7544180377818464,4.841090402960247,0.45631258590221874,0.04368741409778126,79.55977891980996,5,0,Monday
2025-05-06,USDRUBF,82.06,82.33,81.5,81.87,81.86481818654735,96266,19223,1152590.390781876,1167750,46304,49962,9040,10183,Currency (USD/RUB),-0.2193784277879307,0.2193784277879307,0.8299999999999983,1.0138023696103557,5.00785517349009,0.4810005609457129,0.01899943905428708,79.38524192766411,5,1,Tuesday
2025-05-07,USDRUBF,81.8,82.38,81.22,82.31,81.82058234070713,101252,21156,1167611.6339572698,1171808,52505,48747,11096,10060,Currency (USD/RUB),0.5374374007572902,0.5374374007572902,1.1599999999999966,1.4093062811323005,4.7859708829646435,0.5185576581203334,0.018557658120333387,79.81188790846505,5,2,Wednesday
2025-05-08,USDRUBF,82.25,83.07,82.07,82.37,82.53511265478707,77093,16555,1162766.6673512533,1169428,38055,39038,8583,7972,Currency (USD/RUB),0.07289515247237421,0.07289515247237421,1.0,1.2140342357654486,4.656780428873452,0.49362458329550024,0.006375416704499759,79.870066905847,5,3,Thursday
2025-05-12,USDRUBF,82.28,82.28,80.95,81.11,81.45792050478998,105247,21712,1176485.5595062638,1186032,45493,59754,9288,12424,Currency (USD/RUB),-1.5296831370644748,1.5296831370644748,1.3299999999999983,1.6397484897053363,4.8474115696389095,0.43224985035202906,0.06775014964797094,78.64830796082614,5,0,Monday
2025-05-13,USDRUBF,81.11,81.52,80.61,80.82,81.04958172600021,98971,18146,1190449.319078585,1200338,46908,52063,9201,8945,Currency (USD/RUB),-0.3575391443718434,0.3575391443718434,0.9099999999999966,1.1259589210591396,5.454149674859473,0.4739570177122591,0.02604298228774088,78.36710947348007,5,1,Tuesday
2025-05-14,USDRUBF,80.82,81.58,80.52,81.39,80.82607650329489,94443,19424,1205042.831136738,1212224,46904,47539,10334,9090,Currency (USD/RUB),0.7052709725315687,0.7052709725315687,1.0600000000000023,1.3023712986853448,4.862180807248764,0.4966381838781064,0.0033618161218936238,78.91980994860856,5,2,Wednesday
2025-05-15,USDRUBF,81.3,81.3,80.39,80.65,80.67000884381817,101743,16961,1191049.3182005777,1199824,55245,46498,8628,8333,Currency (USD/RUB),-0.9092026047425872,0.9092026047425872,0.9099999999999966,1.128332300061992,5.998643947880431,0.5429857582339817,0.04298575823398165,78.2022689808979,5,3,Thursday
2025-05-16,USDRUBF,80.62,81.36,80.56,81.01,81.00319131580599,90022,15937,1186200.3584112443,1192810,46248,43774,8352,7585,Currency (USD/RUB),0.4463732176069435,0.4463732176069435,0.7999999999999972,0.9875324034069831,5.648616427182029,0.5137410855124303,0.013741085512430251,78.55134296518958,5,4,Friday
2025-05-19,USDRUBF,80.95,81.13,80.31,80.7,80.71089736456068,100983,19769,1162092.601547878,1173232,53405,47578,9125,10644,Currency (USD/RUB),-0.3826688063202077,0.3826688063202077,0.8199999999999932,1.0161090458488142,5.108149122363296,0.5288513908281592,0.02885139082815924,78.25075147871618,5,0,Monday
2025-05-20,USDRUBF,80.69,81.52,80.62,81.21,81.14419193423483,89949,16787,1144722.8536367428,1158506,49746,40203,9160,7627,Currency (USD/RUB),0.6319702602230359,0.6319702602230359,0.8999999999999915,1.108237901736229,5.358253410377078,0.5530467264783377,0.05304672647833775,78.74527295646271,5,1,Tuesday
2025-05-21,USDRUBF,81.16,81.17,79.56,79.87,80.08554198800343,193572,32676,1158980.085444975,1179904,88652,104920,14446,18230,Currency (USD/RUB),-1.6500430981406078,1.6500430981406078,1.6099999999999994,2.0157756354075365,5.923980903415351,0.45797945983923294,0.04202054016076706,77.44594201493261,5,2,Wednesday
2025-05-22,USDRUBF,79.87,80.34,79.24,79.98,79.80141005230838,154099,26382,1166370.6635584868,1176606,80632,73467,14039,12343,Currency (USD/RUB),0.1377238011769144,0.1377238011769144,1.1000000000000085,1.3753438359590002,5.841065878250322,0.5232480418432307,0.023248041843230705,77.55260351013284,5,3,Thursday
2025-05-23,USDRUBF,79.98,80.29,79.37,79.44,79.82595790961989,103254,18389,1153649.1614552177,1165076,50949,52305,8914,9475,Currency (USD/RUB),-0.6751687921980554,0.6751687921980554,0.9200000000000017,1.1581067472306166,5.614987220621024,0.49343366842931025,0.006566331570689754,77.02899253369534,5,4,Friday
2025-05-26,USDRUBF,79.5,80.18,79.42,80.03,79.92960960185842,95267,15497,1154881.8470671743,1166480,53803,41464,8812,6685,Currency (USD/RUB),0.742698892245719,0.742698892245719,0.7600000000000051,0.9496438835436775,6.147447893140608,0.5647600953110731,0.06476009531107307,77.60108600795114,5,0,Monday
2025-05-27,USDRUBF,80.03,80.4,79.97,80.26,80.19159565916398,78183,12440,1141220.951125402,1146870,39914,38269,6502,5938,Currency (USD/RUB),0.2873922279145402,0.2873922279145402,0.4300000000000068,0.5357587839521639,6.284807073954984,0.5105201898110843,0.010520189811084268,77.82410549791527,5,1,Tuesday
2025-05-28,USDRUBF,80.25,80.25,79.45,79.5,79.70752277182059,117807,17346,1153841.2173411737,1161014,57937,59870,8213,9133,Currency (USD/RUB),-0.9469225018689298,0.9469225018689298,0.7999999999999972,1.006289308176097,6.791594603943272,0.4917959034692336,0.008204096530766425,77.08717153107727,5,2,Wednesday
2025-05-29,USDRUBF,79.55,79.62,78.32,78.5,78.79013563551477,163174,24846,1173619.7573049988,1181342,74128,89046,11197,13649,Currency (USD/RUB),-1.2578616352201255,1.2578616352201255,1.3000000000000114,1.6560509554140272,6.567415278113177,0.45428806059788934,0.04571193940211066,76.11752157471153,5,3,Thursday
2025-05-30,USDRUBF,78.44,79.19,78.33,79.06,78.86876715526094,112551,21422,1163059.6481187565,1172172,61118,51433,12683,8739,Currency (USD/RUB),0.7133757961783393,0.7133757961783393,0.8599999999999994,1.0877814318239305,5.253991223975352,0.5430249398050662,0.043024939805066165,76.66052555027636,5,4,Friday
2025-06-02,USDRUBF,79.12,79.76,78.93,79.38,79.37081140580774,120658,19078,1154979.4679735822,1164390,55520,65138,8897,10181,Currency (USD/RUB),0.404755881608887,0.404755881608887,0.8299999999999983,1.0456034265558054,6.324457490302967,0.46014354622155185,0.03985645377844815,76.97081353631339,6,0,Monday
2025-06-03,USDRUBF,79.36,79.43,78.85,79.17,79.09495152910932,105676,18671,1166451.3862139147,1177112,50040,55636,9339,9332,Currency (USD/RUB),-0.2645502645502562,0.2645502645502562,0.5800000000000125,0.7326007326007484,5.6599003802688665,0.4735228434081532,0.026477156591846795,76.76718704547659,6,1,Tuesday
2025-06-04,USDRUBF,79.19,80.26,78.68,79.8,79.53534481249088,196703,34265,1159603.1852911133,1184018,104916,91787,18194,16071,Currency (USD/RUB),0.7957559681697646,0.7957559681697646,1.5799999999999983,1.9799498746867146,5.740639136144754,0.5333726481039943,0.03337264810399432,77.37806651798701,6,2,Wednesday
2025-06-05,USDRUBF,79.81,80.09,79.25,79.68,79.59684898190045,89200,17680,1151275.8738687783,1161400,45421,43779,9782,7898,Currency (USD/RUB),-0.15037593984961184,0.15037593984961184,0.8400000000000034,1.0542168674698837,5.04524886877828,0.5092040358744394,0.009204035874439409,77.26170852322312,6,3,Thursday
2025-06-06,USDRUBF,79.7,80.07,78.89,79.63,79.45378074889675,139606,22887,1172590.5356752742,1189052,69307,70299,11190,11697,Currency (USD/RUB),-0.06275100401608169,0.06275100401608169,1.1799999999999926,1.481853572774071,6.099794643247258,0.4964471441055542,0.0035528558944458166,77.21322602540482,6,4,Friday
2025-06-09,USDRUBF,79.62,79.62,79.07,79.24,79.29174451650515,87149,13723,1175517.695984843,1181214,40724,46425,6398,7325,Currency (USD/RUB),-0.4897651638829603,0.4897651638829603,0.5500000000000114,0.694093891973765,6.350579319390803,0.4672916499328736,0.03270835006712641,76.83506254242218,6,0,Monday
2025-06-10,USDRUBF,79.24,79.24,78.0,78.06,78.59799434892965,116552,20881,1192542.6545663523,1205800,49266,67286,8479,12402,Currency (USD/RUB),-1.4891468955073095,1.4891468955073095,1.2399999999999949,1.588521650012804,5.5817250131698675,0.42269544924154023,0.07730455075845977,75.6908755939106,6,1,Tuesday
2025-06-11,USDRUBF,78.1,79.77,78.0,79.64,79.1395788897005,156342,27380,1179206.8146092037,1205780,85935,70407,14914,12466,Currency (USD/RUB),2.024084037919538,2.024084037919538,1.769999999999996,2.222501255650422,5.710080350620891,0.5496603599800437,0.0496603599800437,77.2229225249685,6,2,Wednesday
2025-06-13,USDRUBF,79.62,79.65,78.55,78.78,78.92124235181645,110829,20920,1160869.048087954,1170020,50800,60029,9371,11549,Currency (USD/RUB),-1.0798593671521806,1.0798593671521806,1.1000000000000085,1.396293475501407,5.297753346080306,0.45836378565176983,0.04163621434823017,76.38902356249395,6,4,Friday
2025-06-16,USDRUBF,78.77,78.95,78.18,78.71,78.68185558787651,110411,21314,1174501.9386318852,1179874,56263,54148,11614,9700,Currency (USD/RUB),-0.08885503935009975,0.08885503935009975,0.769999999999996,0.9782746792021294,5.180210190485127,0.5095778500330583,0.009577850033058333,76.32114806554834,6,0,Monday
2025-06-17,USDRUBF,78.7,78.99,78.39,78.6,78.72974757650636,128948,26305,1178724.4895647215,1184202,65624,63324,12964,13341,Currency (USD/RUB),-0.13975352560030574,0.13975352560030574,0.5999999999999943,0.763358778625947,4.902033833871887,0.5089183236653535,0.0089183236653535,76.2144865703481,6,1,Tuesday
2025-06-18,USDRUBF,78.6,78.94,78.36,78.72,78.66689024095803,143734,20709,1184736.1190786615,1188222,71291,72443,9685,11024,Currency (USD/RUB),0.15267175572519776,0.15267175572519776,0.5799999999999983,0.7367886178861767,6.940653822009754,0.49599259743693214,0.004007402563067863,76.330844565112,6,2,Wednesday
2025-06-19,USDRUBF,78.69,79.27,78.67,79.12,78.84613076299208,124655,16029,1190604.0442947159,1206166,60782,63873,8398,7631,Currency (USD/RUB),0.5081300813008172,0.5081300813008172,0.5999999999999943,0.7583417593528745,7.776841973922266,0.4876017809153263,0.0123982190846737,76.7187045476583,6,3,Thursday
2025-06-20,USDRUBF,79.1,79.19,78.51,78.75,78.80790539622129,97610,14714,1204096.844229985,1210884,40868,56742,6672,8042,Currency (USD/RUB),-0.4676440849342822,0.4676440849342822,0.6799999999999926,0.8634920634920541,6.63381813239092,0.41868660997848584,0.08131339002151416,76.35993406380297,6,4,Friday
2025-06-23,USDRUBF,78.66,78.78,78.41,78.66,78.59957143799038,88163,15167,1209828.6056570185,1215074,46374,41789,8489,6678,Currency (USD/RUB),-0.11428571428572232,0.11428571428572232,0.37000000000000455,0.47037884566489263,5.812817300718666,0.5260029717682021,0.0260029717682021,76.27266556773004,6,0,Monday
2025-06-24,USDRUBF,78.69,79.43,78.47,78.67,78.90600447273353,168984,29065,1211111.1021503527,1222940,81363,87621,13158,15907,Currency (USD/RUB),0.012712941774739583,0.012712941774739583,0.960000000000008,1.220287275962893,5.814003096507827,0.48148345405482174,0.018516545945178264,76.2823620672937,6,1,Tuesday
2025-06-25,USDRUBF,78.64,78.8,78.19,78.44,78.43684549775377,99906,15359,1217494.0326844195,1223578,48920,50986,6492,8867,Currency (USD/RUB),-0.29236049319945057,0.29236049319945057,0.6099999999999994,0.7776644569097393,6.504720359398398,0.489660280663824,0.010339719336176001,76.05934257732957,6,2,Wednesday
2025-06-26,USDRUBF,78.35,78.7,78.26,78.64,78.50382332682815,101346,17422,1212384.8183905408,1220824,56358,44988,9945,7477,Currency (USD/RUB),0.2549719530851702,0.2549719530851702,0.4399999999999977,0.5595116988809737,5.817127769486856,0.5560949618139838,0.05609496181398377,76.25327256860274,6,3,Thursday
2025-06-27,USDRUBF,78.63,78.79,78.46,78.75,78.59696714930718,95557,19269,1196285.1923815454,1202368,43306,52251,6458,12811,Currency (USD/RUB),0.13987792472023308,0.13987792472023308,0.3300000000000125,0.41904761904763493,4.959105298666252,0.4531954749521228,0.04680452504787719,76.35993406380297,6,4,Friday
2025-06-30,USDRUBF,78.75,78.88,78.34,78.56,78.57022829925269,88252,12177,1196037.5585119487,1203064,42605,45647,5519,6658,Currency (USD/RUB),-0.2412698412698422,0.2412698412698422,0.539999999999992,0.6873727087576273,7.247433686458077,0.4827652631101845,0.017234736889815527,76.17570057209348,6,0,Monday
2025-07-01,USDRUBF,78.55,78.85,78.45,78.72,78.64061089175296,95153,13423,1195862.196826343,1200518,45967,49186,6789,6634,Currency (USD/RUB),0.20366598778003286,0.20366598778003286,0.3999999999999915,0.5081300813008022,7.088802801162184,0.4830851365695249,0.016914863430475102,76.330844565112,7,1,Tuesday
2025-07-02,USDRUBF,78.72,79.06,78.6,78.98,78.8365466206216,76589,10135,1196002.1637888504,1200976,38550,38039,5531,4604,Currency (USD/RUB),0.3302845528455389,0.3302845528455389,0.46000000000000796,0.5824259306153557,7.556882091761223,0.5033359881967384,0.0033359881967384153,76.5829535537671,7,2,Wednesday
2025-07-03,USDRUBF,79.0,79.3,78.91,79.14,79.08979032857371,107244,18839,1202288.2730505865,1211208,59371,47873,12272,6567,Currency (USD/RUB),0.20258293238795133,0.20258293238795133,0.39000000000000057,0.49279757391963686,5.692658846010935,0.5536067285815524,0.053606728581552354,76.73809754678561,7,3,Thursday
2025-07-04,USDRUBF,79.14,79.26,78.8,78.96,79.06882893328576,63544,11212,1209322.5577952194,1213640,30978,32566,6399,4813,Currency (USD/RUB),-0.22744503411676886,0.22744503411676886,0.46000000000000796,0.5825734549138906,5.667499108098466,0.48750472113810905,0.012495278861890946,76.56356055463978,7,4,Friday
2025-07-07,USDRUBF,78.98,79.16,78.15,78.21,78.5518578433619,188007,21821,1216040.6238944137,1236606,89369,98638,9593,12228,Currency (USD/RUB),-0.9498480243161134,0.9498480243161134,1.009999999999991,1.2913949622810268,8.615874616195407,0.47534932209970904,0.024650677900290963,75.83632308736546,7,0,Monday
2025-07-08,USDRUBF,78.25,78.41,77.96,78.39,78.25017879338368,76071,10459,1235609.2706759728,1242964,38906,37165,5260,5199,Currency (USD/RUB),0.23014959723821615,0.23014959723821615,0.45000000000000284,0.5740528128587866,7.273257481594799,0.5114432569573162,0.011443256957316184,76.0108600795113,7,1,Tuesday
2025-07-09,USDRUBF,78.39,78.59,78.06,78.45,78.36191795846739,105877,13676,1228025.5291020765,1232084,60329,45548,7423,6253,Currency (USD/RUB),0.07654037504785105,0.07654037504785105,0.5300000000000011,0.6755895474824744,7.741810470897923,0.569802695580721,0.06980269558072105,76.06903907689325,7,2,Wednesday
2025-07-10,USDRUBF,78.45,78.46,77.75,77.89,78.10907395946155,94681,12926,1229944.2381247098,1234610,43972,50709,6015,6911,Currency (USD/RUB),-0.7138304652644978,0.7138304652644978,0.7099999999999937,0.9115419180896055,7.324849141265666,0.46442264023404906,0.035577359765950944,75.52603510132843,7,3,Thursday
2025-07-11,USDRUBF,77.89,79.1,77.76,78.97,78.46976626338126,133219,15787,1213289.4253499715,1226428,77769,55450,8652,7135,Currency (USD/RUB),1.3865708049813907,1.3865708049813907,1.3399999999999892,1.6968469038875384,8.438525368974473,0.5837680811295686,0.08376808112956857,76.57325705420344,7,4,Friday
2025-07-14,USDRUBF,79.01,79.14,78.22,78.4,78.5400695450594,120763,13804,1203642.8730802666,1212382,53108,67655,6750,7054,Currency (USD/RUB),-0.7217930859820143,0.7217930859820143,0.9200000000000017,1.1734693877551041,8.748406259055347,0.439770459495044,0.06022954050495599,76.02055657907496,7,0,Monday
2025-07-15,USDRUBF,78.4,78.4,78.06,78.31,78.18318899264524,78561,12101,1220092.253036939,1223732,36845,41716,4780,7321,Currency (USD/RUB),-0.1147959183673497,0.1147959183673497,0.3400000000000034,0.43417188098582987,6.492108090240476,0.46899861254311936,0.031001387456880636,75.93328808300204,7,1,Tuesday
2025-07-16,USDRUBF,78.26,78.3,78.01,78.21,78.14509202453988,92718,13366,1225866.6317522072,1229060,43374,49344,4972,8394,Currency (USD/RUB),-0.1276976120546669,0.1276976120546669,0.28999999999999204,0.37079657332820876,6.936854705970372,0.46780560408982075,0.03219439591017925,75.83632308736546,7,2,Wednesday
2025-07-17,USDRUBF,78.2,78.62,77.96,78.15,78.21570208941812,148403,13353,1252151.3999850221,1284482,95244,53159,7651,5702,Currency (USD/RUB),-0.07671653241272391,0.07671653241272391,0.6600000000000108,0.8445297504798601,11.113832097655957,0.6417929556680121,0.1417929556680121,75.77814408998353,7,3,Thursday
2025-07-18,USDRUBF,78.15,78.7,78.09,78.61,78.43007588532883,114313,15418,1315666.5188740434,1329838,71619,42694,9500,5918,Currency (USD/RUB),0.5886116442738176,0.5886116442738176,0.6099999999999994,0.775982699402111,7.414256064340381,0.6265166691452416,0.12651666914524162,76.22418306991176,7,4,Friday
2025-07-21,USDRUBF,78.61,78.65,78.05,78.14,78.21496249657815,82530,18265,1330407.3444292361,1335526,32951,49579,4874,13391,Currency (USD/RUB),-0.597888309375394,0.597888309375394,0.6000000000000085,0.7678525723061281,4.518477963317821,0.3992608748333939,0.1007391251666061,75.76844759041987,7,0,Monday
2025-07-22,USDRUBF,78.17,78.6,78.03,78.48,78.378220846511,112271,14861,1319873.2939909832,1332274,54366,57905,8460,6401,Currency (USD/RUB),0.43511645764013895,0.43511645764013895,0.5699999999999932,0.7262996941895937,7.554740596191373,0.4842390287785804,0.015760971221419617,76.09812857558423,7,1,Tuesday
2025-07-23,USDRUBF,78.42,78.75,78.32,78.5,78.53688231621663,98174,12814,1294459.8158264398,1309412,52743,45431,6834,5980,Currency (USD/RUB),0.02548419979611083,0.02548419979611083,0.4300000000000068,0.5477707006369513,7.661464023724052,0.5372400024446391,0.0372400024446391,76.11752157471153,7,2,Wednesday
2025-07-24,USDRUBF,78.48,79.75,78.41,79.22,79.13672220639893,172296,21066,1295703.0776606854,1306380,97736,74560,12099,8967,Currency (USD/RUB),0.9171974522292903,0.9171974522292903,1.3400000000000034,1.6914920474627664,8.178866419823413,0.5672563495380044,0.06725634953800441,76.81566954329487,7,3,Thursday
2025-07-25,USDRUBF,79.28,79.6,79.12,79.43,79.41479649728663,159982,16216,1333597.2851504686,1355306,80488,79494,7491,8725,Currency (USD/RUB),0.2650845746023922,0.2650845746023922,0.47999999999998977,0.6043056779554196,9.865688209176122,0.5031065994924429,0.003106599492442852,77.01929603413168,7,4,Friday
2025-07-28,USDRUBF,79.45,81.79,79.21,81.63,80.65840074998464,255573,32534,1329880.2430073153,1342984,146007,109566,18250,14284,Currency (USD/RUB),2.769734357295728,2.769734357295728,2.5800000000000125,3.160602719588402,7.855566484293354,0.5712927421910765,0.07129274219107651,79.15252593813634,7,0,Monday
2025-07-29,USDRUBF,81.59,82.78,81.41,82.37,82.15766585004191,289910,31022,1314269.4100315904,1332568,138747,151163,15190,15832,Currency (USD/RUB),0.9065294622075282,0.9065294622075282,1.3700000000000045,1.66322690299867,9.345303333118432,0.4785864578662343,0.021413542133765673,79.870066905847,7,1,Tuesday
2025-07-30,USDRUBF,82.41,82.62,80.95,81.34,81.60121108524878,274370,27496,1332102.0694646493,1346456,119242,155128,12604,14892,Currency (USD/RUB),-1.2504552628384125,1.2504552628384125,1.6700000000000017,2.0531104007868226,9.978542333430317,0.43460290848124794,0.06539709151875206,78.87132745079028,7,2,Wednesday
2025-07-31,USDRUBF,81.24,81.24,79.87,80.54,80.36773859976267,286756,35394,1361848.9941232977,1378176,131657,155099,16087,19307,Currency (USD/RUB),-0.9835259404966767,0.9835259404966767,1.3699999999999903,1.7010181276384282,8.101825168107588,0.45912552832373166,0.04087447167626834,78.09560748569767,7,3,Thursday
2025-08-01,USDRUBF,80.46,80.64,80.0,80.19,80.3334993006993,141894,17875,1369130.5066293706,1382234,64386,77508,8139,9736,Currency (USD/RUB),-0.4345666749441368,0.4345666749441368,0.6400000000000006,0.7981045018082062,7.938125874125874,0.45376125840416087,0.04623874159583913,77.75623000096965,8,4,Friday
2025-08-04,USDRUBF,80.2,80.34,79.75,79.9,79.93832614379085,103923,15300,1395901.2898039215,1403618,47533,56390,7220,8080,Currency (USD/RUB),-0.3616411023818378,0.3616411023818378,0.5900000000000034,0.7384230287859868,6.79235294117647,0.4573867190131155,0.042613280986884494,77.47503151362359,8,0,Monday
2025-08-05,USDRUBF,79.92,80.47,79.85,80.13,80.15674376753294,115450,18893,1398501.3155136823,1409098,58449,57001,9211,9682,Currency (USD/RUB),0.28785982478096717,0.28785982478096717,0.6200000000000045,0.7737426681642389,6.110728841369819,0.5062711130359463,0.006271113035946296,77.69805100358771,8,1,Tuesday
2025-08-06,USDRUBF,80.15,80.46,79.11,79.67,79.95661421186941,203512,30566,1403635.1623372375,1416738,98284,105228,15240,15326,Currency (USD/RUB),-0.5740671408960396,0.5740671408960396,1.3499999999999943,1.6944897703024906,6.658116861872669,0.48293958095837103,0.01706041904162897,77.25201202365946,8,2,Wednesday
2025-08-07,USDRUBF,79.67,79.84,79.32,79.57,79.62798941041785,140956,20964,1406080.5731730587,1424222,63201,77755,10807,10157,Currency (USD/RUB),-0.1255177607631608,0.1255177607631608,0.5200000000000102,0.6535126303883502,6.723716847929785,0.44837396066857743,0.05162603933142257,77.15504702802288,8,3,Thursday
2025-08-08,USDRUBF,79.64,80.5,79.39,80.14,80.05031795886757,197889,23242,1393502.3198519922,1401870,98824,99065,12449,10793,Currency (USD/RUB),0.7163503833103047,0.7163503833103047,1.1099999999999994,1.385076116795607,8.514284484984081,0.4993910727731203,0.0006089272268797186,77.70774750315137,8,4,Friday
2025-08-11,USDRUBF,80.0,80.13,79.61,79.89,79.87935594562492,129973,15154,1375806.3401082223,1393882,66400,63573,7556,7598,Currency (USD/RUB),-0.3119540803593668,0.3119540803593668,0.519999999999996,0.6508949805983177,8.57681140292992,0.5108753356466343,0.010875335646634343,77.46533501405993,8,0,Monday
2025-08-12,USDRUBF,79.89,80.08,79.65,79.78,79.88939758051332,99796,12234,1376854.7482426027,1384644,47405,52391,5670,6564,Currency (USD/RUB),-0.13768932281887913,0.13768932281887913,0.4299999999999926,0.5389822010528862,8.1572666339709,0.475019038839232,0.024980961160767978,77.3586735188597,8,1,Tuesday
2025-08-13,USDRUBF,79.78,80.19,79.73,80.11,79.93173016035134,77502,9791,1375577.3391890512,1382882,40347,37155,5361,4430,Currency (USD/RUB),0.4136375031336126,0.4136375031336126,0.45999999999999375,0.5742104606166443,7.915636809314677,0.5205930169544012,0.02059301695440119,77.67865800446039,8,2,Wednesday
2025-08-14,USDRUBF,80.11,80.76,79.83,80.44,80.16643948373502,130853,15186,1372097.7271170816,1379088,64969,65884,7975,7211,Currency (USD/RUB),0.4119335913119526,0.4119335913119526,0.9300000000000068,1.1561412232720125,8.616686421704202,0.4965037102703033,0.0034962897296966777,77.99864249006109,8,3,Thursday
2025-08-15,USDRUBF,80.4,80.49,80.08,80.19,80.24168904528197,77809,10799,1380390.6095008797,1385322,35643,42166,5220,5579,Currency (USD/RUB),-0.3107906514172032,0.3107906514172032,0.4099999999999966,0.5112856964708774,7.205204185572738,0.45808325515043247,0.04191674484956753,77.75623000096965,8,4,Friday
2025-08-18,USDRUBF,80.3,80.99,80.3,80.74,80.68019935777362,122785,14948,1375125.532780305,1380482,61455,61330,7774,7174,Currency (USD/RUB),0.6858710562414272,0.6858710562414272,0.6899999999999977,0.8545949962843669,8.214142360181965,0.5005090198314126,0.0005090198314126049,78.28953747697082,8,0,Monday
2025-08-19,USDRUBF,80.76,80.91,80.45,80.67,80.64686191404594,73382,11797,1382753.139950835,1391852,34642,38740,5191,6606,Currency (USD/RUB),-0.08669804310130758,0.08669804310130758,0.45999999999999375,0.5702243708937569,6.220395015681953,0.47207762121501184,0.027922378784988156,78.22166198002522,8,1,Tuesday
2025-08-20,USDRUBF,80.67,80.72,80.22,80.37,80.39076923076924,79605,13065,1390654.739380023,1394390,39872,39733,5304,7761,Currency (USD/RUB),-0.37188545927854255,0.37188545927854255,0.5,0.6221226825930073,6.092996555683123,0.5008730607373909,0.0008730607373909072,77.9307669931155,8,2,Wednesday
2025-08-21,USDRUBF,80.44,80.67,80.33,80.62,80.47729407014306,116780,17336,1394525.4642362713,1401614,50308,66472,9541,7795,Currency (USD/RUB),0.31106134129650354,0.31106134129650354,0.3400000000000034,0.42173158025304314,6.736271342870328,0.4307929439972598,0.06920705600274019,78.17317948220693,8,3,Thursday
2025-08-22,USDRUBF,80.64,81.03,80.52,80.69,80.78088909990504,171108,20009,1398450.3480433805,1416992,77690,93418,10926,9083,Currency (USD/RUB),0.08682709005207734,0.08682709005207734,0.5100000000000051,0.6320485809889765,8.55155180168924,0.45404072281833696,0.04595927718166304,78.24105497915252,8,4,Friday
2025-08-25,USDRUBF,80.68,80.95,79.86,80.04,80.39855525938077,253707,24385,1453813.961943818,1490668,88768,164939,10408,13977,Currency (USD/RUB),-0.8055521130251431,0.8055521130251431,1.0900000000000034,1.3618190904547767,10.404223908140251,0.3498839212162061,0.1501160787837939,77.6107825075148,8,0,Monday
2025-08-26,USDRUBF,80.07,80.66,79.98,80.5,80.36049400859146,130365,17692,1489334.5484964957,1511720,59134,71231,9572,8120,Currency (USD/RUB),0.5747126436781436,0.5747126436781436,0.6799999999999926,0.8447204968944009,7.368584671037757,0.4536033444559506,0.046396655544049425,78.05682148744305,8,1,Tuesday
2025-08-27,USDRUBF,80.51,80.82,80.21,80.61,80.50976246023329,123975,14145,1495036.642347119,1512594,59476,64499,6902,7243,Currency (USD/RUB),0.13664596273292862,0.13664596273292862,0.6099999999999994,0.7567299342513328,8.76458112407211,0.4797418834442428,0.02025811655575721,78.16348298264327,8,2,Wednesday
2025-08-28,USDRUBF,80.56,80.69,80.16,80.42,80.38212087912088,100274,11830,1483733.9053254437,1487898,50712,49562,5963,5867,Currency (USD/RUB),-0.23570276640615395,0.23570276640615395,0.5300000000000011,0.6590400397910982,8.476246830092984,0.5057342880507409,0.005734288050740943,77.97924949093378,8,3,Thursday
2025-08-29,USDRUBF,80.43,80.65,80.27,80.4,80.50747870909905,118981,13386,1474863.5492305395,1483736,55016,63965,5636,7750,Currency (USD/RUB),-0.024869435463814593,0.024869435463814593,0.38000000000000966,0.47263681592041,8.888465561033916,0.46239315520965535,0.03760684479034465,77.95985649180646,8,4,Friday
2025-09-01,USDRUBF,80.4,80.56,79.94,80.06,80.32710600963125,146470,15159,1469976.8211623458,1480666,64160,82310,5934,9225,Currency (USD/RUB),-0.4228855721393088,0.4228855721393088,0.6200000000000045,0.7744191856107976,9.662246850056071,0.43804191984706764,0.06195808015293236,77.6301755066421,9,0,Monday
2025-09-02,USDRUBF,80.1,80.67,80.03,80.55,80.48443295019158,105427,10440,1437854.3400383142,1448642,58353,47074,5500,4940,Currency (USD/RUB),0.6120409692730311,0.6120409692730311,0.6400000000000006,0.7945375543140913,10.098371647509579,0.553491989718004,0.05349198971800395,78.10530398526132,9,1,Tuesday
2025-09-03,USDRUBF,80.5,81.07,80.49,80.89,80.85425909878683,116183,11540,1422064.1516464471,1431320,59712,56471,6464,5076,Currency (USD/RUB),0.4220980757293713,0.4220980757293713,0.5799999999999983,0.7170231178143136,10.06785095320624,0.5139478236919343,0.013947823691934258,78.43498497042567,9,2,Wednesday
2025-09-04,USDRUBF,80.93,81.49,80.88,81.39,81.26943769379032,121803,11933,1421100.7408028156,1433308,65190,56613,6514,5419,Currency (USD/RUB),0.6181233774261274,0.6181233774261274,0.6099999999999994,0.7494778228283566,10.207240425710216,0.535208492401665,0.035208492401665015,78.91980994860856,9,3,Thursday
2025-09-05,USDRUBF,81.39,81.74,81.25,81.71,81.57831727919384,158637,13496,1403392.7830468286,1425164,79586,79051,6579,6917,Currency (USD/RUB),0.393168693942747,0.393168693942747,0.4899999999999949,0.5996818014930791,11.75437166567872,0.501686239654053,0.0016862396540530122,79.2300979346456,9,4,Friday
2025-09-08,USDRUBF,81.71,83.19,81.67,83.17,82.49638116559542,322218,27694,1382142.840181989,1394716,172566,149652,14346,13348,Currency (USD/RUB),1.7868070003671521,1.7868070003671521,1.519999999999996,1.8275820608392401,11.634938975951469,0.5355566728115748,0.03555667281157482,80.64578687093959,9,0,Monday
2025-09-09,USDRUBF,83.19,84.19,83.14,84.04,83.76786675715418,390460,35364,1358610.7414885194,1390520,195743,194717,20596,14768,Currency (USD/RUB),1.046050258506681,1.046050258506681,1.0499999999999972,1.2494050452165602,11.04117181314331,0.5013138349638887,0.0013138349638887048,81.4893823329778,9,1,Tuesday
2025-09-10,USDRUBF,84.05,85.44,84.05,85.3,84.86210182171206,318537,35022,1354690.6923076923,1369892,157364,161173,16179,18843,Currency (USD/RUB),1.499286054259863,1.499286054259863,1.3900000000000006,1.629542790152404,9.095340071954771,0.4940211027290393,0.005978897270960681,82.71114127799865,9,2,Wednesday
2025-09-11,USDRUBF,85.38,85.98,84.6,85.33,85.32717558054009,470325,47585,1355505.8239361143,1369922,234355,235970,25971,21614,Currency (USD/RUB),0.03516998827666207,0.03516998827666207,1.3800000000000097,1.6172506738544585,9.883891982767679,0.4982831021102429,0.0017168978897570963,82.74023077668961,9,3,Thursday
2025-09-12,USDRUBF,85.33,85.69,83.97,84.19,84.57917882976805,449626,38847,1352276.9579632918,1384442,186834,262792,17367,21480,Currency (USD/RUB),-1.33598968709715,1.33598968709715,1.7199999999999989,2.0429979807578085,11.574278580070533,0.4155320199454658,0.08446798005453421,81.63482982643266,9,4,Friday
2025-09-15,USDRUBF,84.09,84.2,82.65,82.89,83.15026560644054,294113,30308,1411852.9377722053,1446536,134192,159921,14041,16267,Currency (USD/RUB),-1.5441263808053218,1.5441263808053218,1.5499999999999972,1.8699481240197817,9.704137521446484,0.4562600089081407,0.043739991091859276,80.37428488315719,9,0,Monday
2025-09-16,USDRUBF,82.79,83.62,82.39,83.22,83.06129757923236,253462,25116,1443942.9941073419,1452462,129306,124156,13298,11818,Currency (USD/RUB),0.3981179876945351,0.3981179876945351,1.230000000000004,1.478010093727474,10.091654722089505,0.5101593138221903,0.010159313822190263,80.69426936875787,9,1,Tuesday
2025-09-17,USDRUBF,83.27,83.82,83.19,83.7,83.43506139723415,160006,16776,1463514.7315212209,1468790,75787,84219,8393,8383,Currency (USD/RUB),0.5767844268204758,0.5767844268204758,0.6299999999999955,0.7526881720430053,9.537792083929423,0.4736509880879467,0.0263490119120533,81.15970134781345,9,2,Wednesday
2025-09-18,USDRUBF,83.8,83.87,83.17,83.62,83.47162641131915,231973,20991,1496925.320375399,1511446,122030,109943,11419,9572,Currency (USD/RUB),-0.09557945041815952,0.09557945041815952,0.7000000000000028,0.8371203061468581,11.051069505978752,0.5260526009492484,0.02605260094924844,81.08212935130419,9,3,Thursday
2025-09-19,USDRUBF,83.62,83.94,83.46,83.73,83.71534334320546,157797,14519,1500860.8289827122,1507608,83017,74780,7672,6847,Currency (USD/RUB),0.13154747668022715,0.13154747668022715,0.480000000000004,0.5732712289502018,10.868310489703148,0.5260999892266647,0.026099989226664677,81.18879084650442,9,4,Friday
2025-09-22,USDRUBF,83.75,84.1,83.56,83.95,83.83814005228322,205180,17979,1499475.446020357,1510426,98147,107033,7609,10370,Currency (USD/RUB),0.26274931326883966,0.26274931326883966,0.539999999999992,0.643240023823695,11.41220312586907,0.47834584267472463,0.02165415732527537,81.40211383690489,9,0,Monday
2025-09-23,USDRUBF,83.98,84.36,83.44,84.25,83.86399942578238,219925,20898,1505011.8553928605,1520404,106972,112953,10815,10083,Currency (USD/RUB),0.3573555687909513,0.3573555687909513,0.9200000000000017,1.0919881305638002,10.52373432864389,0.4864021825622371,0.013597817437762894,81.69300882381461,9,1,Tuesday
2025-09-24,USDRUBF,84.26,84.41,83.64,83.85,83.9279512221155,202462,18738,1512656.6409435372,1540944,96434,106028,8325,10413,Currency (USD/RUB),-0.47477744807122857,0.47477744807122857,0.769999999999996,0.9183064997018437,10.80488846194898,0.4763066649544112,0.023693335045588793,81.3051488412683,9,2,Wednesday
2025-09-25,USDRUBF,83.87,84.28,83.68,83.99,84.0361097788436,172676,15012,1536228.9363176126,1555118,83323,89353,7350,7662,Currency (USD/RUB),0.16696481812761288,0.16696481812761288,0.5999999999999943,0.7143707584236152,11.502531308286704,0.4825395538465102,0.017460446153489795,81.44089983515951,9,3,Thursday
2025-09-26,USDRUBF,84.0,84.09,83.27,83.51,83.67100702344445,182248,20218,1557785.048471659,1575070,84830,97418,9044,11174,Currency (USD/RUB),-0.571496606738886,0.571496606738886,0.8200000000000074,0.9819183331337652,9.014145810663765,0.4654646415872877,0.034535358412712325,80.97546785610396,9,4,Friday
2025-09-29,USDRUBF,83.45,83.56,82.75,83.01,83.09792457505327,169153,20179,1584969.3770751772,1591248,76753,92400,8919,11260,Currency (USD/RUB),-0.5987306909352119,0.5987306909352119,0.8100000000000023,0.9757860498735119,8.382625501759255,0.4537489728234202,0.046251027176579806,80.49064287792108,9,0,Monday
2025-09-30,USDRUBF,83.05,83.22,82.09,82.36,82.54360787340795,257080,25910,1595219.1966036279,1606040,117288,139792,11539,14371,Currency (USD/RUB),-0.7830381881701043,0.7830381881701043,1.1299999999999955,1.3720252549781393,9.922037823234273,0.4562315232612416,0.04376847673875839,79.86037040628334,9,1,Tuesday
2025-10-01,USDRUBF,82.37,82.55,80.95,81.25,81.52413776113521,292357,30444,1607245.7844567073,1621278,130368,161989,14229,16215,Currency (USD/RUB),-1.3477416221466698,1.3477416221466698,1.5999999999999943,1.9692307692307625,9.603107344632768,0.4459205697144245,0.05407943028557549,78.78405895471735,10,2,Wednesday
2025-10-02,USDRUBF,81.25,81.71,80.8,81.19,81.2319806929182,235044,26208,1612731.0141941393,1616946,115308,119736,12228,13980,Currency (USD/RUB),-0.07384615384615767,0.07384615384615767,0.9099999999999966,1.1208276881389292,8.968406593406593,0.4905804870577424,0.009419512942257624,78.7258799573354,10,3,Thursday
2025-10-03,USDRUBF,81.24,82.87,81.14,82.67,82.16329721638094,286145,28057,1609256.8707987312,1619224,144991,141154,14888,13169,Currency (USD/RUB),1.8228845916984815,1.8228845916984815,1.730000000000004,2.0926575541308865,10.198702641052144,0.5067046427510528,0.006704642751052758,80.16096189275672,10,4,Friday
2025-10-06,USDRUBF,82.66,83.32,82.41,82.5,82.94574625932565,242860,23993,1588154.2586587754,1599608,127663,115197,12273,11720,Currency (USD/RUB),-0.20563686948107396,0.20563686948107396,0.9099999999999966,1.103030303030299,10.122118951360813,0.5256649921765626,0.025664992176562595,79.99612140017453,10,0,Monday
2025-10-07,USDRUBF,82.57,82.57,81.63,82.23,82.02612858290918,202080,18665,1610501.0061612644,1617656,95932,106148,9112,9553,Currency (USD/RUB),-0.3272727272727205,0.3272727272727205,0.9399999999999977,1.1431351088410528,10.826680953656577,0.47472288202692003,0.025277117973079966,79.73431591195579,10,1,Tuesday
2025-10-08,USDRUBF,82.24,82.31,81.1,81.24,81.62827083592875,223970,24081,1610064.916739338,1618972,107982,115988,12138,11943,Currency (USD/RUB),-1.2039401678219708,1.2039401678219708,1.210000000000008,1.4894140817331463,9.30069349279515,0.48212707058981114,0.017872929410188865,78.77436245515369,10,2,Wednesday
2025-10-09,USDRUBF,81.3,81.83,81.12,81.54,81.53966625601971,176112,17858,1626762.1581364095,1633774,91997,84115,9717,8141,Currency (USD/RUB),0.36927621861153614,0.36927621861153614,0.7099999999999937,0.8707382879568232,9.861798633665584,0.5223778050331607,0.02237780503316067,79.06525744206343,10,3,Thursday
2025-10-10,USDRUBF,81.62,82.02,81.1,81.72,81.53828323313294,135278,14970,1626802.67254509,1632238,65800,69478,7537,7433,Currency (USD/RUB),0.22075055187638082,0.22075055187638082,0.9200000000000017,1.1257953989231544,9.036606546426185,0.48640577181803396,0.01359422818196604,79.23979443420926,10,4,Friday
2025-10-13,USDRUBF,81.68,81.71,80.13,80.32,80.78123508977525,201896,23893,1625074.2882852717,1647976,98626,103270,10925,12968,Currency (USD/RUB),-1.7131669114048065,1.7131669114048065,1.5799999999999983,1.9671314741035835,8.450006277989369,0.4884990292031541,0.011500970796845922,77.8822844952972,10,0,Monday
2025-10-14,USDRUBF,80.33,80.38,79.51,79.78,79.92376172607881,197903,23452,1633611.6799420093,1645364,100242,97661,11821,11631,Currency (USD/RUB),-0.6723107569721054,0.6723107569721054,0.8699999999999903,1.0904988718977067,8.438640627665018,0.5065208713359575,0.006520871335957468,77.3586735188597,10,1,Tuesday
2025-10-15,USDRUBF,79.75,79.75,78.44,78.55,78.93841706161136,252643,27430,1622820.8759752095,1635736,109430,143213,12410,15020,Currency (USD/RUB),-1.5417397844071257,1.5417397844071257,1.3100000000000023,1.6677275620623835,9.21046299671892,0.4331408350914136,0.0668591649085864,76.16600407252982,10,2,Wednesday
2025-10-16,USDRUBF,78.55,80.67,78.02,80.28,79.64301634012234,382947,38739,1608048.1124964505,1630198,188031,194916,20252,18487,Currency (USD/RUB),2.2024188415022294,2.2024188415022294,2.6500000000000057,3.300946686596918,9.885309378146054,0.4910105053701948,0.008989494629805195,77.84349849704257,10,3,Thursday
2025-10-17,USDRUBF,80.27,81.98,80.01,81.55,81.2990781925826,307450,32599,1597748.2284119145,1603928,157655,149795,17439,15160,Currency (USD/RUB),1.581963129048325,1.581963129048325,1.9699999999999989,2.4156958920907403,9.431270897880303,0.5127825662709383,0.012782566270938323,79.07495394162707,10,4,Friday
2025-10-20,USDRUBF,81.5,81.73,80.8,81.0,81.14358539703584,189243,21119,1597991.99412851,1605606,88539,100704,9847,11272,Currency (USD/RUB),-0.6744328632740659,0.6744328632740659,0.9300000000000068,1.1481481481481566,8.960793598181732,0.4678587847370841,0.03214121526291591,78.54164646562592,10,0,Monday
2025-10-21,USDRUBF,81.05,81.99,80.77,81.69,81.51201483312731,216007,23461,1603101.8278845744,1616626,115239,100768,13225,10236,Currency (USD/RUB),0.8518518518518592,0.8518518518518592,1.2199999999999989,1.4934508507773276,9.207067047440432,0.5334965996472336,0.033496599647233616,79.21070493551828,10,1,Tuesday
2025-10-22,USDRUBF,81.62,82.59,81.29,81.79,81.89104296285387,256381,27163,1611283.2044325,1633562,122904,133477,13666,13497,Currency (USD/RUB),0.12241400416208581,0.12241400416208581,1.2999999999999972,1.5894363614133722,9.43861134631668,0.479380297291921,0.020619702708079002,79.30766993115486,10,2,Wednesday
2025-10-23,USDRUBF,81.8,82.16,81.21,81.59,81.57831038332714,200574,21496,1630671.7326014142,1638472,93375,107199,10732,10764,Currency (USD/RUB),-0.24452867098667674,0.24452867098667674,0.9500000000000028,1.1643583772521175,9.330759211016003,0.465538903347393,0.03446109665260699,79.11373993988171,10,3,Thursday
2025-10-24,USDRUBF,81.59,81.85,79.79,79.95,80.66918705505641,300342,32167,1632526.7828519912,1655590,140888,159454,15088,17079,Currency (USD/RUB),-2.010050251256279,2.010050251256279,2.059999999999988,2.576610381488415,9.336960238754003,0.46909190189850236,0.03090809810149764,77.52351401144188,10,4,Friday
2025-10-27,USDRUBF,80.03,80.18,78.98,79.95,79.46047453337552,229550,25288,1665857.5830433408,1674262,113969,115581,13063,12225,Currency (USD/RUB),0.0,0.0,1.2000000000000028,1.5009380863039434,9.077428029104714,0.4964887824003485,0.003511217599651506,77.52351401144188,10,0,Monday
2025-10-28,USDRUBF,79.95,80.4,79.39,79.74,79.79955430469687,189851,21674,1651359.6967795515,1662066,95289,94562,10739,10935,Currency (USD/RUB),-0.2626641651031991,0.2626641651031991,1.0100000000000051,1.266616503636826,8.75938912983298,0.5019146593907854,0.0019146593907853893,77.31988752060505,10,1,Tuesday
2025-10-29,USDRUBF,79.8,80.23,79.43,80.15,79.88526338352713,166072,18661,1657365.366807781,1664258,83656,82416,10226,8435,Currency (USD/RUB),0.5141710559317891,0.5141710559317891,0.7999999999999972,0.998128509045536,8.899415894110712,0.5037333204874994,0.003733320487499414,77.71744400271503,10,2,Wednesday
2025-10-30,USDRUBF,80.11,81.51,80.06,80.94,80.68828220858896,161999,20049,1645304.9335128935,1663638,87436,74563,10589,9460,Currency (USD/RUB),0.9856519026824495,0.9856519026824495,1.4500000000000028,1.7914504571287408,8.080153623622126,0.5397317267390539,0.039731726739053896,78.48346746824396,10,3,Thursday
2025-10-31,USDRUBF,80.94,81.33,80.51,80.68,80.91546497523501,167744,19786,1635777.2716061862,1642214,77260,90484,8890,10896,Currency (USD/RUB),-0.32122559920928495,0.32122559920928495,0.8199999999999932,1.0163609320773341,8.477913676336804,0.4605827928271652,0.03941720717283481,78.23135847958888,10,4,Friday
2025-11-01,USDRUBF,80.65,81.14,80.15,80.89,80.67512038650403,116100,12626,1623225.4319657849,1631934,56808,59292,6051,6575,Currency (USD/RUB),0.26028755577589546,0.26028755577589546,0.9899999999999949,1.2238842873037397,9.19531126247426,0.48930232558139536,0.010697674418604641,78.43498497042567,11,5,Saturday
2025-11-03,USDRUBF,80.88,81.08,79.96,80.21,80.4168622579001,130460,15696,1616734.628058104,1630710,61738,68722,7079,8617,Currency (USD/RUB),-0.8406477932995537,0.8406477932995537,1.1200000000000045,1.396334621618258,8.311671763506626,0.47323317491951555,0.026766825080484447,77.77562300009696,11,0,Monday
2025-11-05,USDRUBF,80.15,81.88,80.11,81.69,81.29117990231549,191551,22112,1606234.8065303906,1630710,98203,93348,12603,9509,Currency (USD/RUB),1.8451564642812723,1.8451564642812723,1.769999999999996,2.166727873668743,8.662762301013025,0.5126728651899494,0.012672865189949367,79.21070493551828,11,2,Wednesday
2025-11-06,USDRUBF,81.71,81.91,81.03,81.45,81.41821044652701,139365,14512,1575947.506615215,1590152,61710,77655,6837,7675,Currency (USD/RUB),-0.2937936099889793,0.2937936099889793,0.8799999999999955,1.0804174340085886,9.603431642778391,0.4427941018189646,0.057205898181035386,78.9779889459905,11,3,Thursday
2025-11-07,USDRUBF,81.45,81.68,80.9,81.11,81.23316803795122,114285,13491,1565565.985323549,1573346,49865,64420,6349,7142,Currency (USD/RUB),-0.41743400859423074,0.41743400859423074,0.7800000000000011,0.9616570090001247,8.471203024238381,0.4363214770092313,0.0636785229907687,78.64830796082614,11,4,Friday
2025-11-10,USDRUBF,81.12,81.73,80.94,81.42,81.38439839201553,111143,14428,1571286.509841974,1579020,52290,58853,7548,6880,Currency (USD/RUB),0.3821970163974786,0.3821970163974786,0.7900000000000063,0.9702775730778755,7.703285278624896,0.4704749736825531,0.029525026317446912,78.94889944729952,11,0,Monday
2025-11-11,USDRUBF,81.44,82.02,80.85,81.15,81.39293899499351,143005,16179,1565933.5745101676,1578622,71514,71491,8504,7675,Currency (USD/RUB),-0.3316138540898961,0.3316138540898961,1.1700000000000017,1.4417744916820723,8.838927004141171,0.5000804167686445,8.041676864445346e-05,78.68709395908078,11,1,Tuesday
2025-11-12,USDRUBF,81.16,81.45,80.98,81.06,81.19814894802842,120258,14354,1578031.907203567,1584508,61920,58338,7600,6754,Currency (USD/RUB),-0.11090573012939586,0.11090573012939586,0.46999999999999886,0.5798174191956561,8.378013097394454,0.5148929800928005,0.01489298009280049,78.59982546300786,11,2,Wednesday
2025-11-13,USDRUBF,81.08,81.15,80.46,81.07,80.75257990980722,185111,20179,1588593.2229545568,1598674,77476,107635,8984,11195,Currency (USD/RUB),0.012336540833945975,0.012336540833945975,0.6900000000000119,0.8511163192303096,9.17344764358987,0.41853806634937957,0.08146193365062043,78.6095219625715,11,3,Thursday
2025-11-14,USDRUBF,81.14,81.75,80.98,81.22,81.28653783653213,197348,22769,1578715.2394044534,1591526,96715,100633,11867,10902,Currency (USD/RUB),0.18502528678920882,0.18502528678920882,0.769999999999996,0.9480423540999705,8.66739865606746,0.4900733729249853,0.009926627075014682,78.75496945602637,11,4,Friday
2025-11-17,USDRUBF,81.24,81.7,80.93,81.28,81.28152114054946,136434,16343,1574068.9121948234,1581390,70981,65453,8712,7631,Currency (USD/RUB),0.07387343018960824,0.07387343018960824,0.769999999999996,0.9473425196850344,8.348161292296396,0.5202588797513816,0.02025887975138163,78.81314845340832,11,0,Monday
2025-11-18,USDRUBF,81.28,81.49,81.03,81.36,81.26959058967309,122504,13092,1560742.0067216621,1574012,63180,59324,6797,6295,Currency (USD/RUB),0.09842519685039353,0.09842519685039353,0.45999999999999375,0.5653883972467967,9.35716468072105,0.5157382616077842,0.015738261607784243,78.89072044991758,11,1,Tuesday
2025-11-19,USDRUBF,81.39,81.39,80.46,80.77,80.86646476895584,122989,15668,1577887.9495787593,1583036,63375,59614,7231,8437,Currency (USD/RUB),-0.7251720747295964,0.7251720747295964,0.9300000000000068,1.1514176055466223,7.849693643094205,0.5152899852832367,0.015289985283236662,78.31862697566179,11,2,Wednesday
2025-11-20,USDRUBF,80.77,80.99,79.65,79.65,80.28667448943925,157654,20027,1582663.2975483097,1591846,75123,82531,9514,10513,Currency (USD/RUB),-1.3866534604432212,1.3866534604432212,1.3399999999999892,1.6823603264281093,7.872072701852499,0.47650551207073716,0.02349448792926284,77.23261902453216,11,3,Thursday
2025-11-21,USDRUBF,79.7,79.88,78.77,79.25,79.18297297297298,201786,23273,1598525.682206849,1610418,103779,98007,11751,11522,Currency (USD/RUB),-0.5021971123666091,0.5021971123666091,1.1099999999999994,1.4006309148264977,8.670390581360374,0.5143022806339389,0.014302280633938902,76.84475904198584,11,4,Friday
2025-11-24,USDRUBF,79.25,79.4,78.53,78.78,78.86267604229003,173370,20052,1601167.415818871,1615600,88440,84930,9997,10055,Currency (USD/RUB),-0.5930599369085132,0.5930599369085132,0.8700000000000045,1.1043412033511102,8.646020347097547,0.5101228586260599,0.010122858626059883,76.38902356249395,11,0,Monday
2025-11-25,USDRUBF,78.77,79.5,78.48,79.02,79.03159969852561,174625,21229,1610056.0237411088,1616202,85405,89220,10948,10281,Currency (USD/RUB),0.30464584920029125,0.30464584920029125,1.019999999999996,1.2908124525436548,8.225776061048565,0.48907659269863996,0.010923407301360044,76.62173955202172,11,1,Tuesday
2025-11-26,USDRUBF,78.95,79.1,78.52,78.7,78.75552826086957,114416,13800,1626043.852173913,1633826,53259,61157,6869,6931,Currency (USD/RUB),-0.40496076942545534,0.40496076942545534,0.5799999999999983,0.7369758576874184,8.291014492753623,0.4654855964200811,0.03451440357991892,76.31145156598468,11,2,Wednesday
2025-11-27,USDRUBF,78.66,78.84,78.22,78.37,78.47240953475014,142381,17410,1628843.6500861575,1635218,73201,69180,9038,8372,Currency (USD/RUB),-0.4193138500635296,0.4193138500635296,0.6200000000000045,0.791119050657145,8.178116025272832,0.5141205638392763,0.01412056383927629,75.99146708038398,11,3,Thursday
2025-11-28,USDRUBF,78.29,78.75,77.37,77.43,77.98165202036793,202376,24352,1629511.1498028908,1635240,99073,103303,11988,12364,Currency (USD/RUB),-1.1994385606737268,1.1994385606737268,1.3799999999999955,1.7822549399457515,8.310446780551905,0.4895491560264063,0.010450843973593693,75.07999612140019,11,4,Friday
2025-12-01,USDRUBF,77.44,78.03,77.34,77.53,77.70661104050396,200797,18097,1630147.2693816654,1644112,104943,95854,9384,8713,Currency (USD/RUB),0.12914890869171192,0.12914890869171192,0.6899999999999977,0.8899780730039955,11.095595955130685,0.522632310243679,0.022632310243678955,75.17696111703675,12,0,Monday
2025-12-02,USDRUBF,77.56,78.28,77.2,77.8,77.60068067033976,155684,17424,1597480.1548438934,1606672,77057,78627,8832,8592,Currency (USD/RUB),0.3482522894363349,0.3482522894363349,1.0799999999999983,1.3881748071979414,8.935032139577594,0.49495773489889777,0.005042265101102228,75.43876660525551,12,1,Tuesday
2025-12-03,USDRUBF,77.85,78.28,76.68,76.94,77.41375369418242,232634,24701,1580690.284360957,1590152,113165,119469,11558,13143,Currency (USD/RUB),-1.1053984575835507,1.1053984575835507,1.5999999999999943,2.0795425006498496,9.417999271284563,0.48645081974259996,0.01354918025740004,74.60486764278096,12,2,Wednesday
2025-12-04,USDRUBF,76.9,77.25,75.55,75.82,76.53287700699086,333959,39051,1594526.7469719085,1609928,155112,178847,19101,19950,Currency (USD/RUB),-1.455679750454908,1.455679750454908,1.7000000000000028,2.2421524663677173,8.551868069959797,0.4644642006952949,0.035535799304705074,73.5188596916513,12,3,Thursday
2025-12-05,USDRUBF,75.89,77.23,75.34,76.89,76.39541972595052,391215,42766,1582572.147968012,1618562,187237,203978,22089,20677,Currency (USD/RUB),1.4112371405961666,1.4112371405961666,1.8900000000000006,2.4580569644947334,9.147804330542955,0.4786038367649502,0.02139616323504978,74.55638514496266,12,4,Friday
2025-12-08,USDRUBF,76.7,77.4,76.44,76.95,76.85067981993389,255996,28434,1554818.9981008652,1598048,121634,134362,13531,14903,Currency (USD/RUB),0.07803355442841386,0.07803355442841386,0.960000000000008,1.247563352826521,9.003165224730957,0.47514023656619636,0.02485976343380364,74.61456414234462,12,0,Monday
2025-12-09,USDRUBF,77.05,77.97,76.7,77.59,77.32912518314691,237594,27983,1611504.1721759639,1621738,116549,121045,14582,13401,Currency (USD/RUB),0.8317089018843316,0.8317089018843316,1.269999999999996,1.6368088671220467,8.49065504056034,0.4905384816114885,0.009461518388511503,75.2351401144187,12,1,Tuesday
2025-12-10,USDRUBF,77.59,79.39,77.49,79.08,78.3076598307395,302806,31549,1617283.879108688,1652522,150806,152000,16837,14712,Currency (USD/RUB),1.9203505606392612,1.9203505606392612,1.9000000000000057,2.4026302478502854,9.597958730863102,0.49802844065177043,0.001971559348229568,76.67991854940367,12,2,Wednesday
2025-12-11,USDRUBF,79.1,80.16,78.67,79.68,79.55235373740412,314244,33245,1593830.73959994,1605388,150123,164121,16149,17096,Currency (USD/RUB),0.758725341426425,0.758725341426425,1.4899999999999949,1.8699799196787084,9.45236877725974,0.4777274983770573,0.022272501622942698,77.26170852322312,12,3,Thursday
2025-12-12,USDRUBF,79.69,80.1,79.17,79.64,79.75404469716055,252378,27787,1573238.0598121423,1605098,113124,139254,13001,14786,Currency (USD/RUB),-0.05020080321286313,0.05020080321286313,0.9299999999999926,1.1677548970366558,9.082592579263684,0.44823241328483465,0.05176758671516535,77.2229225249685,12,4,Friday
2025-12-15,USDRUBF,79.77,79.95,79.2,79.71,79.56584526370446,245084,26962,1571514.892663749,1579714,123444,121640,13564,13398,Currency (USD/RUB),0.08789552988446303,0.08789552988446303,0.75,0.940910801656003,9.089978488242712,0.5036803708116401,0.003680370811640077,77.29079802191409,12,0,Monday
2025-12-16,USDRUBF,79.7,79.87,79.48,79.63,79.64483076071156,107434,14447,1557808.9599224753,1563106,48580,58854,6937,7510,Currency (USD/RUB),-0.10036381884330758,0.10036381884330758,0.39000000000000057,0.48976516388295943,7.436422786737731,0.4521845970549361,0.04781540294506392,77.21322602540482,12,1,Tuesday
2025-12-17,USDRUBF,79.64,80.94,79.59,80.6,80.42742470607183,281725,31045,1544377.7956514736,1561008,142058,139667,16191,14854,Currency (USD/RUB),1.2181338691447996,1.2181338691447996,1.3499999999999943,1.6749379652605387,9.07473023031084,0.5042434998668914,0.0042434998668914314,78.1537864830796,12,2,Wednesday
2025-12-18,USDRUBF,80.6,81.11,80.06,80.95,80.48103193533427,262872,30186,1549899.3819651494,1558974,122779,140093,15009,15177,Currency (USD/RUB),0.43424317617866137,0.43424317617866137,1.0499999999999972,1.2970969734403917,8.708407871198569,0.4670676222648285,0.03293237773517149,78.49316396780763,12,3,Thursday
2025-12-19,USDRUBF,80.97,81.6,79.79,80.02,80.69992198746228,411177,43070,1567204.3590898537,1590226,173778,237399,20375,22695,Currency (USD/RUB),-1.14885731933293,1.14885731933293,1.809999999999988,2.2619345163708924,9.546714650568841,0.42263550733625666,0.07736449266374334,77.59138950838748,12,4,Friday
2025-12-22,USDRUBF,79.87,80.08,78.47,78.7,79.15671950009387,358032,37287,1613261.8397296644,1647796,148226,209806,16083,21204,Currency (USD/RUB),-1.6495876030992118,1.6495876030992118,1.6099999999999994,2.045743329097839,9.602059699090836,0.41400210037091656,0.08599789962908344,76.31145156598468,12,0,Monday
2025-12-23,USDRUBF,78.7,78.97,78.09,78.48,78.51840730576322,300780,31701,1629998.472098672,1646986,130559,170221,13937,17764,Currency (USD/RUB),-0.27954256670902344,0.27954256670902344,0.8799999999999955,1.1213047910295557,9.488028768808555,0.43406808963361926,0.06593191036638074,76.09812857558423,12,1,Tuesday
2025-12-24,USDRUBF,78.48,79.41,78.26,78.61,78.78649027015015,281845,31501,1630394.00012698,1639468,135897,145948,16709,14792,Currency (USD/RUB),0.1656472986748092,0.1656472986748092,1.1499999999999915,1.4629182037908555,8.947176280118091,0.4821692774397275,0.017830722560272516,76.22418306991176,12,2,Wednesday
2025-12-25,USDRUBF,78.7,78.7,77.76,77.82,78.0975469976997,191431,25214,1647836.600777346,1664626,86935,104496,11644,13570,Currency (USD/RUB),-1.00496120086504,1.00496120086504,0.9399999999999977,1.207915702904135,7.592250337114302,0.45413229832158847,0.04586770167841153,75.45815960438281,12,3,Thursday
2025-12-26,USDRUBF,77.82,78.5,77.37,77.72,77.85638315600565,276851,31204,1628503.7357390078,1661234,151535,125316,15681,15523,Currency (USD/RUB),-0.1285016705217079,0.1285016705217079,1.1299999999999955,1.453937210499222,8.87229201384438,0.5473521858328126,0.04735218583281264,75.36119460874625,12,4,Friday
2025-12-29,USDRUBF,77.82,78.5,77.58,78.32,78.0814635841364,179367,21584,1615747.8250555967,1624000,93765,85602,11334,10250,Currency (USD/RUB),0.7720020586721388,0.7720020586721388,0.9200000000000017,1.1746680286006153,8.310183469236472,0.5227550218267575,0.022755021826757482,75.94298458256569,12,0,Monday
2025-12-30,USDRUBF,78.33,79.12,78.07,78.84,78.59290344261072,244887,26782,1596925.358599059,1610680,124014,120873,14232,12550,Currency (USD/RUB),0.6639427987742641,0.6639427987742641,1.0500000000000114,1.331811263318127,9.143715928608767,0.506413161988999,0.006413161988998994,76.44720255987589,12,1,Tuesday
